node_idx,string_id,gene,degree
0,9606.ENSP00000000233,ARF5,27
1,9606.ENSP00000000412,M6PR,4
2,9606.ENSP00000001008,FKBP4,32
3,9606.ENSP00000001146,CYP26B1,22
4,9606.ENSP00000002125,NDUFAF7,43
5,9606.ENSP00000002165,FUCA2,27
6,9606.ENSP00000002596,HS3ST1,32
7,9606.ENSP00000002829,SEMA3F,18
8,9606.ENSP00000003084,CFTR,12
9,9606.ENSP00000003100,CYP51A1,18
10,9606.ENSP00000003302,USP28,8
11,9606.ENSP00000004531,SLC7A2,87
12,9606.ENSP00000004982,HSPB6,15
13,9606.ENSP00000005178,PDK4,49
14,9606.ENSP00000005226,USH1C,28
15,9606.ENSP00000005257,RALA,29
16,9606.ENSP00000005260,BAIAP2L1,11
17,9606.ENSP00000005284,CACNG3,6
18,9606.ENSP00000005286,TMEM132A,4
19,9606.ENSP00000005340,DVL2,13
20,9606.ENSP00000005386,RPAP3,6
21,9606.ENSP00000005587,SKAP2,96
22,9606.ENSP00000006015,HOXA11,146
23,9606.ENSP00000006053,CX3CL1,17
24,9606.ENSP00000006275,TRAPPC6A,8
25,9606.ENSP00000006658,SPATA20,3
26,9606.ENSP00000007390,TSR3,8
27,9606.ENSP00000007414,OSBPL7,23
28,9606.ENSP00000007699,YBX2,7
29,9606.ENSP00000007735,KRT33A,24
30,9606.ENSP00000008391,TFAP2D,72
31,9606.ENSP00000008527,CRY1,48
32,9606.ENSP00000008938,PGLYRP1,14
33,9606.ENSP00000009041,STARD3NL,23
34,9606.ENSP00000009105,CAMK1G,39
35,9606.ENSP00000009530,CD74,14
36,9606.ENSP00000011292,CPA1,32
37,9606.ENSP00000011473,SYPL1,71
38,9606.ENSP00000011619,RANBP9,24
39,9606.ENSP00000011653,CD4,42
40,9606.ENSP00000011898,TSPAN9,11
41,9606.ENSP00000012049,QPCTL,203
42,9606.ENSP00000012443,PPP5C,89
43,9606.ENSP00000013070,UBR7,53
44,9606.ENSP00000013125,MAP4K5,74
45,9606.ENSP00000013222,INMT,176
46,9606.ENSP00000013807,ERCC1,435
47,9606.ENSP00000014914,GPRC5A,87
48,9606.ENSP00000014930,HEBP1,71
49,9606.ENSP00000016171,COX15,30
50,9606.ENSP00000016913,MS4A12,307
51,9606.ENSP00000016946,RGPD5,244
52,9606.ENSP00000017003,XYLT2,9
53,9606.ENSP00000019103,SCTR,66
54,9606.ENSP00000020926,SYT13,89
55,9606.ENSP00000020945,SNAI2,360
56,9606.ENSP00000023064,SLC7A9,17
57,9606.ENSP00000023939,RTF2,73
58,9606.ENSP00000025008,RB1CC1,24
59,9606.ENSP00000025301,AKAP11,31
60,9606.ENSP00000026218,PIGQ,63
61,9606.ENSP00000027335,CDH17,23
62,9606.ENSP00000029410,B4GALT7,18
63,9606.ENSP00000035307,CHPF2,92
64,9606.ENSP00000037243,GABARAPL2,51
65,9606.ENSP00000037502,MYOC,256
66,9606.ENSP00000039007,OTC,140
67,9606.ENSP00000040584,HOXC8,75
68,9606.ENSP00000040663,MRI1,136
69,9606.ENSP00000040738,BOD1L1,27
70,9606.ENSP00000040877,TARBP1,89
71,9606.ENSP00000043402,RTN4R,53
72,9606.ENSP00000044462,PSMA4,51
73,9606.ENSP00000045083,RIPOR3,81
74,9606.ENSP00000046087,ZPBP,8
75,9606.ENSP00000046794,LCP2,70
76,9606.ENSP00000052754,DCN,41
77,9606.ENSP00000053243,TNFRSF17,21
78,9606.ENSP00000053468,MRPS10,59
79,9606.ENSP00000053469,GUCA1A,72
80,9606.ENSP00000053867,GRN,23
81,9606.ENSP00000054650,THAP3,49
82,9606.ENSP00000054666,VAMP3,91
83,9606.ENSP00000054668,UTS2,117
84,9606.ENSP00000054950,RCN1,102
85,9606.ENSP00000055077,RFC2,88
86,9606.ENSP00000055335,PPP1R3F,51
87,9606.ENSP00000055682,NEXMIF,84
88,9606.ENSP00000056217,ARHGEF5,58
89,9606.ENSP00000056233,NFE2L3,84
90,9606.ENSP00000061240,TLL1,65
91,9606.ENSP00000064724,CLDN11,41
92,9606.ENSP00000064778,FAM168A,14
93,9606.ENSP00000064780,RELT,41
94,9606.ENSP00000070846,PKP2,40
95,9606.ENSP00000072644,YIPF1,20
96,9606.ENSP00000072869,ADCK2,69
97,9606.ENSP00000074304,INPP4A,22
98,9606.ENSP00000075120,SLC2A3,62
99,9606.ENSP00000075503,STYK1,37
100,9606.ENSP00000078429,GNA11,87
101,9606.ENSP00000078445,CREB3L3,158
102,9606.ENSP00000080059,HDAC7,145
103,9606.ENSP00000081029,MRPS35,48
104,9606.ENSP00000083182,APPBP2,93
105,9606.ENSP00000085068,ISOC2,159
106,9606.ENSP00000085219,CD22,57
107,9606.ENSP00000086933,GSC2,114
108,9606.ENSP00000155093,ZFY,63
109,9606.ENSP00000155840,KCNQ1,37
110,9606.ENSP00000155858,TRPM5,41
111,9606.ENSP00000155926,TRIB2,28
112,9606.ENSP00000156084,OTUD5,60
113,9606.ENSP00000156109,GPKOW,109
114,9606.ENSP00000156471,AQR,126
115,9606.ENSP00000156626,ST6GALNAC1,207
116,9606.ENSP00000157600,LMCD1,49
117,9606.ENSP00000157812,PSMC4,46
118,9606.ENSP00000158762,ACAP1,12
119,9606.ENSP00000158771,DERL2,129
120,9606.ENSP00000159060,NOX3,2
121,9606.ENSP00000159111,KDM4B,7
122,9606.ENSP00000160262,ICAM3,45
123,9606.ENSP00000160373,CTTNBP2,7
124,9606.ENSP00000160382,ACTL6B,15
125,9606.ENSP00000160827,KIF22,15
126,9606.ENSP00000161559,CEACAM1,1
127,9606.ENSP00000161863,YTHDC2,7
128,9606.ENSP00000162391,FOXJ2,15
129,9606.ENSP00000162749,TNFRSF1A,16
130,9606.ENSP00000163416,GOLGA5,8
131,9606.ENSP00000164024,CELSR3,7
132,9606.ENSP00000164133,PPP2R5B,31
133,9606.ENSP00000164139,PYGM,40
134,9606.ENSP00000164227,BCL3,24
135,9606.ENSP00000164305,PIGB,72
136,9606.ENSP00000165524,PRLH,26
137,9606.ENSP00000166139,FSTL3,27
138,9606.ENSP00000166244,EPHA8,28
139,9606.ENSP00000166345,TRIP13,72
140,9606.ENSP00000167106,VASH1,234
141,9606.ENSP00000167586,KRT14,27
142,9606.ENSP00000167588,KRT20,98
143,9606.ENSP00000168148,SPP2,22
144,9606.ENSP00000168216,HSD17B10,19
145,9606.ENSP00000168712,FGF4,5
146,9606.ENSP00000169298,ST6GAL1,22
147,9606.ENSP00000169551,TIMM21,4
148,9606.ENSP00000170150,BPIFB2,1
149,9606.ENSP00000170168,REXO1,26
150,9606.ENSP00000170447,MKRN2,53
151,9606.ENSP00000170564,GPATCH1,77
152,9606.ENSP00000171887,TNS1,51
153,9606.ENSP00000172229,NGFR,44
154,9606.ENSP00000173229,NTN1,119
155,9606.ENSP00000173527,ISOC1,253
156,9606.ENSP00000173898,TRO,13
157,9606.ENSP00000174618,MNT,3
158,9606.ENSP00000175091,LAPTM4A,10
159,9606.ENSP00000175756,PTPN18,10
160,9606.ENSP00000176183,DRD4,15
161,9606.ENSP00000176195,SCT,16
162,9606.ENSP00000176763,STK10,15
163,9606.ENSP00000177694,TBX21,53
164,9606.ENSP00000177742,MRPS34,23
165,9606.ENSP00000178638,CA12,6
166,9606.ENSP00000178640,MAP2K5,49
167,9606.ENSP00000179259,TIGAR,33
168,9606.ENSP00000180166,FGF20,51
169,9606.ENSP00000180173,MTMR7,7
170,9606.ENSP00000181383,CPB2,27
171,9606.ENSP00000181796,FAM107B,6
172,9606.ENSP00000181839,CDK13,23
173,9606.ENSP00000182290,TSPAN32,29
174,9606.ENSP00000182527,TRAM2,49
175,9606.ENSP00000184183,ROPN1,22
176,9606.ENSP00000184266,NDUFB4,11
177,9606.ENSP00000184956,HEATR6,102
178,9606.ENSP00000185150,ERLEC1,68
179,9606.ENSP00000185206,CLIC5,43
180,9606.ENSP00000186436,TMEM131,12
181,9606.ENSP00000188312,ACTR6,24
182,9606.ENSP00000188790,FAP,57
183,9606.ENSP00000192314,GAL3ST2,248
184,9606.ENSP00000193322,OSTM1,186
185,9606.ENSP00000193391,IMPG2,57
186,9606.ENSP00000194130,SLC13A1,13
187,9606.ENSP00000194214,HSPB11,54
188,9606.ENSP00000194530,STRADB,35
189,9606.ENSP00000196061,PLOD1,8
190,9606.ENSP00000196371,OXCT1,25
191,9606.ENSP00000198536,PILRA,52
192,9606.ENSP00000198767,RRN3,24
193,9606.ENSP00000198801,MOGAT2,16
194,9606.ENSP00000199280,AQP2,35
195,9606.ENSP00000199320,DIMT1,96
196,9606.ENSP00000199389,EIF2AK1,18
197,9606.ENSP00000199447,NME8,117
198,9606.ENSP00000199708,HBQ1,1
199,9606.ENSP00000199764,CEACAM6,438
200,9606.ENSP00000199814,RBM22,101
201,9606.ENSP00000199936,HSD17B2,43
202,9606.ENSP00000200135,ZW10,19
203,9606.ENSP00000200181,ITGB4,102
204,9606.ENSP00000200453,PPP1R15A,39
205,9606.ENSP00000200457,TRIP6,27
206,9606.ENSP00000200557,ADAM11,27
207,9606.ENSP00000200652,SLC22A4,15
208,9606.ENSP00000200676,CETP,34
209,9606.ENSP00000200691,MT3,17
210,9606.ENSP00000201031,TFAP2C,31
211,9606.ENSP00000201586,SULT2B1,34
212,9606.ENSP00000201647,EPS8L1,66
213,9606.ENSP00000202017,PDRG1,53
214,9606.ENSP00000202556,PPP1R13B,37
215,9606.ENSP00000202625,TGM6,32
216,9606.ENSP00000202677,RALGAPA2,21
217,9606.ENSP00000202816,ESF1,49
218,9606.ENSP00000202967,SIRT4,19
219,9606.ENSP00000203001,TRMT6,30
220,9606.ENSP00000203407,UQCRC1,54
221,9606.ENSP00000203556,GMIP,42
222,9606.ENSP00000203629,LAG3,57
223,9606.ENSP00000203630,MLF2,90
224,9606.ENSP00000203664,OTUB2,14
225,9606.ENSP00000204517,TFAP4,31
226,9606.ENSP00000204549,PDCD7,58
227,9606.ENSP00000204566,SPG21,9
228,9606.ENSP00000204604,CHRD,42
229,9606.ENSP00000204679,GNPTG,32
230,9606.ENSP00000204726,GOLGA3,41
231,9606.ENSP00000204961,EFNB1,44
232,9606.ENSP00000205061,GLG1,25
233,9606.ENSP00000205143,DLL3,27
234,9606.ENSP00000205194,NAT14,28
235,9606.ENSP00000205214,AASDH,14
236,9606.ENSP00000205402,DLD,31
237,9606.ENSP00000205557,ABCC6,117
238,9606.ENSP00000205636,CMTM6,47
239,9606.ENSP00000205948,APOH,55
240,9606.ENSP00000206262,RGS17,70
241,9606.ENSP00000206423,CCDC80,24
242,9606.ENSP00000206474,HAUS4,19
243,9606.ENSP00000206513,CEBPE,33
244,9606.ENSP00000206542,OSGEP,20
245,9606.ENSP00000206595,G2E3,39
246,9606.ENSP00000206765,TGM1,34
247,9606.ENSP00000207457,TEKT2,589
248,9606.ENSP00000207549,UNC13D,151
249,9606.ENSP00000207870,XYLB,10
250,9606.ENSP00000209668,ADH1A,161
251,9606.ENSP00000209728,CDC6,32
252,9606.ENSP00000209873,AAAS,398
253,9606.ENSP00000209875,CBX5,16
254,9606.ENSP00000209884,KLHL20,26
255,9606.ENSP00000209929,FMO2,19
256,9606.ENSP00000210060,DHPS,521
257,9606.ENSP00000210187,RAB26,303
258,9606.ENSP00000210313,PSMD5,80
259,9606.ENSP00000210444,NANS,348
260,9606.ENSP00000210633,SEMA4G,113
261,9606.ENSP00000211076,TPSD1,65
262,9606.ENSP00000211122,GSTA3,31
263,9606.ENSP00000211287,MAPK13,67
264,9606.ENSP00000211413,PRRT1,766
265,9606.ENSP00000211998,VCL,2
266,9606.ENSP00000212015,SIRT1,32
267,9606.ENSP00000212355,TGFBR3,46
268,9606.ENSP00000214869,TMED1,13
269,9606.ENSP00000215057,MZF1,42
270,9606.ENSP00000215071,PSMD8,79
271,9606.ENSP00000215095,STX1B,13
272,9606.ENSP00000215368,EFNA2,56
273,9606.ENSP00000215375,ATP5F1D,59
274,9606.ENSP00000215530,FGF22,78
275,9606.ENSP00000215531,SMIM24,19
276,9606.ENSP00000215565,NDUFB7,17
277,9606.ENSP00000215567,TECR,68
278,9606.ENSP00000215570,TIMM13,11
279,9606.ENSP00000215574,CDC34,160
280,9606.ENSP00000215582,MISP,24
281,9606.ENSP00000215631,GADD45B,128
282,9606.ENSP00000215637,MADCAM1,34
283,9606.ENSP00000215659,MAPK12,10
284,9606.ENSP00000215727,SERPIND1,98
285,9606.ENSP00000215730,SNAP29,40
286,9606.ENSP00000215742,THAP7,153
287,9606.ENSP00000215743,MMP11,173
288,9606.ENSP00000215754,MIF,38
289,9606.ENSP00000215781,OSM,306
290,9606.ENSP00000215793,SF3A1,9
291,9606.ENSP00000215794,USP18,13
292,9606.ENSP00000215829,SNRPD3,51
293,9606.ENSP00000215832,MAPK1,81
294,9606.ENSP00000215838,TCN2,122
295,9606.ENSP00000215855,CRYBB3,27
296,9606.ENSP00000215882,SLC25A1,37
297,9606.ENSP00000215885,PLA2G3,8
298,9606.ENSP00000215886,LGALS2,16
299,9606.ENSP00000215904,PDXP,31
300,9606.ENSP00000215909,LGALS1,50
301,9606.ENSP00000215917,SRRD,22
302,9606.ENSP00000215941,ANKRD54,5
303,9606.ENSP00000215957,MICALL1,5
304,9606.ENSP00000215980,CENPM,43
305,9606.ENSP00000216024,DMC1,23
306,9606.ENSP00000216027,HSCB,22
307,9606.ENSP00000216034,TOMM22,3
308,9606.ENSP00000216036,RSPH14,35
309,9606.ENSP00000216037,XBP1,4
310,9606.ENSP00000216038,RTCB,30
311,9606.ENSP00000216039,JOSD1,37
312,9606.ENSP00000216044,GTPBP1,15
313,9606.ENSP00000216068,DNAL4,11
314,9606.ENSP00000216075,MIOX,10
315,9606.ENSP00000216099,APOBEC3D,13
316,9606.ENSP00000216101,RASL10A,10
317,9606.ENSP00000216106,HMGXB4,31
318,9606.ENSP00000216115,BIK,7
319,9606.ENSP00000216117,HMOX1,12
320,9606.ENSP00000216121,NIPSNAP1,13
321,9606.ENSP00000216122,MCM5,4
322,9606.ENSP00000216124,ARSA,22
323,9606.ENSP00000216127,RASD2,55
324,9606.ENSP00000216129,TTLL12,7
325,9606.ENSP00000216133,CBX7,44
326,9606.ENSP00000216139,ACR,148
327,9606.ENSP00000216160,TAB1,32
328,9606.ENSP00000216177,PNPLA5,279
329,9606.ENSP00000216180,PNPLA3,56
330,9606.ENSP00000216181,MYH9,6
331,9606.ENSP00000216185,TXN2,27
332,9606.ENSP00000216190,EIF3D,95
333,9606.ENSP00000216200,PVALB,26
334,9606.ENSP00000216211,UPK3A,7
335,9606.ENSP00000216218,ST13,2
336,9606.ENSP00000216223,IL2RB,82
337,9606.ENSP00000216225,RBX1,7
338,9606.ENSP00000216237,L3MBTL2,73
339,9606.ENSP00000216252,PHF5A,5
340,9606.ENSP00000216254,ACO2,14
341,9606.ENSP00000216259,PMM1,81
342,9606.ENSP00000216264,CERK,27
343,9606.ENSP00000216271,HDAC10,196
344,9606.ENSP00000216274,RIPK3,74
345,9606.ENSP00000216277,PAPOLA,279
346,9606.ENSP00000216286,NID2,133
347,9606.ENSP00000216294,SNAPC1,20
348,9606.ENSP00000216297,SUPT16H,210
349,9606.ENSP00000216330,FKBP3,12
350,9606.ENSP00000216336,CTSG,108
351,9606.ENSP00000216338,GZMH,241
352,9606.ENSP00000216341,GZMB,18
353,9606.ENSP00000216361,COCH,240
354,9606.ENSP00000216366,AP4S1,228
355,9606.ENSP00000216367,POLE2,104
356,9606.ENSP00000216373,SOS2,166
357,9606.ENSP00000216392,PYGL,28
358,9606.ENSP00000216410,GNPNAT1,35
359,9606.ENSP00000216416,CNIH1,6
360,9606.ENSP00000216442,ATP6V1D,24
361,9606.ENSP00000216446,PLEK2,232
362,9606.ENSP00000216452,PIGH,60
363,9606.ENSP00000216455,PSMA3,93
364,9606.ENSP00000216468,TMED8,101
365,9606.ENSP00000216479,AHSA1,10
366,9606.ENSP00000216484,SPTLC2,70
367,9606.ENSP00000216487,RIN3,407
368,9606.ENSP00000216489,ALKBH1,34
369,9606.ENSP00000216492,CHGA,40
370,9606.ENSP00000216513,SIX4,32
371,9606.ENSP00000216540,SLC10A1,31
372,9606.ENSP00000216554,EIF5,73
373,9606.ENSP00000216629,BDKRB1,9
374,9606.ENSP00000216639,VRK1,9
375,9606.ENSP00000216714,APEX1,102
376,9606.ENSP00000216727,PABPN1,105
377,9606.ENSP00000216733,EFS,19
378,9606.ENSP00000216756,CINP,32
379,9606.ENSP00000216780,PCK2,50
380,9606.ENSP00000216797,NFKBIA,23
381,9606.ENSP00000216802,PSME2,290
382,9606.ENSP00000216807,BRMS1L,47
383,9606.ENSP00000216832,PNN,26
384,9606.ENSP00000216862,CYP24A1,55
385,9606.ENSP00000216911,AURKA,53
386,9606.ENSP00000216962,PYGB,46
387,9606.ENSP00000216968,PROCR,32
388,9606.ENSP00000217026,MYBL2,36
389,9606.ENSP00000217043,R3HDML,63
390,9606.ENSP00000217086,SALL4,51
391,9606.ENSP00000217109,CSTF1,69
392,9606.ENSP00000217121,TPD52L2,59
393,9606.ENSP00000217131,CTSZ,32
394,9606.ENSP00000217133,TUBB1,72
395,9606.ENSP00000217159,SLCO4A1,76
396,9606.ENSP00000217169,BIRC7,44
397,9606.ENSP00000217173,UBOX5,35
398,9606.ENSP00000217182,EEF1A2,97
399,9606.ENSP00000217188,SRMS,32
400,9606.ENSP00000217195,C20orf27,34
401,9606.ENSP00000217244,CSNK2A1,43
402,9606.ENSP00000217246,MACROD2,21
403,9606.ENSP00000217260,RSPO4,29
404,9606.ENSP00000217270,PROKR2,79
405,9606.ENSP00000217289,FERMT1,121
406,9606.ENSP00000217372,CDK5RAP1,53
407,9606.ENSP00000217381,SNTA1,32
408,9606.ENSP00000217386,OXT,32
409,9606.ENSP00000217402,CHMP4B,4
410,9606.ENSP00000217407,LBP,38
411,9606.ENSP00000217420,SLC32A1,43
412,9606.ENSP00000217423,CST4,28
413,9606.ENSP00000217426,AHCY,81
414,9606.ENSP00000217446,PIGU,27
415,9606.ENSP00000217455,ACOT8,5
416,9606.ENSP00000217456,APMAP,32
417,9606.ENSP00000217515,TXNL1,32
418,9606.ENSP00000217740,RNF125,28
419,9606.ENSP00000217901,IDH3G,63
420,9606.ENSP00000217909,SLC25A43,56
421,9606.ENSP00000217958,PSMD10,23
422,9606.ENSP00000217961,STS,32
423,9606.ENSP00000217971,PGRMC1,76
424,9606.ENSP00000218004,NXT2,107
425,9606.ENSP00000218006,GUCY2F,61
426,9606.ENSP00000218008,ATP1B4,34
427,9606.ENSP00000218068,PAGE4,37
428,9606.ENSP00000218075,GLRA2,27
429,9606.ENSP00000218089,STAG2,24
430,9606.ENSP00000218099,F9,66
431,9606.ENSP00000218104,ABCD1,43
432,9606.ENSP00000218176,KCND1,35
433,9606.ENSP00000218230,PCSK1N,33
434,9606.ENSP00000218249,RAB40AL,68
435,9606.ENSP00000218316,GPR50,41
436,9606.ENSP00000218340,RP2,82
437,9606.ENSP00000218348,USP11,100
438,9606.ENSP00000218388,TIMP1,81
439,9606.ENSP00000218516,GLA,1
440,9606.ENSP00000218548,ATP12A,163
441,9606.ENSP00000218721,MLNR,84
442,9606.ENSP00000218758,ACP5,4
443,9606.ENSP00000218867,SGCG,217
444,9606.ENSP00000219022,OLFM4,9
445,9606.ENSP00000219066,NTHL1,33
446,9606.ENSP00000219069,ZNF263,54
447,9606.ENSP00000219070,MMP2,74
448,9606.ENSP00000219097,ORC6,21
449,9606.ENSP00000219139,C16orf70,75
450,9606.ENSP00000219150,CORO1A,59
451,9606.ENSP00000219162,MT4,50
452,9606.ENSP00000219169,NUTF2,45
453,9606.ENSP00000219197,CBLN1,8
454,9606.ENSP00000219204,ARL2BP,7
455,9606.ENSP00000219207,PLLP,45
456,9606.ENSP00000219235,CCL22,20
457,9606.ENSP00000219240,DHODH,6
458,9606.ENSP00000219244,CCL17,13
459,9606.ENSP00000219252,POLR2C,465
460,9606.ENSP00000219255,PARD6A,95
461,9606.ENSP00000219271,MMP15,44
462,9606.ENSP00000219281,USB1,11
463,9606.ENSP00000219299,CCDC113,107
464,9606.ENSP00000219302,NME3,6
465,9606.ENSP00000219313,PSMD7,41
466,9606.ENSP00000219315,SETD6,37
467,9606.ENSP00000219334,SMPD3,14
468,9606.ENSP00000219345,PLA2G15,66
469,9606.ENSP00000219368,FA2H,60
470,9606.ENSP00000219400,CMC2,140
471,9606.ENSP00000219406,PDIA2,37
472,9606.ENSP00000219409,ARHGDIG,46
473,9606.ENSP00000219431,MPG,8
474,9606.ENSP00000219439,HSDL1,49
475,9606.ENSP00000219476,TSC2,48
476,9606.ENSP00000219478,ZNF500,49
477,9606.ENSP00000219479,NME4,20
478,9606.ENSP00000219481,DECR2,40
479,9606.ENSP00000219548,STUB1,83
480,9606.ENSP00000219551,RHBDL1,3
481,9606.ENSP00000219596,MEFV,34
482,9606.ENSP00000219599,CRYM,15
483,9606.ENSP00000219611,CAPN15,22
484,9606.ENSP00000219660,AQP8,73
485,9606.ENSP00000219746,TOX3,46
486,9606.ENSP00000219782,MAZ,33
487,9606.ENSP00000219789,CDIPT,153
488,9606.ENSP00000219833,SLC6A2,61
489,9606.ENSP00000219837,KNOP1,49
490,9606.ENSP00000219905,MGA,79
491,9606.ENSP00000219919,AQP9,24
492,9606.ENSP00000220003,CSK,75
493,9606.ENSP00000220058,MTFMT,35
494,9606.ENSP00000220166,CTSH,193
495,9606.ENSP00000220325,EHD4,58
496,9606.ENSP00000220420,TGM5,87
497,9606.ENSP00000220429,GABPB1,62
498,9606.ENSP00000220478,SCG3,58
499,9606.ENSP00000220496,DNAJC17,74
500,9606.ENSP00000220507,RHOV,24
501,9606.ENSP00000220509,VPS18,15
502,9606.ENSP00000220514,OIP5,97
503,9606.ENSP00000220562,EXTL3,267
504,9606.ENSP00000220592,AGO2,132
505,9606.ENSP00000220597,PAG1,8
506,9606.ENSP00000220616,TG,136
507,9606.ENSP00000220659,BRF2,47
508,9606.ENSP00000220669,ZFAND1,43
509,9606.ENSP00000220751,RIPK2,7
510,9606.ENSP00000220764,DECR1,43
511,9606.ENSP00000220772,SFRP1,23
512,9606.ENSP00000220809,PLAT,34
513,9606.ENSP00000220812,DKK4,23
514,9606.ENSP00000220822,GDAP1,40
515,9606.ENSP00000220849,EIF3E,29
516,9606.ENSP00000220853,EMC2,6
517,9606.ENSP00000220913,CHRAC1,44
518,9606.ENSP00000220966,PYCR3,27
519,9606.ENSP00000221086,MTMR9,44
520,9606.ENSP00000221114,DCTN6,49
521,9606.ENSP00000221130,GSR,77
522,9606.ENSP00000221132,TNFRSF10A,34
523,9606.ENSP00000221138,PPP2CB,30
524,9606.ENSP00000221166,NEFM,48
525,9606.ENSP00000221200,KCTD9,9
526,9606.ENSP00000221233,EXOSC5,18
527,9606.ENSP00000221265,PAF1,28
528,9606.ENSP00000221307,CYP4F3,201
529,9606.ENSP00000221399,TULP2,54
530,9606.ENSP00000221403,DHDH,139
531,9606.ENSP00000221418,ECH1,11
532,9606.ENSP00000221419,HNRNPL,22
533,9606.ENSP00000221444,KCNA7,71
534,9606.ENSP00000221452,RELB,113
535,9606.ENSP00000221455,CLASRP,28
536,9606.ENSP00000221459,LIN7B,44
537,9606.ENSP00000221462,PPP1R37,9
538,9606.ENSP00000221476,CKM,132
539,9606.ENSP00000221480,PEX11G,157
540,9606.ENSP00000221485,SLC17A7,318
541,9606.ENSP00000221486,RNASEH2A,23
542,9606.ENSP00000221494,SF3A2,45
543,9606.ENSP00000221496,AMH,190
544,9606.ENSP00000221498,DKKL1,155
545,9606.ENSP00000221515,RETN,247
546,9606.ENSP00000221538,RSPH6A,20
547,9606.ENSP00000221543,TBC1D17,175
548,9606.ENSP00000221561,TLE5,37
549,9606.ENSP00000221566,SGTA,130
550,9606.ENSP00000221573,SNAPC2,9
551,9606.ENSP00000221665,FIZ1,212
552,9606.ENSP00000221671,C19orf44,36
553,9606.ENSP00000221700,CYP4F2,20
554,9606.ENSP00000221742,SLC1A6,79
555,9606.ENSP00000221797,LGALS13,26
556,9606.ENSP00000221801,FBL,30
557,9606.ENSP00000221804,CLC,13
558,9606.ENSP00000221847,EBI3,33
559,9606.ENSP00000221855,TBCB,35
560,9606.ENSP00000221859,POLR2I,43
561,9606.ENSP00000221891,APLP1,14
562,9606.ENSP00000221922,CCDC9,210
563,9606.ENSP00000221930,TGFB1,293
564,9606.ENSP00000221957,PLIN3,198
565,9606.ENSP00000221972,CD79A,222
566,9606.ENSP00000221973,LIM2,10
567,9606.ENSP00000221978,NKG7,37
568,9606.ENSP00000221980,ICAM5,74
569,9606.ENSP00000221992,CEACAM5,22
570,9606.ENSP00000221996,CRX,121
571,9606.ENSP00000222002,SULT2A1,100
572,9606.ENSP00000222005,CDC37,92
573,9606.ENSP00000222008,RABAC1,203
574,9606.ENSP00000222032,CNFN,175
575,9606.ENSP00000222033,ZNRF4,7
576,9606.ENSP00000222115,HAS1,136
577,9606.ENSP00000222120,RAB3D,5
578,9606.ENSP00000222122,DBP,19
579,9606.ENSP00000222139,EPOR,9
580,9606.ENSP00000222145,RASIP1,2
581,9606.ENSP00000222219,DNASE2,151
582,9606.ENSP00000222224,LENG1,54
583,9606.ENSP00000222247,RPL18A,76
584,9606.ENSP00000222248,SLC5A5,54
585,9606.ENSP00000222254,PIK3R2,37
586,9606.ENSP00000222256,RAB3A,54
587,9606.ENSP00000222271,COMP,75
588,9606.ENSP00000222284,TMEM147,124
589,9606.ENSP00000222286,GAPDHS,211
590,9606.ENSP00000222305,USF2,253
591,9606.ENSP00000222329,ERF,153
592,9606.ENSP00000222330,GSK3A,69
593,9606.ENSP00000222345,SIPA1L3,141
594,9606.ENSP00000222374,CADM4,142
595,9606.ENSP00000222381,PON1,303
596,9606.ENSP00000222388,ABCF2,66
597,9606.ENSP00000222390,HGF,94
598,9606.ENSP00000222399,LAMB1,149
599,9606.ENSP00000222402,UBE2D4,142
600,9606.ENSP00000222462,WNT16,262
601,9606.ENSP00000222481,CPA2,70
602,9606.ENSP00000222482,CPA4,54
603,9606.ENSP00000222511,GTPBP10,86
604,9606.ENSP00000222543,TFPI2,48
605,9606.ENSP00000222547,BET1,67
606,9606.ENSP00000222553,NAMPT,201
607,9606.ENSP00000222567,TWISTNB,52
608,9606.ENSP00000222573,ITGB8,144
609,9606.ENSP00000222574,HBP1,60
610,9606.ENSP00000222584,SP4,75
611,9606.ENSP00000222644,MPP6,272
612,9606.ENSP00000222674,NPVF,57
613,9606.ENSP00000222693,CAV2,271
614,9606.ENSP00000222718,HOXA2,124
615,9606.ENSP00000222725,LFNG,58
616,9606.ENSP00000222726,HOXA5,182
617,9606.ENSP00000222728,HOXA6,106
618,9606.ENSP00000222747,TSPAN12,62
619,9606.ENSP00000222792,CHN2,299
620,9606.ENSP00000222803,FKBP14,391
621,9606.ENSP00000222812,STX1A,59
622,9606.ENSP00000222823,NOD1,75
623,9606.ENSP00000222968,PDAP1,91
624,9606.ENSP00000222982,CYP3A5,101
625,9606.ENSP00000222990,SNX8,73
626,9606.ENSP00000223023,WASL,84
627,9606.ENSP00000223026,HYAL4,8
628,9606.ENSP00000223029,AIMP2,110
629,9606.ENSP00000223061,PCOLCE,138
630,9606.ENSP00000223073,RBM28,43
631,9606.ENSP00000223095,SERPINE1,10
632,9606.ENSP00000223114,MOGAT3,90
633,9606.ENSP00000223127,PLOD3,206
634,9606.ENSP00000223129,RPA3,100
635,9606.ENSP00000223136,FIS1,142
636,9606.ENSP00000223145,GLCCI1,52
637,9606.ENSP00000223167,MYL10,68
638,9606.ENSP00000223208,CEP41,90
639,9606.ENSP00000223215,MEST,172
640,9606.ENSP00000223273,YAE1,167
641,9606.ENSP00000223293,GIMAP2,68
642,9606.ENSP00000223321,PSMA2,45
643,9606.ENSP00000223324,MRPL32,50
644,9606.ENSP00000223364,MYL7,88
645,9606.ENSP00000223366,GCK,212
646,9606.ENSP00000223369,YKT6,98
647,9606.ENSP00000223398,CLIP2,69
648,9606.ENSP00000223500,CHMP5,97
649,9606.ENSP00000223528,FKTN,72
650,9606.ENSP00000223641,SEC61B,96
651,9606.ENSP00000223642,C5,175
652,9606.ENSP00000223795,TNFSF8,376
653,9606.ENSP00000223836,AK1,75
654,9606.ENSP00000223862,RLN1,98
655,9606.ENSP00000223864,PLGRKT,223
656,9606.ENSP00000224073,EDF1,79
657,9606.ENSP00000224140,SETX,47
658,9606.ENSP00000224337,BLNK,142
659,9606.ENSP00000224356,CYP26A1,67
660,9606.ENSP00000224652,ATE1,18
661,9606.ENSP00000224721,CDH23,17
662,9606.ENSP00000224784,ACTA2,24
663,9606.ENSP00000224862,FBXL15,28
664,9606.ENSP00000224950,STN1,72
665,9606.ENSP00000225171,DNAJC12,28
666,9606.ENSP00000225174,PPIF,45
667,9606.ENSP00000225275,MPO,12
668,9606.ENSP00000225276,ST6GALNAC2,18
669,9606.ENSP00000225296,DHX33,26
670,9606.ENSP00000225298,UTP18,22
671,9606.ENSP00000225328,P2RX5,18
672,9606.ENSP00000225371,EPX,23
673,9606.ENSP00000225387,CRYBA1,19
674,9606.ENSP00000225388,NUFIP2,22
675,9606.ENSP00000225430,RPL19,21
676,9606.ENSP00000225474,CSF3,16
677,9606.ENSP00000225504,SUPT4H1,23
678,9606.ENSP00000225512,WNT3,36
679,9606.ENSP00000225519,SHPK,2
680,9606.ENSP00000225525,TAX1BP3,132
681,9606.ENSP00000225538,P2RX1,20
682,9606.ENSP00000225577,RPS6KB1,7
683,9606.ENSP00000225609,PIGL,9
684,9606.ENSP00000225614,GALK1,3
685,9606.ENSP00000225655,PFN1,165
686,9606.ENSP00000225665,SLC25A11,2
687,9606.ENSP00000225688,RASD1,2
688,9606.ENSP00000225698,C1QBP,128
689,9606.ENSP00000225719,CPD,37
690,9606.ENSP00000225724,GOSR1,1
691,9606.ENSP00000225726,CCDC47,40
692,9606.ENSP00000225728,MED31,4
693,9606.ENSP00000225729,DRG2,13
694,9606.ENSP00000225737,AKAP10,17
695,9606.ENSP00000225792,DDX5,9
696,9606.ENSP00000225823,ASIC2,8
697,9606.ENSP00000225831,CCL2,3
698,9606.ENSP00000225842,CCL1,12
699,9606.ENSP00000225844,CCL13,5
700,9606.ENSP00000225899,KRT32,2
701,9606.ENSP00000225916,KAT2A,2
702,9606.ENSP00000225927,NAGLU,7
703,9606.ENSP00000225929,HSD17B1,34
704,9606.ENSP00000225941,ABI3,40
705,9606.ENSP00000225964,COL1A1,11
706,9606.ENSP00000225969,MRPL27,117
707,9606.ENSP00000225983,HDAC5,9
708,9606.ENSP00000226004,DUSP3,30
709,9606.ENSP00000226021,CACNG1,36
710,9606.ENSP00000226067,HLF,21
711,9606.ENSP00000226091,EFNB3,22
712,9606.ENSP00000226105,RANGRF,38
713,9606.ENSP00000226193,RCVRN,29
714,9606.ENSP00000226207,MYH1,41
715,9606.ENSP00000226218,VTN,9
716,9606.ENSP00000226225,TNFAIP1,24
717,9606.ENSP00000226230,TMEM97,77
718,9606.ENSP00000226247,FOXN1,55
719,9606.ENSP00000226279,CD38,182
720,9606.ENSP00000226284,IBSP,12
721,9606.ENSP00000226299,LAP3,15
722,9606.ENSP00000226317,CXCL6,12
723,9606.ENSP00000226319,JADE1,183
724,9606.ENSP00000226355,AFM,16
725,9606.ENSP00000226382,PHOX2B,23
726,9606.ENSP00000226413,GNRHR,42
727,9606.ENSP00000226444,SULT1E1,20
728,9606.ENSP00000226524,PF4V1,40
729,9606.ENSP00000226574,NFKB1,28
730,9606.ENSP00000226730,IL2,16
731,9606.ENSP00000226760,WFS1,22
732,9606.ENSP00000226796,GAR1,61
733,9606.ENSP00000226798,FRG1,10
734,9606.ENSP00000226951,CLNK,35
735,9606.ENSP00000227155,CD82,42
736,9606.ENSP00000227163,SPI1,18
737,9606.ENSP00000227266,CTSC,13
738,9606.ENSP00000227322,ZPR1,21
739,9606.ENSP00000227348,CRTAM,62
740,9606.ENSP00000227451,DTX4,19
741,9606.ENSP00000227471,UNC93B1,70
742,9606.ENSP00000227474,PUS3,42
743,9606.ENSP00000227507,CCND1,7
744,9606.ENSP00000227520,CCDC86,18
745,9606.ENSP00000227524,PRPF19,57
746,9606.ENSP00000227525,TMEM109,9
747,9606.ENSP00000227638,PANX1,7
748,9606.ENSP00000227667,APOC3,18
749,9606.ENSP00000227752,IL10RA,39
750,9606.ENSP00000227756,GALNT18,10
751,9606.ENSP00000227868,PDHX,75
752,9606.ENSP00000227880,SLC15A3,22
753,9606.ENSP00000227918,SCGB2A2,24
754,9606.ENSP00000228027,DGAT2,169
755,9606.ENSP00000228136,C11orf58,74
756,9606.ENSP00000228251,YBX3,283
757,9606.ENSP00000228318,SLC25A3,281
758,9606.ENSP00000228347,POLR3B,300
759,9606.ENSP00000228434,CD69,14
760,9606.ENSP00000228437,PRDM4,134
761,9606.ENSP00000228438,CLEC2B,237
762,9606.ENSP00000228463,SELPLG,217
763,9606.ENSP00000228468,ASIC1,24
764,9606.ENSP00000228476,DAO,193
765,9606.ENSP00000228495,KCTD10,308
766,9606.ENSP00000228506,MLEC,359
767,9606.ENSP00000228510,MVK,164
768,9606.ENSP00000228515,CSRNP2,274
769,9606.ENSP00000228534,IL23A,323
770,9606.ENSP00000228606,CYP27B1,182
771,9606.ENSP00000228641,MYF6,36
772,9606.ENSP00000228644,MYF5,44
773,9606.ENSP00000228682,GLI1,348
774,9606.ENSP00000228705,PPM1H,26
775,9606.ENSP00000228740,LTA4H,236
776,9606.ENSP00000228741,ELK3,169
777,9606.ENSP00000228799,ITFG2,207
778,9606.ENSP00000228811,PRR4,87
779,9606.ENSP00000228820,PARP11,211
780,9606.ENSP00000228825,ARPC3,322
781,9606.ENSP00000228837,FGF6,263
782,9606.ENSP00000228841,MYL2,132
783,9606.ENSP00000228843,RAD51AP1,395
784,9606.ENSP00000228850,AKAP3,154
785,9606.ENSP00000228865,CREBL2,263
786,9606.ENSP00000228872,CDKN1B,161
787,9606.ENSP00000228887,GPRC5D,233
788,9606.ENSP00000228918,LTBR,23
789,9606.ENSP00000228922,OGFOD2,215
790,9606.ENSP00000228928,OAS3,220
791,9606.ENSP00000228938,MGP,322
792,9606.ENSP00000228945,ARHGDIB,163
793,9606.ENSP00000229030,FZD10,317
794,9606.ENSP00000229134,IL26,232
795,9606.ENSP00000229135,IFNG,48
796,9606.ENSP00000229179,NUP107,364
797,9606.ENSP00000229195,CNOT2,276
798,9606.ENSP00000229214,KRR1,12
799,9606.ENSP00000229238,MRPL51,322
800,9606.ENSP00000229243,ACRBP,66
801,9606.ENSP00000229264,GNB3,263
802,9606.ENSP00000229266,CHPT1,159
803,9606.ENSP00000229268,USP5,339
804,9606.ENSP00000229270,TPI1,365
805,9606.ENSP00000229281,C12orf57,202
806,9606.ENSP00000229304,APOBEC1,62
807,9606.ENSP00000229307,NANOG,240
808,9606.ENSP00000229314,GOLT1B,179
809,9606.ENSP00000229329,CMAS,244
810,9606.ENSP00000229330,HCFC2,238
811,9606.ENSP00000229332,CLEC4A,375
812,9606.ENSP00000229335,AICDA,280
813,9606.ENSP00000229340,RAB35,148
814,9606.ENSP00000229379,COX6A1,128
815,9606.ENSP00000229390,SRSF9,98
816,9606.ENSP00000229395,FGFR1OP2,191
817,9606.ENSP00000229402,KLRB1,13
818,9606.ENSP00000229447,IYD,174
819,9606.ENSP00000229554,RSPH4A,250
820,9606.ENSP00000229595,ASF1A,317
821,9606.ENSP00000229633,HINT3,371
822,9606.ENSP00000229708,ULBP1,205
823,9606.ENSP00000229729,SLC44A4,322
824,9606.ENSP00000229758,FBXO5,130
825,9606.ENSP00000229769,FANCE,228
826,9606.ENSP00000229771,TULP1,143
827,9606.ENSP00000229795,MAPK14,261
828,9606.ENSP00000229812,STK38,315
829,9606.ENSP00000229829,HLA-DOA,283
830,9606.ENSP00000229922,CAP2,29
831,9606.ENSP00000230036,GPLD1,279
832,9606.ENSP00000230048,ACOT13,320
833,9606.ENSP00000230050,RPS12,160
834,9606.ENSP00000230053,B3GAT2,81
835,9606.ENSP00000230056,GMNN,138
836,9606.ENSP00000230085,SNX3,210
837,9606.ENSP00000230122,ZBTB24,269
838,9606.ENSP00000230124,FIG4,22
839,9606.ENSP00000230321,MDFI,279
840,9606.ENSP00000230340,BYSL,256
841,9606.ENSP00000230354,TBP,129
842,9606.ENSP00000230361,GUCA1B,283
843,9606.ENSP00000230381,PRPH2,284
844,9606.ENSP00000230449,EXOC2,261
845,9606.ENSP00000230461,TMEM30A,228
846,9606.ENSP00000230538,LAMA4,36
847,9606.ENSP00000230582,PRSS16,222
848,9606.ENSP00000230588,MEP1A,339
849,9606.ENSP00000230640,MTREX,180
850,9606.ENSP00000230658,ISL1,55
851,9606.ENSP00000230671,SLC6A7,253
852,9606.ENSP00000230792,NUDT12,371
853,9606.ENSP00000230990,HBEGF,214
854,9606.ENSP00000231004,LOX,329
855,9606.ENSP00000231009,GZMK,170
856,9606.ENSP00000231021,CDH9,245
857,9606.ENSP00000231061,SPARC,154
858,9606.ENSP00000231121,HAND1,293
859,9606.ENSP00000231198,THG1L,276
860,9606.ENSP00000231228,IL12B,148
861,9606.ENSP00000231238,TTC1,331
862,9606.ENSP00000231368,LNPEP,273
863,9606.ENSP00000231420,AGXT2,260
864,9606.ENSP00000231449,IL4,293
865,9606.ENSP00000231454,IL5,366
866,9606.ENSP00000231461,ST8SIA4,158
867,9606.ENSP00000231484,PCDH12,375
868,9606.ENSP00000231487,SKP1,260
869,9606.ENSP00000231498,NUP155,200
870,9606.ENSP00000231509,NR3C1,421
871,9606.ENSP00000231524,TRIM23,133
872,9606.ENSP00000231572,RARS1,230
873,9606.ENSP00000231656,CDX1,232
874,9606.ENSP00000231668,BNIP1,146
875,9606.ENSP00000231706,SLC7A14,297
876,9606.ENSP00000231721,SEMA3G,95
877,9606.ENSP00000231749,ZMYND10,177
878,9606.ENSP00000231751,LTF,129
879,9606.ENSP00000231790,MLH1,196
880,9606.ENSP00000231887,EHHADH,168
881,9606.ENSP00000231948,CRBN,223
882,9606.ENSP00000232003,HRG,37
883,9606.ENSP00000232217,RBP2,262
884,9606.ENSP00000232219,RBP1,172
885,9606.ENSP00000232375,PFKFB4,257
886,9606.ENSP00000232424,HES1,129
887,9606.ENSP00000232461,GNAT1,150
888,9606.ENSP00000232496,TUSC2,132
889,9606.ENSP00000232501,NPRL2,197
890,9606.ENSP00000232564,GNB4,291
891,9606.ENSP00000232603,MORC1,397
892,9606.ENSP00000232607,UMPS,148
893,9606.ENSP00000232744,ABTB1,208
894,9606.ENSP00000232766,KLHL18,144
895,9606.ENSP00000232888,RRP9,151
896,9606.ENSP00000232892,AADAC,261
897,9606.ENSP00000232905,EIF1B,84
898,9606.ENSP00000232974,ZBTB47,198
899,9606.ENSP00000232975,TNNC1,302
900,9606.ENSP00000232978,NKTR,198
901,9606.ENSP00000233025,SPCS1,238
902,9606.ENSP00000233027,NEK4,237
903,9606.ENSP00000233057,EIF2AK2,212
904,9606.ENSP00000233078,DAZAP1,226
905,9606.ENSP00000233099,HEATR5B,369
906,9606.ENSP00000233121,MAPRE3,172
907,9606.ENSP00000233143,TMSB10,146
908,9606.ENSP00000233146,MSH2,207
909,9606.ENSP00000233154,NCK2,136
910,9606.ENSP00000233156,TFPI,158
911,9606.ENSP00000233202,SLC11A1,158
912,9606.ENSP00000233242,APOB,23
913,9606.ENSP00000233331,INO80B,196
914,9606.ENSP00000233336,TTL,150
915,9606.ENSP00000233379,FAHD2A,423
916,9606.ENSP00000233468,SF3B6,275
917,9606.ENSP00000233535,SLC30A3,187
918,9606.ENSP00000233575,SNX17,192
919,9606.ENSP00000233596,REEP6,208
920,9606.ENSP00000233615,WBP1,146
921,9606.ENSP00000233627,NDUFS7,232
922,9606.ENSP00000233630,PCGF1,81
923,9606.ENSP00000233638,TLX2,239
924,9606.ENSP00000233668,DOK1,102
925,9606.ENSP00000233710,ACADL,224
926,9606.ENSP00000233735,REG1A,118
927,9606.ENSP00000233809,IGFBP2,315
928,9606.ENSP00000233813,IGFBP5,108
929,9606.ENSP00000233826,KCNJ13,199
930,9606.ENSP00000233838,GGCX,277
931,9606.ENSP00000233840,NEU2,90
932,9606.ENSP00000233893,HSPE1,143
933,9606.ENSP00000233948,WNT6,148
934,9606.ENSP00000233954,IL1RL1,174
935,9606.ENSP00000233969,SLC9A2,199
936,9606.ENSP00000233997,AZU1,186
937,9606.ENSP00000234038,PPP1R7,141
938,9606.ENSP00000234071,PROC,25
939,9606.ENSP00000234091,ID2,225
940,9606.ENSP00000234111,ODC1,153
941,9606.ENSP00000234160,GORASP2,331
942,9606.ENSP00000234170,CEBPZ,28
943,9606.ENSP00000234195,RMDN2,127
944,9606.ENSP00000234198,DLX2,24
945,9606.ENSP00000234256,SLC1A4,328
946,9606.ENSP00000234296,ORC2,266
947,9606.ENSP00000234310,PPP3R1,264
948,9606.ENSP00000234313,PLEK,138
949,9606.ENSP00000234347,PRTN3,61
950,9606.ENSP00000234371,KISS1R,214
951,9606.ENSP00000234389,GRIN3B,387
952,9606.ENSP00000234396,ATP6V1B1,105
953,9606.ENSP00000234420,MSH6,239
954,9606.ENSP00000234453,PLEKHA3,33
955,9606.ENSP00000234454,SPR,117
956,9606.ENSP00000234488,CLCN6,190
957,9606.ENSP00000234701,CLCA1,143
958,9606.ENSP00000234739,BCL9,97
959,9606.ENSP00000234816,ANGPTL1,85
960,9606.ENSP00000234827,TCEANC2,60
961,9606.ENSP00000234831,TMEM59,64
962,9606.ENSP00000234961,OPRD1,231
963,9606.ENSP00000235090,WDR77,405
964,9606.ENSP00000235310,MAD2L2,26
965,9606.ENSP00000235332,MIIP,23
966,9606.ENSP00000235345,SLC35D1,150
967,9606.ENSP00000235347,PRAMEF10,149
968,9606.ENSP00000235349,PRAMEF4,31
969,9606.ENSP00000235372,PRDM2,227
970,9606.ENSP00000235382,RGS2,271
971,9606.ENSP00000235521,WARS2,158
972,9606.ENSP00000235628,NT5C1A,123
973,9606.ENSP00000235835,AKR7A2,216
974,9606.ENSP00000236040,P3H1,151
975,9606.ENSP00000236137,SLC19A2,169
976,9606.ENSP00000236192,VAMP4,216
977,9606.ENSP00000236273,SYF2,309
978,9606.ENSP00000236671,CTSD,173
979,9606.ENSP00000236709,A4GNT,25
980,9606.ENSP00000236826,MMP8,172
981,9606.ENSP00000236850,APOA1,281
982,9606.ENSP00000236877,SLC8A2,200
983,9606.ENSP00000236925,CAMSAP2,221
984,9606.ENSP00000236959,ATIC,137
985,9606.ENSP00000236979,TNP1,149
986,9606.ENSP00000237014,TTR,263
987,9606.ENSP00000237163,DOP1A,288
988,9606.ENSP00000237172,FILIP1,155
989,9606.ENSP00000237201,SPACA1,227
990,9606.ENSP00000237264,TBPL1,258
991,9606.ENSP00000237281,FBXO30,89
992,9606.ENSP00000237283,ADAT2,170
993,9606.ENSP00000237353,PMFBP1,279
994,9606.ENSP00000237380,MED28,119
995,9606.ENSP00000237455,RNF103,160
996,9606.ENSP00000237530,RPN2,214
997,9606.ENSP00000237596,PKD2,177
998,9606.ENSP00000237642,STBD1,259
999,9606.ENSP00000237654,CCNI,138
1000,9606.ENSP00000237837,FGF23,123
1001,9606.ENSP00000237853,ELL2,158
1002,9606.ENSP00000238018,GDA,60
1003,9606.ENSP00000238112,CPSF3,85
1004,9606.ENSP00000238146,DDX55,143
1005,9606.ENSP00000238156,CCDC92,171
1006,9606.ENSP00000238379,HDHD3,150
1007,9606.ENSP00000238497,VPS4B,176
1008,9606.ENSP00000238508,SERPINB10,272
1009,9606.ENSP00000238558,GSC,183
1010,9606.ENSP00000238561,ADCK1,144
1011,9606.ENSP00000238616,NEK9,241
1012,9606.ENSP00000238628,IFT43,197
1013,9606.ENSP00000238647,IRF2BPL,160
1014,9606.ENSP00000238651,ACOT2,167
1015,9606.ENSP00000238682,TGFB3,124
1016,9606.ENSP00000238714,PAPOLG,255
1017,9606.ENSP00000238721,TP53I3,2
1018,9606.ENSP00000238738,RHOQ,192
1019,9606.ENSP00000238788,TMEM214,215
1020,9606.ENSP00000238789,ATAD2B,288
1021,9606.ENSP00000238823,FAM98A,269
1022,9606.ENSP00000238831,YIPF4,270
1023,9606.ENSP00000238855,AFTPH,164
1024,9606.ENSP00000238892,CRIPT,21
1025,9606.ENSP00000238994,PPP1R3C,5
1026,9606.ENSP00000239032,PRLHR,7
1027,9606.ENSP00000239144,HOXB8,40
1028,9606.ENSP00000239151,HOXB5,8
1029,9606.ENSP00000239165,HOXB7,19
1030,9606.ENSP00000239223,DUSP1,35
1031,9606.ENSP00000239231,PANK3,21
1032,9606.ENSP00000239243,MSX2,44
1033,9606.ENSP00000239316,INSL4,31
1034,9606.ENSP00000239347,IFNA7,27
1035,9606.ENSP00000239374,CCDC170,14
1036,9606.ENSP00000239440,ARAP3,12
1037,9606.ENSP00000239461,PRRX1,16
1038,9606.ENSP00000239462,TNN,4
1039,9606.ENSP00000239666,PDZD11,3
1040,9606.ENSP00000239690,NUDCD1,10
1041,9606.ENSP00000239891,ALG5,22
1042,9606.ENSP00000239906,FAM53C,18
1043,9606.ENSP00000239926,MYOT,1
1044,9606.ENSP00000239938,EGR1,109
1045,9606.ENSP00000239940,PFN2,18
1046,9606.ENSP00000240055,NFYB,17
1047,9606.ENSP00000240079,WASHC3,20
1048,9606.ENSP00000240093,FZD3,12
1049,9606.ENSP00000240100,DUSP4,29
1050,9606.ENSP00000240123,SORBS3,112
1051,9606.ENSP00000240185,TARDBP,14
1052,9606.ENSP00000240189,PRAMEF2,11
1053,9606.ENSP00000240285,RDH10,9
1054,9606.ENSP00000240316,COIL,123
1055,9606.ENSP00000240328,TBX2,32
1056,9606.ENSP00000240361,TEX14,12
1057,9606.ENSP00000240423,NCAPH,10
1058,9606.ENSP00000240488,MND1,16
1059,9606.ENSP00000240499,ZNF141,15
1060,9606.ENSP00000240615,TAS2R8,88
1061,9606.ENSP00000240618,KLRK1,126
1062,9606.ENSP00000240619,TAS2R10,17
1063,9606.ENSP00000240651,PYROXD1,36
1064,9606.ENSP00000240652,IAPP,325
1065,9606.ENSP00000240687,TAS2R7,48
1066,9606.ENSP00000240691,TAS2R9,49
1067,9606.ENSP00000240851,TFG,52
1068,9606.ENSP00000240874,KALRN,99
1069,9606.ENSP00000240922,NAA50,78
1070,9606.ENSP00000241014,MAPK8IP1,34
1071,9606.ENSP00000241041,PEX16,134
1072,9606.ENSP00000241051,DEPDC7,44
1073,9606.ENSP00000241052,CAT,65
1074,9606.ENSP00000241125,GJA3,38
1075,9606.ENSP00000241256,GHSR,45
1076,9606.ENSP00000241261,TNFSF10,48
1077,9606.ENSP00000241337,GSTM2,15
1078,9606.ENSP00000241356,ADORA3,173
1079,9606.ENSP00000241416,ACVR2A,28
1080,9606.ENSP00000241436,POLK,95
1081,9606.ENSP00000241453,FLT3,68
1082,9606.ENSP00000241463,RASL11A,55
1083,9606.ENSP00000241502,FYTTD1,163
1084,9606.ENSP00000241651,MYOG,75
1085,9606.ENSP00000242057,AHR,123
1086,9606.ENSP00000242067,BBS9,81
1087,9606.ENSP00000242104,OCM,31
1088,9606.ENSP00000242108,EEPD1,35
1089,9606.ENSP00000242140,WIPF3,12
1090,9606.ENSP00000242159,HOXA7,151
1091,9606.ENSP00000242208,INHBA,101
1092,9606.ENSP00000242249,RAMP3,127
1093,9606.ENSP00000242257,MRM2,51
1094,9606.ENSP00000242261,TWIST1,69
1095,9606.ENSP00000242285,CLTA,132
1096,9606.ENSP00000242351,ZC3HAV1,42
1097,9606.ENSP00000242375,AKR1D1,37
1098,9606.ENSP00000242462,NEUROG3,44
1099,9606.ENSP00000242465,SRGN,47
1100,9606.ENSP00000242480,EGR2,27
1101,9606.ENSP00000242505,FAM149B1,39
1102,9606.ENSP00000242576,UNG,64
1103,9606.ENSP00000242591,IFT81,74
1104,9606.ENSP00000242592,ACADS,76
1105,9606.ENSP00000242719,RNF11,264
1106,9606.ENSP00000242728,BHLHE41,104
1107,9606.ENSP00000242729,SSPN,76
1108,9606.ENSP00000242776,DDX39A,24
1109,9606.ENSP00000242784,TRIR,36
1110,9606.ENSP00000242786,ADGRE5,33
1111,9606.ENSP00000242839,ATP7B,176
1112,9606.ENSP00000242848,ZC3H13,44
1113,9606.ENSP00000242994,NEUROD4,115
1114,9606.ENSP00000243045,ORMDL2,41
1115,9606.ENSP00000243052,PDE1B,38
1116,9606.ENSP00000243056,HOXC13,92
1117,9606.ENSP00000243077,LRP1,92
1118,9606.ENSP00000243108,HOXC6,16
1119,9606.ENSP00000243167,FAAH,57
1120,9606.ENSP00000243189,RSRP1,46
1121,9606.ENSP00000243253,SEC61A1,113
1122,9606.ENSP00000243298,RAB9B,87
1123,9606.ENSP00000243326,RIF1,240
1124,9606.ENSP00000243344,TTC21B,99
1125,9606.ENSP00000243346,NMI,95
1126,9606.ENSP00000243347,TNFAIP6,42
1127,9606.ENSP00000243349,ACVR1C,134
1128,9606.ENSP00000243389,SLC36A1,53
1129,9606.ENSP00000243440,BATF3,63
1130,9606.ENSP00000243457,KCNJ2,173
1131,9606.ENSP00000243501,PLA2G12A,79
1132,9606.ENSP00000243563,SNRPA,88
1133,9606.ENSP00000243578,B9D2,13
1134,9606.ENSP00000243611,C4BPB,102
1135,9606.ENSP00000243644,ZNF350,42
1136,9606.ENSP00000243662,RAB38,51
1137,9606.ENSP00000243673,GPR83,56
1138,9606.ENSP00000243706,HAUS3,71
1139,9606.ENSP00000243776,CHPF,27
1140,9606.ENSP00000243786,INHA,107
1141,9606.ENSP00000243878,ENKD1,43
1142,9606.ENSP00000243903,ACTR5,78
1143,9606.ENSP00000243911,MC3R,80
1144,9606.ENSP00000243918,SYS1,63
1145,9606.ENSP00000243924,PI3,84
1146,9606.ENSP00000243997,ATP5F1E,37
1147,9606.ENSP00000244007,PLCG1,100
1148,9606.ENSP00000244020,SRSF6,59
1149,9606.ENSP00000244040,RAB22A,45
1150,9606.ENSP00000244043,PTGIS,111
1151,9606.ENSP00000244050,SNAI1,55
1152,9606.ENSP00000244051,MOCS3,122
1153,9606.ENSP00000244061,RNF114,82
1154,9606.ENSP00000244096,MAGEA10,11
1155,9606.ENSP00000244137,PEPD,33
1156,9606.ENSP00000244174,IL9R,121
1157,9606.ENSP00000244217,MCEE,129
1158,9606.ENSP00000244221,PAIP2B,22
1159,9606.ENSP00000244227,SNRNP27,70
1160,9606.ENSP00000244230,MPHOSPH10,173
1161,9606.ENSP00000244241,IL17C,45
1162,9606.ENSP00000244289,LIPE,72
1163,9606.ENSP00000244333,LYPD3,73
1164,9606.ENSP00000244336,CEACAM8,52
1165,9606.ENSP00000244360,RNF39,28
1166,9606.ENSP00000244426,FBXO9,21
1167,9606.ENSP00000244496,RRP36,57
1168,9606.ENSP00000244513,BTN1A1,86
1169,9606.ENSP00000244519,BTN3A3,22
1170,9606.ENSP00000244520,SNRPC,47
1171,9606.ENSP00000244527,SLC17A1,54
1172,9606.ENSP00000244534,H1-3,111
1173,9606.ENSP00000244537,H4C6,9
1174,9606.ENSP00000244565,UNC5CL,35
1175,9606.ENSP00000244571,AARS2,225
1176,9606.ENSP00000244573,H1-1,55
1177,9606.ENSP00000244623,OR2B6,63
1178,9606.ENSP00000244669,APOBEC2,10
1179,9606.ENSP00000244709,TREM1,72
1180,9606.ENSP00000244728,COL21A1,86
1181,9606.ENSP00000244745,SOX4,38
1182,9606.ENSP00000244763,SSR1,24
1183,9606.ENSP00000244769,ATXN1,185
1184,9606.ENSP00000244869,EREG,149
1185,9606.ENSP00000244926,SCGB1D2,132
1186,9606.ENSP00000244930,SCGB2A1,103
1187,9606.ENSP00000245046,EMC3,22
1188,9606.ENSP00000245121,KATNAL2,83
1189,9606.ENSP00000245157,BBS2,27
1190,9606.ENSP00000245185,MT2A,37
1191,9606.ENSP00000245206,GOT2,26
1192,9606.ENSP00000245255,PIWIL1,121
1193,9606.ENSP00000245304,RAP2A,42
1194,9606.ENSP00000245312,SLC10A2,40
1195,9606.ENSP00000245414,IRF1,89
1196,9606.ENSP00000245451,BMP4,28
1197,9606.ENSP00000245457,PTGER2,139
1198,9606.ENSP00000245479,SOX9,73
1199,9606.ENSP00000245539,MRPS7,77
1200,9606.ENSP00000245543,ARMC7,59
1201,9606.ENSP00000245544,NUP85,44
1202,9606.ENSP00000245552,NT5C,69
1203,9606.ENSP00000245615,MBOAT7,51
1204,9606.ENSP00000245620,LILRB3,65
1205,9606.ENSP00000245787,INSIG2,122
1206,9606.ENSP00000245796,PSD4,116
1207,9606.ENSP00000245810,PSPN,46
1208,9606.ENSP00000245812,ALKBH7,265
1209,9606.ENSP00000245816,CLPP,49
1210,9606.ENSP00000245817,TNFSF9,144
1211,9606.ENSP00000245838,THOC2,42
1212,9606.ENSP00000245907,C3,20
1213,9606.ENSP00000245908,SH2D3A,83
1214,9606.ENSP00000245919,FOSB,115
1215,9606.ENSP00000245923,RTN2,71
1216,9606.ENSP00000245932,VASP,32
1217,9606.ENSP00000245934,SYMPK,86
1218,9606.ENSP00000245957,CFAP61,53
1219,9606.ENSP00000245960,CDC25B,75
1220,9606.ENSP00000245983,GNRH2,77
1221,9606.ENSP00000246006,CD93,278
1222,9606.ENSP00000246024,TMX4,218
1223,9606.ENSP00000246062,MKKS,13
1224,9606.ENSP00000246069,DSTN,240
1225,9606.ENSP00000246071,SNRPB2,60
1226,9606.ENSP00000246080,TCF15,43
1227,9606.ENSP00000246105,DEFB129,57
1228,9606.ENSP00000246112,TLE6,111
1229,9606.ENSP00000246115,S1PR4,29
1230,9606.ENSP00000246117,NCLN,62
1231,9606.ENSP00000246166,FNTB,277
1232,9606.ENSP00000246186,MMP24,33
1233,9606.ENSP00000246190,NECAB3,251
1234,9606.ENSP00000246194,RALY,77
1235,9606.ENSP00000246229,PLAGL2,16
1236,9606.ENSP00000246337,UROD,101
1237,9606.ENSP00000246515,SLURP1,36
1238,9606.ENSP00000246529,LRFN3,58
1239,9606.ENSP00000246535,PDCD2L,95
1240,9606.ENSP00000246548,UBA2,47
1241,9606.ENSP00000246551,HCST,49
1242,9606.ENSP00000246553,FFAR1,28
1243,9606.ENSP00000246635,KRT13,67
1244,9606.ENSP00000246646,KRT38,126
1245,9606.ENSP00000246657,CCR7,130
1246,9606.ENSP00000246662,KRT9,51
1247,9606.ENSP00000246672,NR1D1,18
1248,9606.ENSP00000246747,ARL2,44
1249,9606.ENSP00000246792,RRAS,73
1250,9606.ENSP00000246794,PRRG2,115
1251,9606.ENSP00000246801,TSKS,142
1252,9606.ENSP00000246802,NOP53,89
1253,9606.ENSP00000246841,FLRT1,28
1254,9606.ENSP00000246868,SBDS,83
1255,9606.ENSP00000246891,CSN1S1,27
1256,9606.ENSP00000246895,STATH,13
1257,9606.ENSP00000246912,MLX,56
1258,9606.ENSP00000246914,WNK4,44
1259,9606.ENSP00000246957,TRAP1,9
1260,9606.ENSP00000247001,SUGP1,50
1261,9606.ENSP00000247003,DDX49,44
1262,9606.ENSP00000247005,GDF1,76
1263,9606.ENSP00000247020,SDF2,72
1264,9606.ENSP00000247026,NSRP1,43
1265,9606.ENSP00000247153,CFP,17
1266,9606.ENSP00000247178,ATG14,106
1267,9606.ENSP00000247191,DLGAP5,299
1268,9606.ENSP00000247194,L3HYPDH,15
1269,9606.ENSP00000247219,TBPL2,28
1270,9606.ENSP00000247225,SGPP1,41
1271,9606.ENSP00000247226,PLEKHG3,75
1272,9606.ENSP00000247270,EVI2A,33
1273,9606.ENSP00000247271,OMG,190
1274,9606.ENSP00000247306,CTAG2,42
1275,9606.ENSP00000247461,CANX,55
1276,9606.ENSP00000247470,PYCARD,15
1277,9606.ENSP00000247665,PHPT1,72
1278,9606.ENSP00000247668,TRAF2,30
1279,9606.ENSP00000247706,ABHD8,12
1280,9606.ENSP00000247815,HELB,27
1281,9606.ENSP00000247843,YEATS4,26
1282,9606.ENSP00000247879,TAS2R3,33
1283,9606.ENSP00000247881,TAS2R4,158
1284,9606.ENSP00000247883,TAS2R5,89
1285,9606.ENSP00000247930,ZNF777,49
1286,9606.ENSP00000247933,IDUA,9
1287,9606.ENSP00000247956,ZNF317,43
1288,9606.ENSP00000247970,PIN1,63
1289,9606.ENSP00000247977,FBXL12,105
1290,9606.ENSP00000247986,KIF17,14
1291,9606.ENSP00000247992,PLA2G2C,68
1292,9606.ENSP00000248071,KLF2,60
1293,9606.ENSP00000248076,F2RL3,60
1294,9606.ENSP00000248114,GFER,64
1295,9606.ENSP00000248121,SYNGR3,44
1296,9606.ENSP00000248139,RAB40C,45
1297,9606.ENSP00000248150,GNG13,123
1298,9606.ENSP00000248211,ZNF10,94
1299,9606.ENSP00000248244,TICAM1,15
1300,9606.ENSP00000248248,MON1B,151
1301,9606.ENSP00000248306,METTL25,324
1302,9606.ENSP00000248342,EIF3K,59
1303,9606.ENSP00000248437,TUBA4A,2
1304,9606.ENSP00000248444,VIL1,8
1305,9606.ENSP00000248553,HSPB1,1
1306,9606.ENSP00000248564,GNG11,18
1307,9606.ENSP00000248572,GNGT1,31
1308,9606.ENSP00000248594,PTPN12,26
1309,9606.ENSP00000248598,FGL2,61
1310,9606.ENSP00000248633,PEX1,100
1311,9606.ENSP00000248643,MTERF1,94
1312,9606.ENSP00000248668,LRFN1,123
1313,9606.ENSP00000248706,RASL11B,131
1314,9606.ENSP00000248846,TUBGCP6,129
1315,9606.ENSP00000248879,DGCR6L,47
1316,9606.ENSP00000248901,CYTH4,94
1317,9606.ENSP00000248923,GGT1,108
1318,9606.ENSP00000248929,SGSM3,83
1319,9606.ENSP00000248933,SEZ6L,34
1320,9606.ENSP00000248948,VPREB3,57
1321,9606.ENSP00000248958,SDF2L1,111
1322,9606.ENSP00000248975,YWHAH,34
1323,9606.ENSP00000249014,CDC42EP1,45
1324,9606.ENSP00000249016,MCHR1,49
1325,9606.ENSP00000249041,GALR3,71
1326,9606.ENSP00000249064,CCDC117,6
1327,9606.ENSP00000249071,RAC2,3
1328,9606.ENSP00000249075,LIF,54
1329,9606.ENSP00000249269,PMPCB,188
1330,9606.ENSP00000249284,TAS2R16,3
1331,9606.ENSP00000249299,LSM8,3
1332,9606.ENSP00000249330,VGF,79
1333,9606.ENSP00000249344,STRIP2,111
1334,9606.ENSP00000249356,DNAJB9,273
1335,9606.ENSP00000249363,LRRC4,7
1336,9606.ENSP00000249373,SMO,32
1337,9606.ENSP00000249389,OPN1SW,56
1338,9606.ENSP00000249396,SIRT2,16
1339,9606.ENSP00000249442,MTX2,58
1340,9606.ENSP00000249499,HOXD9,18
1341,9606.ENSP00000249501,HOXD10,100
1342,9606.ENSP00000249504,HOXD11,83
1343,9606.ENSP00000249647,SNAP23,58
1344,9606.ENSP00000249700,TMOD2,140
1345,9606.ENSP00000249749,DLL4,58
1346,9606.ENSP00000249750,ALDH1A2,33
1347,9606.ENSP00000249776,KNSTRN,107
1348,9606.ENSP00000249806,CLN6,104
1349,9606.ENSP00000249887,ACKR4,96
1350,9606.ENSP00000249910,MBD4,30
1351,9606.ENSP00000249923,COPB1,45
1352,9606.ENSP00000250003,MYOD1,139
1353,9606.ENSP00000250018,TPH1,106
1354,9606.ENSP00000250024,E2F8,28
1355,9606.ENSP00000250056,PIMREG,25
1356,9606.ENSP00000250076,ZNF232,127
1357,9606.ENSP00000250092,CD68,97
1358,9606.ENSP00000250101,TXNDC17,92
1359,9606.ENSP00000250111,ATP1B2,46
1360,9606.ENSP00000250113,FXR2,31
1361,9606.ENSP00000250124,MPDU1,119
1362,9606.ENSP00000250160,CCN4,113
1363,9606.ENSP00000250237,QTRT1,59
1364,9606.ENSP00000250263,ERI1,25
1365,9606.ENSP00000250340,CLEC11A,64
1366,9606.ENSP00000250351,KLK12,37
1367,9606.ENSP00000250378,CMA1,69
1368,9606.ENSP00000250405,BCL2L2,24
1369,9606.ENSP00000250416,PARP2,70
1370,9606.ENSP00000250448,FOXA1,1
1371,9606.ENSP00000250454,EAPP,4
1372,9606.ENSP00000250457,EGLN3,61
1373,9606.ENSP00000250495,NEDD8,246
1374,9606.ENSP00000250498,DAD1,61
1375,9606.ENSP00000250535,CDO1,96
1376,9606.ENSP00000250559,RAP1B,99
1377,9606.ENSP00000250615,AANAT,98
1378,9606.ENSP00000250617,ARHGEF6,101
1379,9606.ENSP00000250693,ART1,84
1380,9606.ENSP00000250699,CHRNA10,130
1381,9606.ENSP00000250784,RPS4Y1,135
1382,9606.ENSP00000250823,VCY1B,99
1383,9606.ENSP00000250825,VCY,157
1384,9606.ENSP00000250831,RBMY1J,69
1385,9606.ENSP00000250863,DAZL,9
1386,9606.ENSP00000250896,MKNK2,151
1387,9606.ENSP00000250916,KLF16,59
1388,9606.ENSP00000250974,ABHD17A,77
1389,9606.ENSP00000251020,SALL1,92
1390,9606.ENSP00000251038,ZC3H14,105
1391,9606.ENSP00000251047,LMAN1,100
1392,9606.ENSP00000251089,ANGEL1,139
1393,9606.ENSP00000251102,CNGB1,166
1394,9606.ENSP00000251108,CDADC1,112
1395,9606.ENSP00000251119,ZFYVE26,127
1396,9606.ENSP00000251127,NALCN,37
1397,9606.ENSP00000251143,VPS35L,90
1398,9606.ENSP00000251157,DOCK7,183
1399,9606.ENSP00000251166,CORO7,107
1400,9606.ENSP00000251170,SEC14L5,19
1401,9606.ENSP00000251203,PBX4,53
1402,9606.ENSP00000251241,DHX40,42
1403,9606.ENSP00000251250,DTWD1,49
1404,9606.ENSP00000251268,MEGF8,69
1405,9606.ENSP00000251287,HCN2,37
1406,9606.ENSP00000251303,SLX1A,10
1407,9606.ENSP00000251337,GNAT2,55
1408,9606.ENSP00000251363,CERS4,41
1409,9606.ENSP00000251372,LILRA1,93
1410,9606.ENSP00000251412,TUBG2,72
1411,9606.ENSP00000251413,TUBG1,31
1412,9606.ENSP00000251472,MAST1,220
1413,9606.ENSP00000251496,NCAPG,59
1414,9606.ENSP00000251535,ALOX12,184
1415,9606.ENSP00000251566,UGT2A3,117
1416,9606.ENSP00000251582,ADAMTS2,96
1417,9606.ENSP00000251588,CIAO3,42
1418,9606.ENSP00000251595,HBA2,158
1419,9606.ENSP00000251607,TRNT1,41
1420,9606.ENSP00000251636,DHX29,41
1421,9606.ENSP00000251642,DHX58,70
1422,9606.ENSP00000251643,KRT12,40
1423,9606.ENSP00000251645,KRT31,27
1424,9606.ENSP00000251646,KRT33B,73
1425,9606.ENSP00000251691,ARFGEF3,20
1426,9606.ENSP00000251768,SLC4A5,106
1427,9606.ENSP00000251775,SNX4,42
1428,9606.ENSP00000251810,RRM2B,191
1429,9606.ENSP00000251864,TDRD1,99
1430,9606.ENSP00000251871,MED17,112
1431,9606.ENSP00000251900,SCML2,22
1432,9606.ENSP00000251968,TSG101,84
1433,9606.ENSP00000251993,KIAA0930,90
1434,9606.ENSP00000252011,DHX35,373
1435,9606.ENSP00000252015,TRPC4AP,56
1436,9606.ENSP00000252032,C20orf194,69
1437,9606.ENSP00000252037,FKBP6,1
1438,9606.ENSP00000252050,CUL9,18
1439,9606.ENSP00000252071,ACTR3C,2
1440,9606.ENSP00000252100,TMCO6,20
1441,9606.ENSP00000252102,NDUFA2,5
1442,9606.ENSP00000252137,ESS2,48
1443,9606.ENSP00000252229,MICB,131
1444,9606.ENSP00000252242,KRT5,154
1445,9606.ENSP00000252244,KRT1,107
1446,9606.ENSP00000252245,KRT75,91
1447,9606.ENSP00000252250,KRT6C,126
1448,9606.ENSP00000252252,KRT6B,116
1449,9606.ENSP00000252268,DPF2,35
1450,9606.ENSP00000252318,GALNT8,77
1451,9606.ENSP00000252321,KCNA5,19
1452,9606.ENSP00000252456,CNN1,77
1453,9606.ENSP00000252482,EXOC3L2,114
1454,9606.ENSP00000252483,NECTIN2,151
1455,9606.ENSP00000252486,APOE,129
1456,9606.ENSP00000252505,ALLC,129
1457,9606.ENSP00000252506,GADD45G,37
1458,9606.ENSP00000252512,XPO7,7
1459,9606.ENSP00000252530,FAM98C,21
1460,9606.ENSP00000252542,SAFB2,70
1461,9606.ENSP00000252575,NCAN,51
1462,9606.ENSP00000252590,PLVAP,119
1463,9606.ENSP00000252593,BST2,101
1464,9606.ENSP00000252595,SLC27A1,113
1465,9606.ENSP00000252597,USHBP1,133
1466,9606.ENSP00000252599,COLGALT1,16
1467,9606.ENSP00000252602,MRPL34,130
1468,9606.ENSP00000252603,PGLS,123
1469,9606.ENSP00000252622,LSM7,81
1470,9606.ENSP00000252655,RSPH3,3
1471,9606.ENSP00000252674,MLLT1,98
1472,9606.ENSP00000252677,BMP15,7
1473,9606.ENSP00000252699,ACTN4,104
1474,9606.ENSP00000252711,NDUFA10,133
1475,9606.ENSP00000252723,EPO,89
1476,9606.ENSP00000252729,CACNG6,34
1477,9606.ENSP00000252804,PXDN,54
1478,9606.ENSP00000252809,GDF15,13
1479,9606.ENSP00000252818,JUND,102
1480,9606.ENSP00000252825,HRC,27
1481,9606.ENSP00000252826,TRPM4,14
1482,9606.ENSP00000252835,OR11H1,49
1483,9606.ENSP00000252891,NUMBL,124
1484,9606.ENSP00000252934,ATXN10,118
1485,9606.ENSP00000252939,CALY,8
1486,9606.ENSP00000252951,HBZ,127
1487,9606.ENSP00000252971,MNX1,6
1488,9606.ENSP00000252992,CEP85,5
1489,9606.ENSP00000252996,TAF4,11
1490,9606.ENSP00000252997,GATA5,7
1491,9606.ENSP00000252999,LAMA5,7
1492,9606.ENSP00000253023,UBE2M,6
1493,9606.ENSP00000253024,TRIM28,20
1494,9606.ENSP00000253031,YIPF2,77
1495,9606.ENSP00000253039,EIF2S3,83
1496,9606.ENSP00000253048,ZC3H4,57
1497,9606.ENSP00000253055,MAP3K10,39
1498,9606.ENSP00000253063,SESN2,96
1499,9606.ENSP00000253079,CCDC62,8
1500,9606.ENSP00000253083,HIP1R,5
1501,9606.ENSP00000253107,PPAN,9
1502,9606.ENSP00000253108,EIF3G,7
1503,9606.ENSP00000253109,ANGPTL6,7
1504,9606.ENSP00000253110,SHFL,9
1505,9606.ENSP00000253122,SLC6A8,8
1506,9606.ENSP00000253188,SLC7A10,9
1507,9606.ENSP00000253193,LRP3,14
1508,9606.ENSP00000253237,GRWD1,1
1509,9606.ENSP00000253247,NOL11,105
1510,9606.ENSP00000253255,PKDREJ,168
1511,9606.ENSP00000253270,SLC35D2,50
1512,9606.ENSP00000253329,PPIL4,58
1513,9606.ENSP00000253354,BPIFB1,3
1514,9606.ENSP00000253362,BPIFA2,33
1515,9606.ENSP00000253363,RBM39,22
1516,9606.ENSP00000253381,DEFB118,41
1517,9606.ENSP00000253382,ACSS2,128
1518,9606.ENSP00000253407,C1QL1,4
1519,9606.ENSP00000253408,GFAP,37
1520,9606.ENSP00000253410,HIGD1B,1
1521,9606.ENSP00000253413,ATP6V1E1,60
1522,9606.ENSP00000253457,EMC8,43
1523,9606.ENSP00000253458,GSE1,339
1524,9606.ENSP00000253462,GINS2,139
1525,9606.ENSP00000253496,F12,93
1526,9606.ENSP00000253577,ABCB7,145
1527,9606.ENSP00000253669,HAUS8,255
1528,9606.ENSP00000253673,ADGRE3,212
1529,9606.ENSP00000253686,MRPS25,245
1530,9606.ENSP00000253693,CAPN7,54
1531,9606.ENSP00000253699,RBSN,136
1532,9606.ENSP00000253719,NAPSA,82
1533,9606.ENSP00000253754,PDLIM4,19
1534,9606.ENSP00000253778,GFPT2,47
1535,9606.ENSP00000253794,VPS25,28
1536,9606.ENSP00000253796,RAMP2,8
1537,9606.ENSP00000253799,AOC2,127
1538,9606.ENSP00000253801,G6PC,10
1539,9606.ENSP00000253814,NDFIP1,192
1540,9606.ENSP00000253861,EXOC4,14
1541,9606.ENSP00000253925,PPFIA1,1
1542,9606.ENSP00000253968,BARX1,78
1543,9606.ENSP00000254029,WDR44,88
1544,9606.ENSP00000254037,ZCCHC9,237
1545,9606.ENSP00000254051,TNS4,91
1546,9606.ENSP00000254066,RARA,30
1547,9606.ENSP00000254072,KRTAP9-8,26
1548,9606.ENSP00000254079,PPP1R1B,101
1549,9606.ENSP00000254090,FMO5,125
1550,9606.ENSP00000254101,PRKAB2,38
1551,9606.ENSP00000254108,FUS,12
1552,9606.ENSP00000254190,CHSY1,170
1553,9606.ENSP00000254193,SNRPA1,42
1554,9606.ENSP00000254227,NR0B2,4
1555,9606.ENSP00000254250,THAP1,23
1556,9606.ENSP00000254260,RHPN2,29
1557,9606.ENSP00000254286,ACTR10,16
1558,9606.ENSP00000254301,LGALS3,7
1559,9606.ENSP00000254322,DNAJB1,2
1560,9606.ENSP00000254325,RFX1,17
1561,9606.ENSP00000254336,C19orf57,108
1562,9606.ENSP00000254337,DCAF15,61
1563,9606.ENSP00000254436,TRIM21,34
1564,9606.ENSP00000254442,WDR7,147
1565,9606.ENSP00000254480,SMARCC1,87
1566,9606.ENSP00000254488,SLC6A11,49
1567,9606.ENSP00000254508,NUP210,93
1568,9606.ENSP00000254521,HSD17B7,70
1569,9606.ENSP00000254528,EMILIN2,22
1570,9606.ENSP00000254579,DNHD1,15
1571,9606.ENSP00000254605,RRP8,9
1572,9606.ENSP00000254616,TIMM10B,93
1573,9606.ENSP00000254624,EFR3A,46
1574,9606.ENSP00000254627,OC90,40
1575,9606.ENSP00000254630,PTCD3,71
1576,9606.ENSP00000254654,ILKAP,56
1577,9606.ENSP00000254657,PER2,71
1578,9606.ENSP00000254661,RAMP1,63
1579,9606.ENSP00000254667,PTPRE,29
1580,9606.ENSP00000254691,CARD6,51
1581,9606.ENSP00000254695,RAP1GAP2,48
1582,9606.ENSP00000254719,RPA1,11
1583,9606.ENSP00000254722,SERPINF1,40
1584,9606.ENSP00000254730,EEFSEC,37
1585,9606.ENSP00000254759,COQ3,89
1586,9606.ENSP00000254770,LANCL2,12
1587,9606.ENSP00000254799,GRSF1,75
1588,9606.ENSP00000254803,UTP3,55
1589,9606.ENSP00000254810,H3-3B,98
1590,9606.ENSP00000254846,KDM6B,12
1591,9606.ENSP00000254854,GUCY2D,41
1592,9606.ENSP00000254868,CLEC10A,53
1593,9606.ENSP00000254878,RIDA,40
1594,9606.ENSP00000254900,BRD8,9
1595,9606.ENSP00000254928,ERAL1,28
1596,9606.ENSP00000254940,NIP7,62
1597,9606.ENSP00000254942,TERF2,104
1598,9606.ENSP00000254950,VPS4A,11
1599,9606.ENSP00000254958,JAG1,45
1600,9606.ENSP00000254963,HSPA12B,95
1601,9606.ENSP00000254976,SNAP25,23
1602,9606.ENSP00000254998,NXT1,65
1603,9606.ENSP00000255006,RIN2,46
1604,9606.ENSP00000255008,SSTR4,105
1605,9606.ENSP00000255030,CRP,31
1606,9606.ENSP00000255039,HAPLN2,34
1607,9606.ENSP00000255040,APCS,56
1608,9606.ENSP00000255078,IGHMBP2,70
1609,9606.ENSP00000255082,ACY3,46
1610,9606.ENSP00000255087,TESMIN,34
1611,9606.ENSP00000255108,DPH2,47
1612,9606.ENSP00000255120,NASP,20
1613,9606.ENSP00000255136,PABPC1L,38
1614,9606.ENSP00000255152,ZSWIM3,52
1615,9606.ENSP00000255189,DMGDH,100
1616,9606.ENSP00000255192,BHMT2,90
1617,9606.ENSP00000255194,AP3B1,11
1618,9606.ENSP00000255198,ZBED3,33
1619,9606.ENSP00000255224,SYT4,35
1620,9606.ENSP00000255262,NMUR2,3
1621,9606.ENSP00000255266,PDE6A,6
1622,9606.ENSP00000255304,USPL1,16
1623,9606.ENSP00000255305,XPO4,27
1624,9606.ENSP00000255324,RNF17,30
1625,9606.ENSP00000255380,CHRM3,23
1626,9606.ENSP00000255381,MYH4,18
1627,9606.ENSP00000255389,PEMT,109
1628,9606.ENSP00000255390,SCO1,19
1629,9606.ENSP00000255409,CHI3L1,20
1630,9606.ENSP00000255416,MYBPH,22
1631,9606.ENSP00000255465,CCNA1,18
1632,9606.ENSP00000255476,RFXAP,7
1633,9606.ENSP00000255499,RNF128,15
1634,9606.ENSP00000255608,BTBD2,8
1635,9606.ENSP00000255613,KMT5C,33
1636,9606.ENSP00000255631,HSPBP1,22
1637,9606.ENSP00000255641,CSNK1G2,20
1638,9606.ENSP00000255681,MACROD1,20
1639,9606.ENSP00000255688,PLAAT4,23
1640,9606.ENSP00000255764,MED10,13
1641,9606.ENSP00000255882,PI4KA,25
1642,9606.ENSP00000255977,MKRN1,26
1643,9606.ENSP00000256001,ACTR3B,27
1644,9606.ENSP00000256010,NTS,58
1645,9606.ENSP00000256015,BTG1,10
1646,9606.ENSP00000256078,KRAS,23
1647,9606.ENSP00000256079,IPO8,18
1648,9606.ENSP00000256103,PMP2,28
1649,9606.ENSP00000256104,FABP4,57
1650,9606.ENSP00000256151,CCDC59,22
1651,9606.ENSP00000256178,LYVE1,112
1652,9606.ENSP00000256190,SBF2,35
1653,9606.ENSP00000256194,MICAL2,11
1654,9606.ENSP00000256196,RRAS2,34
1655,9606.ENSP00000256255,SARAF,74
1656,9606.ENSP00000256319,ERG28,75
1657,9606.ENSP00000256339,UNC79,6
1658,9606.ENSP00000256343,CATSPERB,1
1659,9606.ENSP00000256362,VRTN,7
1660,9606.ENSP00000256366,SYNJ2BP,79
1661,9606.ENSP00000256383,EIF2S1,83
1662,9606.ENSP00000256398,ELP3,24
1663,9606.ENSP00000256404,PEBP4,38
1664,9606.ENSP00000256429,MBD2,155
1665,9606.ENSP00000256433,IER3IP1,6
1666,9606.ENSP00000256441,MRPS36,78
1667,9606.ENSP00000256442,CCNB1,99
1668,9606.ENSP00000256443,CDK7,69
1669,9606.ENSP00000256447,CD180,506
1670,9606.ENSP00000256458,IRAK2,44
1671,9606.ENSP00000256460,CAMK1,62
1672,9606.ENSP00000256474,VHL,37
1673,9606.ENSP00000256495,BHLHE40,46
1674,9606.ENSP00000256497,EDEM1,26
1675,9606.ENSP00000256509,CHL1,18
1676,9606.ENSP00000256538,DPH6,28
1677,9606.ENSP00000256544,KATNBL1,33
1678,9606.ENSP00000256545,EMC7,4
1679,9606.ENSP00000256592,TSHB,48
1680,9606.ENSP00000256593,GSTM5,3
1681,9606.ENSP00000256637,SORT1,6
1682,9606.ENSP00000256644,LAMTOR5,24
1683,9606.ENSP00000256646,NOTCH2,61
1684,9606.ENSP00000256649,TRIM45,8
1685,9606.ENSP00000256682,ARF3,22
1686,9606.ENSP00000256689,SLC38A2,12
1687,9606.ENSP00000256707,KIDINS220,229
1688,9606.ENSP00000256722,CMPK2,17
1689,9606.ENSP00000256737,ANO3,22
1690,9606.ENSP00000256759,FST,35
1691,9606.ENSP00000256785,CFHR5,10
1692,9606.ENSP00000256797,ERN2,11
1693,9606.ENSP00000256854,NARS1,7
1694,9606.ENSP00000256857,GRP,10
1695,9606.ENSP00000256906,HRH4,5
1696,9606.ENSP00000256925,CABLES1,7
1697,9606.ENSP00000256951,EMP1,6
1698,9606.ENSP00000256958,SLCO1B1,8
1699,9606.ENSP00000256969,SPX,6
1700,9606.ENSP00000256996,DDB2,6
1701,9606.ENSP00000256999,FOLH1,22
1702,9606.ENSP00000257013,RTL8C,14
1703,9606.ENSP00000257017,RAB33A,13
1704,9606.ENSP00000257068,MTNR1B,5
1705,9606.ENSP00000257118,PHC2,31
1706,9606.ENSP00000257177,TUT4,26
1707,9606.ENSP00000257181,PRPF38A,176
1708,9606.ENSP00000257189,DSG3,8
1709,9606.ENSP00000257192,DSG1,13
1710,9606.ENSP00000257198,DSC1,3
1711,9606.ENSP00000257215,DAGLA,19
1712,9606.ENSP00000257245,TIMM10,17
1713,9606.ENSP00000257248,CBLIF,13
1714,9606.ENSP00000257264,TCN1,25
1715,9606.ENSP00000257287,CEP135,15
1716,9606.ENSP00000257290,PDGFRA,27
1717,9606.ENSP00000257312,DZIP1,33
1718,9606.ENSP00000257336,BIVM,36
1719,9606.ENSP00000257347,CARS2,36
1720,9606.ENSP00000257359,ADAMTS8,112
1721,9606.ENSP00000257408,KLB,7
1722,9606.ENSP00000257414,SEMA6A,14
1723,9606.ENSP00000257430,APC,22
1724,9606.ENSP00000257527,ADAM19,142
1725,9606.ENSP00000257548,USP30,21
1726,9606.ENSP00000257549,SDS,22
1727,9606.ENSP00000257552,MSI1,12
1728,9606.ENSP00000257566,TBX3,17
1729,9606.ENSP00000257570,OASL,56
1730,9606.ENSP00000257572,HRK,16
1731,9606.ENSP00000257600,DTX1,29
1732,9606.ENSP00000257604,TRAFD1,21
1733,9606.ENSP00000257626,GSAP,11
1734,9606.ENSP00000257627,OCM2,24
1735,9606.ENSP00000257694,PNPLA8,6
1736,9606.ENSP00000257696,HILPDA,13
1737,9606.ENSP00000257700,RINT1,14
1738,9606.ENSP00000257724,MDFIC,17
1739,9606.ENSP00000257749,BACH2,61
1740,9606.ENSP00000257770,NT5E,64
1741,9606.ENSP00000257776,MRAP2,4
1742,9606.ENSP00000257787,AKIRIN2,13
1743,9606.ENSP00000257789,ORC3,12
1744,9606.ENSP00000257818,LMO2,12
1745,9606.ENSP00000257829,NAT10,23
1746,9606.ENSP00000257860,PRPH,19
1747,9606.ENSP00000257861,AVIL,19
1748,9606.ENSP00000257863,AMHR2,34
1749,9606.ENSP00000257867,LACRT,7
1750,9606.ENSP00000257868,GDF11,19
1751,9606.ENSP00000257895,RDH5,44
1752,9606.ENSP00000257901,KRT85,16
1753,9606.ENSP00000257904,CDK4,13
1754,9606.ENSP00000257905,PPP1R1A,68
1755,9606.ENSP00000257909,TROAP,22
1756,9606.ENSP00000257910,TSPAN31,53
1757,9606.ENSP00000257915,TFCP2,4
1758,9606.ENSP00000257934,ESPL1,18
1759,9606.ENSP00000257974,KRT82,9
1760,9606.ENSP00000257981,KCNH3,2
1761,9606.ENSP00000258034,TAAR5,55
1762,9606.ENSP00000258042,NMBR,6
1763,9606.ENSP00000258052,SMPD2,3
1764,9606.ENSP00000258080,HTRA2,29
1765,9606.ENSP00000258091,CCT7,12
1766,9606.ENSP00000258098,RAB11FIP5,139
1767,9606.ENSP00000258105,MRPL53,17
1768,9606.ENSP00000258106,EMX1,20
1769,9606.ENSP00000258111,KCNMB4,26
1770,9606.ENSP00000258145,GNS,21
1771,9606.ENSP00000258149,MDM2,63
1772,9606.ENSP00000258168,BCO1,9
1773,9606.ENSP00000258169,MPHOSPH6,22
1774,9606.ENSP00000258173,TMEM231,66
1775,9606.ENSP00000258198,DYNC1LI2,25
1776,9606.ENSP00000258200,FBXL8,33
1777,9606.ENSP00000258201,FHOD1,14
1778,9606.ENSP00000258243,URB2,34
1779,9606.ENSP00000258281,TAF5L,63
1780,9606.ENSP00000258301,STX6,26
1781,9606.ENSP00000258302,RGS8,40
1782,9606.ENSP00000258317,NPL,35
1783,9606.ENSP00000258341,LAMC1,37
1784,9606.ENSP00000258381,SP110,47
1785,9606.ENSP00000258383,MRPL44,46
1786,9606.ENSP00000258385,CHRND,47
1787,9606.ENSP00000258399,USP37,36
1788,9606.ENSP00000258400,HTR2B,5
1789,9606.ENSP00000258411,WNT10A,21
1790,9606.ENSP00000258415,CYP27A1,36
1791,9606.ENSP00000258416,EIF4E2,6
1792,9606.ENSP00000258418,CAB39,9
1793,9606.ENSP00000258424,COX5B,33
1794,9606.ENSP00000258428,REV1,2
1795,9606.ENSP00000258439,TMEM127,15
1796,9606.ENSP00000258443,EDAR,1
1797,9606.ENSP00000258455,MRPS9,11
1798,9606.ENSP00000258457,C2orf49,25
1799,9606.ENSP00000258484,EPC2,29
1800,9606.ENSP00000258494,ALDH1L2,7
1801,9606.ENSP00000258499,USP44,6
1802,9606.ENSP00000258526,PLXNC1,10
1803,9606.ENSP00000258534,DRAM1,9
1804,9606.ENSP00000258538,SLC41A2,59
1805,9606.ENSP00000258648,MED4,3
1806,9606.ENSP00000258654,COG3,25
1807,9606.ENSP00000258662,NUDT15,9
1808,9606.ENSP00000258704,SPDYE1,34
1809,9606.ENSP00000258729,IGF2BP3,8
1810,9606.ENSP00000258739,KDELR2,21
1811,9606.ENSP00000258742,NUP42,27
1812,9606.ENSP00000258770,TBRG4,60
1813,9606.ENSP00000258772,DDX56,215
1814,9606.ENSP00000258774,HUS1,53
1815,9606.ENSP00000258787,MYO1G,37
1816,9606.ENSP00000258821,TTC5,113
1817,9606.ENSP00000258829,NKX2-8,89
1818,9606.ENSP00000258873,ACSBG1,14
1819,9606.ENSP00000258874,MTHFS,25
1820,9606.ENSP00000258886,IREB2,182
1821,9606.ENSP00000258888,ALPK3,167
1822,9606.ENSP00000258930,CIB2,43
1823,9606.ENSP00000258955,RSAD1,45
1824,9606.ENSP00000258962,SRSF1,34
1825,9606.ENSP00000258969,CHAD,112
1826,9606.ENSP00000258975,TACO1,45
1827,9606.ENSP00000259008,BRIP1,16
1828,9606.ENSP00000259021,KAT7,13
1829,9606.ENSP00000259030,RTP4,2
1830,9606.ENSP00000259037,NDUFB5,5
1831,9606.ENSP00000259053,CD302,93
1832,9606.ENSP00000259056,GALNT5,28
1833,9606.ENSP00000259075,TANK,14
1834,9606.ENSP00000259089,BLK,134
1835,9606.ENSP00000259154,KCTD3,27
1836,9606.ENSP00000259199,CBWD2,1
1837,9606.ENSP00000259205,IL36G,9
1838,9606.ENSP00000259206,IL1RN,9
1839,9606.ENSP00000259211,IL36A,79
1840,9606.ENSP00000259212,IL36RN,44
1841,9606.ENSP00000259213,IL36B,71
1842,9606.ENSP00000259216,CFC1,67
1843,9606.ENSP00000259229,CCDC115,134
1844,9606.ENSP00000259239,IMP4,64
1845,9606.ENSP00000259241,HS6ST1,26
1846,9606.ENSP00000259253,UGGT1,32
1847,9606.ENSP00000259254,GYPC,29
1848,9606.ENSP00000259324,LRRC8A,85
1849,9606.ENSP00000259335,ECPAS,88
1850,9606.ENSP00000259339,TOR1B,64
1851,9606.ENSP00000259351,RALGPS1,115
1852,9606.ENSP00000259365,TMOD1,76
1853,9606.ENSP00000259371,DAB2IP,82
1854,9606.ENSP00000259392,SLC31A2,74
1855,9606.ENSP00000259396,ORM1,18
1856,9606.ENSP00000259400,STX17,84
1857,9606.ENSP00000259407,BAAT,18
1858,9606.ENSP00000259455,GABBR2,17
1859,9606.ENSP00000259456,HEMGN,17
1860,9606.ENSP00000259457,PSMB7,95
1861,9606.ENSP00000259467,PDCL,46
1862,9606.ENSP00000259469,RPL35,75
1863,9606.ENSP00000259470,CTSV,64
1864,9606.ENSP00000259486,ENPP2,71
1865,9606.ENSP00000259512,DERL1,34
1866,9606.ENSP00000259526,CCN3,75
1867,9606.ENSP00000259569,RANBP6,11
1868,9606.ENSP00000259605,RNF38,85
1869,9606.ENSP00000259607,CCL21,152
1870,9606.ENSP00000259608,SIT1,36
1871,9606.ENSP00000259631,CCL27,79
1872,9606.ENSP00000259632,DCTN3,54
1873,9606.ENSP00000259633,CD72,59
1874,9606.ENSP00000259667,HINT2,45
1875,9606.ENSP00000259698,RIPOR2,78
1876,9606.ENSP00000259708,KLC4,191
1877,9606.ENSP00000259711,KIF13A,65
1878,9606.ENSP00000259727,GMPR,60
1879,9606.ENSP00000259782,TINAG,76
1880,9606.ENSP00000259803,GCM1,35
1881,9606.ENSP00000259808,RIPK1,59
1882,9606.ENSP00000259818,TUBB2B,87
1883,9606.ENSP00000259845,PSORS1C2,32
1884,9606.ENSP00000259870,C6orf15,28
1885,9606.ENSP00000259873,MRPS18B,70
1886,9606.ENSP00000259874,IER3,8
1887,9606.ENSP00000259881,PSORS1C1,56
1888,9606.ENSP00000259883,PGBD1,54
1889,9606.ENSP00000259895,GTF2H4,66
1890,9606.ENSP00000259915,POU5F1,42
1891,9606.ENSP00000259938,CLPS,82
1892,9606.ENSP00000259939,RNF144B,24
1893,9606.ENSP00000259951,HLA-F,108
1894,9606.ENSP00000259963,FAM8A1,58
1895,9606.ENSP00000259983,C6orf52,90
1896,9606.ENSP00000259989,FGFBP2,81
1897,9606.ENSP00000260010,TLR2,84
1898,9606.ENSP00000260045,THAP12,82
1899,9606.ENSP00000260102,MRPL15,91
1900,9606.ENSP00000260113,PI15,47
1901,9606.ENSP00000260116,TTPA,24
1902,9606.ENSP00000260118,GGH,85
1903,9606.ENSP00000260126,SLCO5A1,1
1904,9606.ENSP00000260128,SULF1,4
1905,9606.ENSP00000260129,TGS1,5
1906,9606.ENSP00000260184,DDX60L,7
1907,9606.ENSP00000260187,USP2,16
1908,9606.ENSP00000260191,HTR3B,4
1909,9606.ENSP00000260197,SORL1,11
1910,9606.ENSP00000260210,BUD13,90
1911,9606.ENSP00000260227,MMP7,101
1912,9606.ENSP00000260228,MMP20,56
1913,9606.ENSP00000260247,DCUN1D5,11
1914,9606.ENSP00000260257,FDXACB1,12
1915,9606.ENSP00000260264,POU2F3,48
1916,9606.ENSP00000260270,FDX1,12
1917,9606.ENSP00000260276,C11orf1,17
1918,9606.ENSP00000260283,ARHGAP20,6
1919,9606.ENSP00000260302,MMP13,22
1920,9606.ENSP00000260323,UNC13C,76
1921,9606.ENSP00000260327,CTDSPL2,204
1922,9606.ENSP00000260356,THBS1,36
1923,9606.ENSP00000260361,NDUFAF1,19
1924,9606.ENSP00000260363,KIF23,73
1925,9606.ENSP00000260372,HAUS2,36
1926,9606.ENSP00000260383,TUBGCP4,19
1927,9606.ENSP00000260385,RMDN3,142
1928,9606.ENSP00000260386,ITPKA,40
1929,9606.ENSP00000260402,PLCB2,61
1930,9606.ENSP00000260408,ADAM10,88
1931,9606.ENSP00000260443,RSL24D1,139
1932,9606.ENSP00000260447,GCHFR,33
1933,9606.ENSP00000260453,MNS1,74
1934,9606.ENSP00000260502,BCAR3,75
1935,9606.ENSP00000260508,KYAT3,102
1936,9606.ENSP00000260526,ARHGAP29,42
1937,9606.ENSP00000260563,RTCA,43
1938,9606.ENSP00000260570,IFT172,80
1939,9606.ENSP00000260585,SELENOI,17
1940,9606.ENSP00000260599,KHK,10
1941,9606.ENSP00000260643,PREB,137
1942,9606.ENSP00000260649,SLC3A1,17
1943,9606.ENSP00000260653,SIX3,17
1944,9606.ENSP00000260665,LRPPRC,49
1945,9606.ENSP00000260682,CYP2C9,62
1946,9606.ENSP00000260702,LOXL4,84
1947,9606.ENSP00000260731,KIF11,50
1948,9606.ENSP00000260746,ARL3,35
1949,9606.ENSP00000260762,EXOC6,4
1950,9606.ENSP00000260803,DBR1,46
1951,9606.ENSP00000260810,TOPBP1,70
1952,9606.ENSP00000260818,DNAJC13,59
1953,9606.ENSP00000260843,GPR87,30
1954,9606.ENSP00000260947,BARD1,42
1955,9606.ENSP00000260950,MSTN,59
1956,9606.ENSP00000260952,ASNSD1,16
1957,9606.ENSP00000260953,METTL5,144
1958,9606.ENSP00000260970,PPIG,37
1959,9606.ENSP00000260983,HECW2,29
1960,9606.ENSP00000260988,CRYGB,64
1961,9606.ENSP00000261007,CHRNA1,82
1962,9606.ENSP00000261015,WDR12,29
1963,9606.ENSP00000261023,ITGAV,96
1964,9606.ENSP00000261024,SLC40A1,100
1965,9606.ENSP00000261037,COL8A1,26
1966,9606.ENSP00000261038,SLC49A4,68
1967,9606.ENSP00000261047,GUCA1C,53
1968,9606.ENSP00000261070,COX17,56
1969,9606.ENSP00000261167,WBP11,48
1970,9606.ENSP00000261170,GUCY2C,107
1971,9606.ENSP00000261180,TRHDE,66
1972,9606.ENSP00000261183,OSBPL8,45
1973,9606.ENSP00000261191,INTS13,12
1974,9606.ENSP00000261195,GYS2,49
1975,9606.ENSP00000261196,SLCO1B3,14
1976,9606.ENSP00000261200,ABCC9,63
1977,9606.ENSP00000261205,SYT1,16
1978,9606.ENSP00000261208,HAL,48
1979,9606.ENSP00000261211,CDK17,32
1980,9606.ENSP00000261233,IRAK3,7
1981,9606.ENSP00000261234,RXYLT1,36
1982,9606.ENSP00000261245,MNAT1,36
1983,9606.ENSP00000261249,TRMT5,59
1984,9606.ENSP00000261250,C12orf4,58
1985,9606.ENSP00000261254,CCND2,15
1986,9606.ENSP00000261263,RAB21,36
1987,9606.ENSP00000261267,LYZ,85
1988,9606.ENSP00000261292,LIPG,58
1989,9606.ENSP00000261296,TGDS,90
1990,9606.ENSP00000261303,PSMC1,48
1991,9606.ENSP00000261304,GALC,57
1992,9606.ENSP00000261308,PPWD1,7
1993,9606.ENSP00000261313,PEBP1,61
1994,9606.ENSP00000261318,C12orf49,136
1995,9606.ENSP00000261326,MOCOS,62
1996,9606.ENSP00000261336,PZP,12
1997,9606.ENSP00000261340,CLEC2D,12
1998,9606.ENSP00000261349,LRP6,25
1999,9606.ENSP00000261366,LMNB1,99
2000,9606.ENSP00000261367,SNCAIP,10
2001,9606.ENSP00000261369,SNX24,65
2002,9606.ENSP00000261374,HS3ST2,62
2003,9606.ENSP00000261377,REXO5,17
2004,9606.ENSP00000261381,XYLT1,25
2005,9606.ENSP00000261383,DNAH3,6
2006,9606.ENSP00000261386,GDE1,117
2007,9606.ENSP00000261396,NUP133,78
2008,9606.ENSP00000261402,NUAK1,45
2009,9606.ENSP00000261405,VWF,158
2010,9606.ENSP00000261407,LPCAT3,55
2011,9606.ENSP00000261416,HEXB,67
2012,9606.ENSP00000261427,UBE2K,17
2013,9606.ENSP00000261435,N4BP2,8
2014,9606.ENSP00000261438,KLF3,20
2015,9606.ENSP00000261439,TBC1D1,10
2016,9606.ENSP00000261441,RSBN1,17
2017,9606.ENSP00000261448,CASQ2,21
2018,9606.ENSP00000261461,PPP2R5A,30
2019,9606.ENSP00000261464,TRAF5,17
2020,9606.ENSP00000261475,PPP2R3C,32
2021,9606.ENSP00000261479,PSMA6,10
2022,9606.ENSP00000261483,MAN2A1,150
2023,9606.ENSP00000261497,USP22,97
2024,9606.ENSP00000261499,B9D1,112
2025,9606.ENSP00000261503,SPECC1,97
2026,9606.ENSP00000261507,MSMO1,77
2027,9606.ENSP00000261514,CLCN3,104
2028,9606.ENSP00000261520,ICE2,96
2029,9606.ENSP00000261523,RORA,103
2030,9606.ENSP00000261530,GPATCH2L,38
2031,9606.ENSP00000261534,POMT2,101
2032,9606.ENSP00000261537,MIB1,110
2033,9606.ENSP00000261558,AP5M1,104
2034,9606.ENSP00000261574,IPO5,100
2035,9606.ENSP00000261584,PALB2,102
2036,9606.ENSP00000261588,KIAA0556,54
2037,9606.ENSP00000261590,DSG2,29
2038,9606.ENSP00000261593,RNF138,118
2039,9606.ENSP00000261596,LPIN2,86
2040,9606.ENSP00000261597,NDC80,37
2041,9606.ENSP00000261600,THOC1,103
2042,9606.ENSP00000261601,USP14,54
2043,9606.ENSP00000261609,HERC2,90
2044,9606.ENSP00000261622,SLC7A5,97
2045,9606.ENSP00000261623,CYBA,49
2046,9606.ENSP00000261636,ARL1,103
2047,9606.ENSP00000261637,UTP20,104
2048,9606.ENSP00000261643,COX10,104
2049,9606.ENSP00000261647,TTC19,35
2050,9606.ENSP00000261652,TNFRSF13B,47
2051,9606.ENSP00000261655,RIMBP2,86
2052,9606.ENSP00000261658,BFAR,24
2053,9606.ENSP00000261667,KPNA3,104
2054,9606.ENSP00000261681,MPP5,86
2055,9606.ENSP00000261692,CDK2AP1,35
2056,9606.ENSP00000261693,SCARB1,273
2057,9606.ENSP00000261700,RTRAF,104
2058,9606.ENSP00000261707,SLC6A4,102
2059,9606.ENSP00000261708,UTP6,102
2060,9606.ENSP00000261712,PSMD11,99
2061,9606.ENSP00000261714,BLMH,97
2062,9606.ENSP00000261716,TAOK1,105
2063,9606.ENSP00000261721,BTBD1,101
2064,9606.ENSP00000261726,CUX2,110
2065,9606.ENSP00000261731,LHX5,121
2066,9606.ENSP00000261733,ALDH2,95
2067,9606.ENSP00000261735,ERP29,114
2068,9606.ENSP00000261745,NAA25,104
2069,9606.ENSP00000261751,CHRNB4,86
2070,9606.ENSP00000261758,MESD,43
2071,9606.ENSP00000261769,CDH1,46
2072,9606.ENSP00000261772,AARS1,104
2073,9606.ENSP00000261776,VAC14,123
2074,9606.ENSP00000261778,TANGO6,97
2075,9606.ENSP00000261783,ARG2,105
2076,9606.ENSP00000261789,TM9SF1,50
2077,9606.ENSP00000261796,IL17B,96
2078,9606.ENSP00000261797,NDST1,124
2079,9606.ENSP00000261798,CSNK1A1,96
2080,9606.ENSP00000261799,PDGFRB,39
2081,9606.ENSP00000261800,FAT2,103
2082,9606.ENSP00000261813,PFDN1,83
2083,9606.ENSP00000261819,ANAPC5,108
2084,9606.ENSP00000261835,CYP46A1,103
2085,9606.ENSP00000261837,GNB5,341
2086,9606.ENSP00000261839,MYO5C,99
2087,9606.ENSP00000261842,AP4E1,103
2088,9606.ENSP00000261845,MAPK6,96
2089,9606.ENSP00000261854,SPPL2A,54
2090,9606.ENSP00000261858,GLCE,41
2091,9606.ENSP00000261861,CORO2B,203
2092,9606.ENSP00000261866,SPG11,50
2093,9606.ENSP00000261867,SLC30A4,100
2094,9606.ENSP00000261868,EIF3J,86
2095,9606.ENSP00000261875,HACD3,102
2096,9606.ENSP00000261879,APH1B,136
2097,9606.ENSP00000261880,AAGAB,15
2098,9606.ENSP00000261881,TIPIN,69
2099,9606.ENSP00000261883,CILP,69
2100,9606.ENSP00000261884,TRIP4,60
2101,9606.ENSP00000261888,PARP16,108
2102,9606.ENSP00000261889,SNX1,85
2103,9606.ENSP00000261890,RAB11A,92
2104,9606.ENSP00000261892,SLC24A1,44
2105,9606.ENSP00000261893,LACTB,11
2106,9606.ENSP00000261900,CCNT1,33
2107,9606.ENSP00000261917,HCN4,6
2108,9606.ENSP00000261918,SEMA7A,18
2109,9606.ENSP00000261921,LOXL1,44
2110,9606.ENSP00000261937,FLT4,34
2111,9606.ENSP00000261942,FAF2,34
2112,9606.ENSP00000261965,TUBGCP3,56
2113,9606.ENSP00000261973,RBM25,34
2114,9606.ENSP00000261978,LTBP2,5
2115,9606.ENSP00000261980,VSX2,15
2116,9606.ENSP00000261994,SERPINA10,20
2117,9606.ENSP00000262013,SPAG9,36
2118,9606.ENSP00000262018,SGCA,6
2119,9606.ENSP00000262027,MARS1,124
2120,9606.ENSP00000262030,ATP5F1B,116
2121,9606.ENSP00000262031,RBMS2,13
2122,9606.ENSP00000262039,PIK3C3,10
2123,9606.ENSP00000262041,MEOX2,47
2124,9606.ENSP00000262043,PHF3,24
2125,9606.ENSP00000262053,ATF1,14
2126,9606.ENSP00000262065,MMD,6
2127,9606.ENSP00000262067,TSPAN13,41
2128,9606.ENSP00000262094,RAB27B,96
2129,9606.ENSP00000262096,ZDHHC2,75
2130,9606.ENSP00000262102,MTUS1,41
2131,9606.ENSP00000262103,EFCAB1,2
2132,9606.ENSP00000262105,MCM4,8
2133,9606.ENSP00000262113,MYOM2,7
2134,9606.ENSP00000262120,TWSG1,60
2135,9606.ENSP00000262127,CEP76,68
2136,9606.ENSP00000262133,RBL2,28
2137,9606.ENSP00000262134,LPCAT2,59
2138,9606.ENSP00000262138,CACNG4,64
2139,9606.ENSP00000262139,WIPI1,110
2140,9606.ENSP00000262144,WDR59,66
2141,9606.ENSP00000262146,MTFR1,77
2142,9606.ENSP00000262150,CDH19,55
2143,9606.ENSP00000262158,SMAD7,29
2144,9606.ENSP00000262160,SMAD2,72
2145,9606.ENSP00000262177,DNAJB6,65
2146,9606.ENSP00000262178,VIPR2,87
2147,9606.ENSP00000262186,KCNH2,62
2148,9606.ENSP00000262187,RHEB,37
2149,9606.ENSP00000262188,SMARCD3,65
2150,9606.ENSP00000262189,KMT2C,108
2151,9606.ENSP00000262193,PSMB1,49
2152,9606.ENSP00000262198,ADNP2,64
2153,9606.ENSP00000262207,CRISPLD1,45
2154,9606.ENSP00000262209,TRPA1,64
2155,9606.ENSP00000262210,CSPP1,36
2156,9606.ENSP00000262213,TRAM1,56
2157,9606.ENSP00000262215,ARFGEF1,4
2158,9606.ENSP00000262219,ANXA13,7
2159,9606.ENSP00000262225,TMED2,22
2160,9606.ENSP00000262238,YY1,30
2161,9606.ENSP00000262241,RCOR1,70
2162,9606.ENSP00000262262,CD33,68
2163,9606.ENSP00000262265,PIH1D1,75
2164,9606.ENSP00000262290,LPO,29
2165,9606.ENSP00000262291,VMP1,51
2166,9606.ENSP00000262294,TRIM37,40
2167,9606.ENSP00000262300,PKMYT1,58
2168,9606.ENSP00000262301,LMF1,68
2169,9606.ENSP00000262302,NUBP2,41
2170,9606.ENSP00000262304,PKD1,35
2171,9606.ENSP00000262305,RAB11FIP3,37
2172,9606.ENSP00000262306,ELOB,50
2173,9606.ENSP00000262315,CHTF18,43
2174,9606.ENSP00000262316,RHBDF1,19
2175,9606.ENSP00000262319,TELO2,50
2176,9606.ENSP00000262320,AXIN1,45
2177,9606.ENSP00000262340,RPE65,34
2178,9606.ENSP00000262345,IL12RB2,34
2179,9606.ENSP00000262352,SLC1A1,34
2180,9606.ENSP00000262366,GLIS2,34
2181,9606.ENSP00000262367,CREBBP,35
2182,9606.ENSP00000262370,MGRN1,97
2183,9606.ENSP00000262374,ALG1,7
2184,9606.ENSP00000262375,DNAJA3,4
2185,9606.ENSP00000262376,UBN1,92
2186,9606.ENSP00000262384,N4BP1,21
2187,9606.ENSP00000262394,WSB1,56
2188,9606.ENSP00000262395,TRAF4,7
2189,9606.ENSP00000262406,RGS9,114
2190,9606.ENSP00000262407,ITGA2B,2
2191,9606.ENSP00000262415,DHX8,2
2192,9606.ENSP00000262418,SLC4A1,98
2193,9606.ENSP00000262424,CRISPLD2,22
2194,9606.ENSP00000262426,FOXF1,66
2195,9606.ENSP00000262428,COTL1,66
2196,9606.ENSP00000262430,MLYCD,56
2197,9606.ENSP00000262432,METTL2B,52
2198,9606.ENSP00000262435,SMURF2,32
2199,9606.ENSP00000262441,GLP2R,67
2200,9606.ENSP00000262442,DNAH9,16
2201,9606.ENSP00000262450,CHD5,73
2202,9606.ENSP00000262455,ERP44,98
2203,9606.ENSP00000262457,INVS,55
2204,9606.ENSP00000262460,GINS1,37
2205,9606.ENSP00000262461,SLC12A2,53
2206,9606.ENSP00000262462,SLC27A6,20
2207,9606.ENSP00000262482,RNF167,123
2208,9606.ENSP00000262483,PITPNM3,56
2209,9606.ENSP00000262487,ISM1,99
2210,9606.ENSP00000262494,GNAO1,47
2211,9606.ENSP00000262498,CFAP20,109
2212,9606.ENSP00000262506,CSNK2A2,40
2213,9606.ENSP00000262507,COQ9,78
2214,9606.ENSP00000262510,NLRC5,81
2215,9606.ENSP00000262518,SRCAP,131
2216,9606.ENSP00000262519,SETD1A,101
2217,9606.ENSP00000262525,ZNF629,39
2218,9606.ENSP00000262545,PCSK2,119
2219,9606.ENSP00000262554,SPTLC1,30
2220,9606.ENSP00000262577,ZC3H3,59
2221,9606.ENSP00000262584,RPL8,129
2222,9606.ENSP00000262593,DOK5,32
2223,9606.ENSP00000262613,SLC9A3R1,152
2224,9606.ENSP00000262622,CHST8,15
2225,9606.ENSP00000262623,ATP4A,157
2226,9606.ENSP00000262626,HPN,35
2227,9606.ENSP00000262629,TYROBP,113
2228,9606.ENSP00000262633,RBM42,75
2229,9606.ENSP00000262640,VAMP7,170
2230,9606.ENSP00000262643,CCNE1,83
2231,9606.ENSP00000262644,IMPAD1,46
2232,9606.ENSP00000262646,RAB2A,47
2233,9606.ENSP00000262648,ANOS1,43
2234,9606.ENSP00000262653,CBFA2T2,42
2235,9606.ENSP00000262659,CCM2L,7
2236,9606.ENSP00000262662,CDKN2C,10
2237,9606.ENSP00000262710,ACIN1,40
2238,9606.ENSP00000262713,AJUBA,21
2239,9606.ENSP00000262715,TEP1,11
2240,9606.ENSP00000262717,CDH20,100
2241,9606.ENSP00000262719,PHLPP1,22
2242,9606.ENSP00000262726,EFCAB6,20
2243,9606.ENSP00000262738,CELSR1,16
2244,9606.ENSP00000262741,PIK3R3,2
2245,9606.ENSP00000262746,PRDX1,17
2246,9606.ENSP00000262752,RPS6KA6,5
2247,9606.ENSP00000262764,PGS1,5
2248,9606.ENSP00000262765,QRICH2,37
2249,9606.ENSP00000262768,TIMP2,7
2250,9606.ENSP00000262776,LGALS3BP,15
2251,9606.ENSP00000262794,MOV10L1,175
2252,9606.ENSP00000262809,ELL,15
2253,9606.ENSP00000262811,MAST3,26
2254,9606.ENSP00000262815,MAU2,37
2255,9606.ENSP00000262839,TRPC5,12
2256,9606.ENSP00000262843,MID2,2
2257,9606.ENSP00000262844,AMMECR1,24
2258,9606.ENSP00000262848,PRKX,17
2259,9606.ENSP00000262850,RRAGB,21
2260,9606.ENSP00000262865,BPI,12
2261,9606.ENSP00000262866,SLA2,35
2262,9606.ENSP00000262879,RALGAPB,34
2263,9606.ENSP00000262887,XRCC1,16
2264,9606.ENSP00000262891,MARK4,18
2265,9606.ENSP00000262903,HACE1,13
2266,9606.ENSP00000262904,E2F3,9
2267,9606.ENSP00000262916,KCNQ4,18
2268,9606.ENSP00000262919,ATRN,18
2269,9606.ENSP00000262932,CNPY4,12
2270,9606.ENSP00000262940,RASA4,28
2271,9606.ENSP00000262942,ARPC1A,17
2272,9606.ENSP00000262947,MYDGF,19
2273,9606.ENSP00000262948,MAP2K2,30
2274,9606.ENSP00000262958,GNA15,24
2275,9606.ENSP00000262960,DPP9,20
2276,9606.ENSP00000262962,YJU2,28
2277,9606.ENSP00000262965,TCF3,23
2278,9606.ENSP00000262971,PIAS4,1
2279,9606.ENSP00000262982,CSE1L,4
2280,9606.ENSP00000262990,ZNF330,42
2281,9606.ENSP00000262995,GAB1,22
2282,9606.ENSP00000262999,UCP1,56
2283,9606.ENSP00000263025,MAPK3,23
2284,9606.ENSP00000263026,EEF2K,15
2285,9606.ENSP00000263035,DHTKD1,30
2286,9606.ENSP00000263038,PHYH,77
2287,9606.ENSP00000263054,SORCS1,79
2288,9606.ENSP00000263056,MAP3K8,22
2289,9606.ENSP00000263062,EPC1,77
2290,9606.ENSP00000263063,MTPAP,16
2291,9606.ENSP00000263071,SCARF1,16
2292,9606.ENSP00000263073,SMG6,28
2293,9606.ENSP00000263080,ASPA,49
2294,9606.ENSP00000263083,DPH1,148
2295,9606.ENSP00000263087,ITGAE,34
2296,9606.ENSP00000263088,PLD2,14
2297,9606.ENSP00000263092,METTL16,31
2298,9606.ENSP00000263093,SLC27A5,16
2299,9606.ENSP00000263094,ABCA7,6
2300,9606.ENSP00000263100,A1BG,7
2301,9606.ENSP00000263102,CCDC6,17
2302,9606.ENSP00000263116,RAB36,12
2303,9606.ENSP00000263125,PRKCQ,25
2304,9606.ENSP00000263150,WDR37,4
2305,9606.ENSP00000263160,SLC17A6,5
2306,9606.ENSP00000263168,CAPZA1,3
2307,9606.ENSP00000263181,KIF18A,12
2308,9606.ENSP00000263182,BBOX1,13
2309,9606.ENSP00000263187,MSH4,21
2310,9606.ENSP00000263196,DGCR2,35
2311,9606.ENSP00000263202,UFD1,33
2312,9606.ENSP00000263205,MED15,48
2313,9606.ENSP00000263207,ARVCF,56
2314,9606.ENSP00000263208,HIRA,40
2315,9606.ENSP00000263209,DGCR8,75
2316,9606.ENSP00000263212,PPM1F,26
2317,9606.ENSP00000263228,UBE2R2,11
2318,9606.ENSP00000263233,SYP,12
2319,9606.ENSP00000263238,ACTR3,34
2320,9606.ENSP00000263239,DDX18,22
2321,9606.ENSP00000263245,ARFGAP3,77
2322,9606.ENSP00000263246,PACSIN2,47
2323,9606.ENSP00000263253,EP300,13
2324,9606.ENSP00000263256,DESI1,33
2325,9606.ENSP00000263257,NOVA2,15
2326,9606.ENSP00000263265,PLEKHA4,44
2327,9606.ENSP00000263268,MREG,234
2328,9606.ENSP00000263269,GRIN2D,40
2329,9606.ENSP00000263274,LIG1,17
2330,9606.ENSP00000263277,EHD2,147
2331,9606.ENSP00000263278,HSD17B14,31
2332,9606.ENSP00000263285,LY9,16
2333,9606.ENSP00000263314,P2RX3,48
2334,9606.ENSP00000263317,NOX4,24
2335,9606.ENSP00000263321,TYR,141
2336,9606.ENSP00000263326,IL37,28
2337,9606.ENSP00000263334,PAX8,14
2338,9606.ENSP00000263339,IL1A,14
2339,9606.ENSP00000263341,IL1B,46
2340,9606.ENSP00000263346,TCF25,22
2341,9606.ENSP00000263354,NAPA,10
2342,9606.ENSP00000263368,BLVRB,15
2343,9606.ENSP00000263370,ITPKC,9
2344,9606.ENSP00000263372,KCNK6,63
2345,9606.ENSP00000263377,BRD4,73
2346,9606.ENSP00000263379,IL27RA,12
2347,9606.ENSP00000263382,ASF1B,1
2348,9606.ENSP00000263383,ILVBL,88
2349,9606.ENSP00000263384,FAM32A,67
2350,9606.ENSP00000263388,NOTCH3,30
2351,9606.ENSP00000263390,MED26,1
2352,9606.ENSP00000263401,COMMD9,12
2353,9606.ENSP00000263408,C9,13
2354,9606.ENSP00000263413,C6,56
2355,9606.ENSP00000263431,PRKCG,16
2356,9606.ENSP00000263433,PPP1R12C,12
2357,9606.ENSP00000263440,ALG6,7
2358,9606.ENSP00000263461,WDR11,7
2359,9606.ENSP00000263464,BIRC3,51
2360,9606.ENSP00000263512,SLC10A3,101
2361,9606.ENSP00000263519,ATP2B3,61
2362,9606.ENSP00000263549,PARP12,130
2363,9606.ENSP00000263556,P4HA1,19
2364,9606.ENSP00000263559,VPS26A,22
2365,9606.ENSP00000263576,DDX25,53
2366,9606.ENSP00000263578,FOXRED1,46
2367,9606.ENSP00000263579,DCPS,24
2368,9606.ENSP00000263593,SIAE,80
2369,9606.ENSP00000263598,LCN1,8
2370,9606.ENSP00000263610,BARHL1,25
2371,9606.ENSP00000263620,ARID3A,29
2372,9606.ENSP00000263629,MTIF2,16
2373,9606.ENSP00000263635,TANC1,78
2374,9606.ENSP00000263636,LY75,18
2375,9606.ENSP00000263645,CD81,19
2376,9606.ENSP00000263650,OSBPL5,13
2377,9606.ENSP00000263655,CNRIP1,10
2378,9606.ENSP00000263657,PNO1,110
2379,9606.ENSP00000263663,TAF1B,16
2380,9606.ENSP00000263665,CNTN3,28
2381,9606.ENSP00000263666,PDZRN3,15
2382,9606.ENSP00000263671,CHRDL2,31
2383,9606.ENSP00000263672,SPCS2,12
2384,9606.ENSP00000263674,ARHGEF17,14
2385,9606.ENSP00000263681,POLD3,104
2386,9606.ENSP00000263686,SELP,196
2387,9606.ENSP00000263694,SNRNP40,65
2388,9606.ENSP00000263697,DNAJC8,15
2389,9606.ENSP00000263702,MECR,10
2390,9606.ENSP00000263707,TFCP2L1,41
2391,9606.ENSP00000263708,PTPN4,29
2392,9606.ENSP00000263710,CLASP1,37
2393,9606.ENSP00000263713,EPB41L5,20
2394,9606.ENSP00000263726,LHX4,17
2395,9606.ENSP00000263733,FAM20B,56
2396,9606.ENSP00000263734,EPAS1,9
2397,9606.ENSP00000263735,EPCAM,9
2398,9606.ENSP00000263736,SRBD1,41
2399,9606.ENSP00000263753,SGO1,46
2400,9606.ENSP00000263754,KAT2B,33
2401,9606.ENSP00000263774,NDUFS3,37
2402,9606.ENSP00000263776,ACCS,92
2403,9606.ENSP00000263780,CHMP2B,46
2404,9606.ENSP00000263791,EIF2AK4,46
2405,9606.ENSP00000263795,WDR76,19
2406,9606.ENSP00000263798,TYRO3,69
2407,9606.ENSP00000263800,LTK,150
2408,9606.ENSP00000263805,ZNF106,97
2409,9606.ENSP00000263847,OSBP,17
2410,9606.ENSP00000263849,ZC2HC1A,99
2411,9606.ENSP00000263851,IL7,60
2412,9606.ENSP00000263856,CHMP3,23
2413,9606.ENSP00000263857,POLR1A,97
2414,9606.ENSP00000263864,VAMP8,61
2415,9606.ENSP00000263867,CAPG,22
2416,9606.ENSP00000263881,MAP4K3,57
2417,9606.ENSP00000263897,USE1,122
2418,9606.ENSP00000263904,STAM2,5
2419,9606.ENSP00000263915,GRB14,66
2420,9606.ENSP00000263918,STRN,26
2421,9606.ENSP00000263921,CHIC2,17
2422,9606.ENSP00000263923,KDR,10
2423,9606.ENSP00000263925,LNX1,48
2424,9606.ENSP00000263932,TNFRSF8,37
2425,9606.ENSP00000263934,KIF1B,28
2426,9606.ENSP00000263946,PKP1,139
2427,9606.ENSP00000263955,STK17B,28
2428,9606.ENSP00000263956,GTF3C3,42
2429,9606.ENSP00000263960,COQ10B,19
2430,9606.ENSP00000263966,USP13,86
2431,9606.ENSP00000263967,PIK3CA,30
2432,9606.ENSP00000263974,TAF12,37
2433,9606.ENSP00000263980,SLC9A1,390
2434,9606.ENSP00000263985,GATB,32
2435,9606.ENSP00000263991,EHBP1,30
2436,9606.ENSP00000263997,SLC7A6OS,43
2437,9606.ENSP00000264001,CKLF,39
2438,9606.ENSP00000264005,LCAT,29
2439,9606.ENSP00000264012,CDH3,239
2440,9606.ENSP00000264020,IFT46,164
2441,9606.ENSP00000264025,NECTIN1,71
2442,9606.ENSP00000264027,SC5D,43
2443,9606.ENSP00000264028,ARCN1,45
2444,9606.ENSP00000264029,TREH,230
2445,9606.ENSP00000264031,UPK2,13
2446,9606.ENSP00000264033,CBL,42
2447,9606.ENSP00000264036,MCAM,20
2448,9606.ENSP00000264039,GPC1,18
2449,9606.ENSP00000264042,FARP2,23
2450,9606.ENSP00000264047,SLC5A7,58
2451,9606.ENSP00000264051,NGEF,26
2452,9606.ENSP00000264057,DGKD,47
2453,9606.ENSP00000264059,EFHD1,56
2454,9606.ENSP00000264065,DNAJC10,94
2455,9606.ENSP00000264071,TUBB4A,46
2456,9606.ENSP00000264072,FCER2,122
2457,9606.ENSP00000264079,MCOLN1,54
2458,9606.ENSP00000264080,GPR108,138
2459,9606.ENSP00000264093,DGUOK,207
2460,9606.ENSP00000264094,LOXL3,25
2461,9606.ENSP00000264108,HAT1,32
2462,9606.ENSP00000264110,ATF2,164
2463,9606.ENSP00000264144,LAMC2,136
2464,9606.ENSP00000264151,OSGEPL1,25
2465,9606.ENSP00000264156,MCM6,67
2466,9606.ENSP00000264157,CCNT2,172
2467,9606.ENSP00000264159,ZRANB3,112
2468,9606.ENSP00000264161,DARS1,144
2469,9606.ENSP00000264162,LCT,172
2470,9606.ENSP00000264167,AGPS,144
2471,9606.ENSP00000264170,KYNU,80
2472,9606.ENSP00000264183,ARID4B,74
2473,9606.ENSP00000264187,NID1,32
2474,9606.ENSP00000264192,CYTIP,102
2475,9606.ENSP00000264198,MUL1,208
2476,9606.ENSP00000264218,NMU,36
2477,9606.ENSP00000264220,PPAT,138
2478,9606.ENSP00000264228,SRD5A3,40
2479,9606.ENSP00000264230,NOA1,26
2480,9606.ENSP00000264231,POPDC2,12
2481,9606.ENSP00000264233,POLQ,86
2482,9606.ENSP00000264234,UPK1B,129
2483,9606.ENSP00000264245,ARHGAP31,82
2484,9606.ENSP00000264246,CD80,119
2485,9606.ENSP00000264249,CHST10,125
2486,9606.ENSP00000264254,PDCL3,92
2487,9606.ENSP00000264255,TXNDC9,230
2488,9606.ENSP00000264257,IL1RL2,104
2489,9606.ENSP00000264260,IL18RAP,49
2490,9606.ENSP00000264263,GFM1,199
2491,9606.ENSP00000264265,LXN,121
2492,9606.ENSP00000264276,ALS2,10
2493,9606.ENSP00000264279,NOP58,233
2494,9606.ENSP00000264313,SLAIN2,53
2495,9606.ENSP00000264316,TXK,16
2496,9606.ENSP00000264318,GABRA4,92
2497,9606.ENSP00000264331,TOP2B,161
2498,9606.ENSP00000264335,YWHAE,25
2499,9606.ENSP00000264344,FAM13A,28
2500,9606.ENSP00000264346,HERC6,28
2501,9606.ENSP00000264350,HERC5,73
2502,9606.ENSP00000264360,PCDH10,100
2503,9606.ENSP00000264376,CRYGD,20
2504,9606.ENSP00000264377,ADAM23,23
2505,9606.ENSP00000264380,PIKFYVE,37
2506,9606.ENSP00000264381,BCHE,19
2507,9606.ENSP00000264382,SI,20
2508,9606.ENSP00000264399,PRKG2,10
2509,9606.ENSP00000264400,RASGEF1B,25
2510,9606.ENSP00000264409,GPAT3,157
2511,9606.ENSP00000264414,CUL3,18
2512,9606.ENSP00000264428,GLRB,18
2513,9606.ENSP00000264431,RAPGEF2,22
2514,9606.ENSP00000264433,FNIP2,23
2515,9606.ENSP00000264436,ADD2,155
2516,9606.ENSP00000264444,MXD1,48
2517,9606.ENSP00000264451,SLC30A9,19
2518,9606.ENSP00000264454,SEC22C,38
2519,9606.ENSP00000264463,CDH10,22
2520,9606.ENSP00000264474,CSTA,98
2521,9606.ENSP00000264498,FGF2,4
2522,9606.ENSP00000264499,BBS7,21
2523,9606.ENSP00000264501,KIAA1109,3
2524,9606.ENSP00000264515,RBBP5,21
2525,9606.ENSP00000264538,IFT57,2
2526,9606.ENSP00000264552,UBE2S,14
2527,9606.ENSP00000264553,GZMM,14
2528,9606.ENSP00000264554,SHC2,9
2529,9606.ENSP00000264555,PHRF1,38
2530,9606.ENSP00000264563,IL11,10
2531,9606.ENSP00000264595,AGA,19
2532,9606.ENSP00000264596,NEIL3,31
2533,9606.ENSP00000264601,RAB17,2
2534,9606.ENSP00000264605,MLPH,12
2535,9606.ENSP00000264606,HDAC4,44
2536,9606.ENSP00000264607,ASB1,12
2537,9606.ENSP00000264613,CP,19
2538,9606.ENSP00000264634,WNT5A,38
2539,9606.ENSP00000264637,THRA,16
2540,9606.ENSP00000264638,CNTNAP1,4
2541,9606.ENSP00000264639,PSMD3,48
2542,9606.ENSP00000264645,CASC3,4
2543,9606.ENSP00000264649,ATP6V0A1,23
2544,9606.ENSP00000264651,KRT24,12
2545,9606.ENSP00000264657,STAT3,12
2546,9606.ENSP00000264658,FBXL20,18
2547,9606.ENSP00000264663,NNT,57
2548,9606.ENSP00000264664,FGF10,17
2549,9606.ENSP00000264669,FASTKD3,29
2550,9606.ENSP00000264670,NSUN2,11
2551,9606.ENSP00000264674,MECOM,23
2552,9606.ENSP00000264689,UFSP2,8
2553,9606.ENSP00000264690,KLKB1,27
2554,9606.ENSP00000264705,CAD,30
2555,9606.ENSP00000264709,DNMT3A,14
2556,9606.ENSP00000264710,RAB10,22
2557,9606.ENSP00000264711,DNAJC27,13
2558,9606.ENSP00000264712,KIF3C,13
2559,9606.ENSP00000264716,FOSL2,27
2560,9606.ENSP00000264717,GCKR,26
2561,9606.ENSP00000264718,GPN1,24
2562,9606.ENSP00000264731,TP63,56
2563,9606.ENSP00000264734,CLDN16,13
2564,9606.ENSP00000264741,ITGA9,55
2565,9606.ENSP00000264758,ADD1,14
2566,9606.ENSP00000264771,TMEM175,20
2567,9606.ENSP00000264773,KCNN2,85
2568,9606.ENSP00000264775,PLPP1,9
2569,9606.ENSP00000264784,SLC2A9,30
2570,9606.ENSP00000264819,MIER2,22
2571,9606.ENSP00000264824,LYL1,15
2572,9606.ENSP00000264828,COL5A3,81
2573,9606.ENSP00000264832,ICAM1,11
2574,9606.ENSP00000264833,OLFM2,58
2575,9606.ENSP00000264834,KLF1,28
2576,9606.ENSP00000264864,PI4K2B,30
2577,9606.ENSP00000264866,TBC1D19,15
2578,9606.ENSP00000264867,PPARGC1A,46
2579,9606.ENSP00000264870,F13A1,37
2580,9606.ENSP00000264883,NUP54,9
2581,9606.ENSP00000264896,SCARB2,5
2582,9606.ENSP00000264904,USO1,4
2583,9606.ENSP00000264914,ARSB,16
2584,9606.ENSP00000264917,PDE8B,32
2585,9606.ENSP00000264926,RAD18,8
2586,9606.ENSP00000264932,SDHA,33
2587,9606.ENSP00000264933,PDCD6,33
2588,9606.ENSP00000264935,CEP72,37
2589,9606.ENSP00000264938,SLC9A3,31
2590,9606.ENSP00000264951,XRN1,19
2591,9606.ENSP00000264952,GRK7,30
2592,9606.ENSP00000264954,GRPEL1,34
2593,9606.ENSP00000264956,EVC,18
2594,9606.ENSP00000264968,MGAT4A,35
2595,9606.ENSP00000264972,ZAP70,36
2596,9606.ENSP00000264977,PPP2R3A,24
2597,9606.ENSP00000264982,CEP70,45
2598,9606.ENSP00000264990,ACAD11,48
2599,9606.ENSP00000264995,MRPL3,74
2600,9606.ENSP00000265000,GALNT7,5
2601,9606.ENSP00000265016,BST1,10
2602,9606.ENSP00000265018,FAM184B,18
2603,9606.ENSP00000265022,DGKG,16
2604,9606.ENSP00000265026,MAP3K13,5
2605,9606.ENSP00000265029,FETUB,29
2606,9606.ENSP00000265036,DEPDC1B,13
2607,9606.ENSP00000265038,ERCC8,16
2608,9606.ENSP00000265052,MGLL,12
2609,9606.ENSP00000265056,MCM2,53
2610,9606.ENSP00000265062,RAB7A,26
2611,9606.ENSP00000265068,KIAA1257,9
2612,9606.ENSP00000265069,ZFR,35
2613,9606.ENSP00000265070,GOLPH3,9
2614,9606.ENSP00000265071,CDH6,52
2615,9606.ENSP00000265073,SUB1,61
2616,9606.ENSP00000265074,NPR3,10
2617,9606.ENSP00000265077,VCAN,32
2618,9606.ENSP00000265080,RASGRF2,8
2619,9606.ENSP00000265081,MSH3,44
2620,9606.ENSP00000265085,CPEB4,46
2621,9606.ENSP00000265087,STC2,14
2622,9606.ENSP00000265094,FBXW11,55
2623,9606.ENSP00000265097,THOC3,39
2624,9606.ENSP00000265104,DNAH5,11
2625,9606.ENSP00000265107,WDR70,12
2626,9606.ENSP00000265113,SLC1A3,15
2627,9606.ENSP00000265131,TNC,102
2628,9606.ENSP00000265132,AMBP,32
2629,9606.ENSP00000265138,ARRDC3,56
2630,9606.ENSP00000265140,SLF1,11
2631,9606.ENSP00000265148,CENPE,58
2632,9606.ENSP00000265162,ENPEP,60
2633,9606.ENSP00000265164,CASP6,137
2634,9606.ENSP00000265165,LEF1,178
2635,9606.ENSP00000265171,EGF,141
2636,9606.ENSP00000265174,PAPSS1,24
2637,9606.ENSP00000265191,NME5,113
2638,9606.ENSP00000265195,SIL1,206
2639,9606.ENSP00000265239,IQCG,122
2640,9606.ENSP00000265245,LSG1,39
2641,9606.ENSP00000265260,PCNP,31
2642,9606.ENSP00000265271,RBM27,106
2643,9606.ENSP00000265276,GPAM,134
2644,9606.ENSP00000265295,SPDL1,205
2645,9606.ENSP00000265310,TRPV5,88
2646,9606.ENSP00000265316,ABCB6,6
2647,9606.ENSP00000265322,PECR,87
2648,9606.ENSP00000265339,UBE2B,90
2649,9606.ENSP00000265340,PITX1,41
2650,9606.ENSP00000265343,AFF4,173
2651,9606.ENSP00000265350,MED20,93
2652,9606.ENSP00000265351,XPO5,125
2653,9606.ENSP00000265354,SRF,184
2654,9606.ENSP00000265361,SEMA3C,219
2655,9606.ENSP00000265362,SEMA3A,123
2656,9606.ENSP00000265371,NRP1,39
2657,9606.ENSP00000265372,CREM,140
2658,9606.ENSP00000265379,COL6A5,106
2659,9606.ENSP00000265381,APBA1,163
2660,9606.ENSP00000265382,PIP5K1B,37
2661,9606.ENSP00000265388,TNPO3,27
2662,9606.ENSP00000265395,HIBADH,13
2663,9606.ENSP00000265403,UGT2B10,132
2664,9606.ENSP00000265404,STAP1,93
2665,9606.ENSP00000265421,POLB,40
2666,9606.ENSP00000265431,CALB1,116
2667,9606.ENSP00000265433,NBN,157
2668,9606.ENSP00000265440,TFEC,141
2669,9606.ENSP00000265441,WNT2,72
2670,9606.ENSP00000265459,NRXN2,102
2671,9606.ENSP00000265462,PRDX5,166
2672,9606.ENSP00000265465,POLA2,212
2673,9606.ENSP00000265471,B3GAT3,11
2674,9606.ENSP00000265560,USP4,158
2675,9606.ENSP00000265562,PTPN23,15
2676,9606.ENSP00000265563,PRKAR2A,85
2677,9606.ENSP00000265564,EXOSC7,37
2678,9606.ENSP00000265565,SCAP,67
2679,9606.ENSP00000265593,CLCN2,101
2680,9606.ENSP00000265594,MCCC1,233
2681,9606.ENSP00000265598,LAMP3,183
2682,9606.ENSP00000265602,AHI1,203
2683,9606.ENSP00000265605,ALDH8A1,182
2684,9606.ENSP00000265627,PON3,90
2685,9606.ENSP00000265634,NPTX2,139
2686,9606.ENSP00000265641,CPT1A,115
2687,9606.ENSP00000265643,GAL,83
2688,9606.ENSP00000265651,FBXO3,130
2689,9606.ENSP00000265686,TCIRG1,47
2690,9606.ENSP00000265689,CHKA,21
2691,9606.ENSP00000265708,ADAM2,90
2692,9606.ENSP00000265709,ANK1,104
2693,9606.ENSP00000265713,KAT6A,48
2694,9606.ENSP00000265717,PRKAR2B,122
2695,9606.ENSP00000265720,DUS4L,38
2696,9606.ENSP00000265723,ABCB4,47
2697,9606.ENSP00000265727,ADAM22,67
2698,9606.ENSP00000265728,DBF4,48
2699,9606.ENSP00000265729,SRI,65
2700,9606.ENSP00000265732,RBM48,45
2701,9606.ENSP00000265734,CDK6,104
2702,9606.ENSP00000265742,ANKIB1,58
2703,9606.ENSP00000265748,ANLN,80
2704,9606.ENSP00000265753,EIF4H,72
2705,9606.ENSP00000265769,ADAM28,47
2706,9606.ENSP00000265807,SH2D4A,214
2707,9606.ENSP00000265838,ACAT1,21
2708,9606.ENSP00000265843,EXPH5,44
2709,9606.ENSP00000265849,PMS2,96
2710,9606.ENSP00000265857,GET4,83
2711,9606.ENSP00000265866,HNRNPH3,95
2712,9606.ENSP00000265872,CCAR1,44
2713,9606.ENSP00000265896,SQLE,120
2714,9606.ENSP00000265922,BRINP1,44
2715,9606.ENSP00000265960,MAPKAP1,17
2716,9606.ENSP00000265963,GTF2H1,88
2717,9606.ENSP00000265965,SERGEF,68
2718,9606.ENSP00000265967,HPS5,191
2719,9606.ENSP00000265969,KCNC1,147
2720,9606.ENSP00000265970,PIK3C2A,65
2721,9606.ENSP00000265978,FAM160A2,121
2722,9606.ENSP00000265983,HPX,122
2723,9606.ENSP00000265986,IDE,145
2724,9606.ENSP00000265990,BTAF1,90
2725,9606.ENSP00000265997,CPEB3,124
2726,9606.ENSP00000266000,DAXX,48
2727,9606.ENSP00000266025,TMEM115,142
2728,9606.ENSP00000266031,HYAL1,120
2729,9606.ENSP00000266037,DOCK3,40
2730,9606.ENSP00000266041,ITIH4,29
2731,9606.ENSP00000266058,SLIT1,19
2732,9606.ENSP00000266066,SFRP5,6
2733,9606.ENSP00000266068,GMEB2,42
2734,9606.ENSP00000266069,GID8,6
2735,9606.ENSP00000266070,DIDO1,5
2736,9606.ENSP00000266077,SLC2A4RG,12
2737,9606.ENSP00000266079,PRPF6,12
2738,9606.ENSP00000266085,TIMP3,4
2739,9606.ENSP00000266086,SLC5A4,5
2740,9606.ENSP00000266087,FBXO7,30
2741,9606.ENSP00000266088,SLC5A1,15
2742,9606.ENSP00000266126,EIF2B2,7
2743,9606.ENSP00000266254,TTLL1,33
2744,9606.ENSP00000266263,MTFP1,6
2745,9606.ENSP00000266269,PATZ1,5
2746,9606.ENSP00000266304,TEF,24
2747,9606.ENSP00000266376,CACNA1C,5
2748,9606.ENSP00000266383,B4GALNT3,5
2749,9606.ENSP00000266395,PDE6H,3
2750,9606.ENSP00000266397,ERP27,7
2751,9606.ENSP00000266483,ALG10,13
2752,9606.ENSP00000266503,ARNTL2,5
2753,9606.ENSP00000266505,PLCZ1,9
2754,9606.ENSP00000266529,ZCRB1,7
2755,9606.ENSP00000266542,C1RL,20
2756,9606.ENSP00000266544,NDUFA9,4
2757,9606.ENSP00000266546,CLSTN3,5
2758,9606.ENSP00000266551,KLRG1,29
2759,9606.ENSP00000266556,TAPBPL,1
2760,9606.ENSP00000266557,CD27,23
2761,9606.ENSP00000266579,SLC38A4,46
2762,9606.ENSP00000266604,LLPH,83
2763,9606.ENSP00000266643,MARCHF9,33
2764,9606.ENSP00000266646,INHBE,26
2765,9606.ENSP00000266659,GLIPR1,18
2766,9606.ENSP00000266671,PHLDA1,22
2767,9606.ENSP00000266673,TMEM19,29
2768,9606.ENSP00000266674,LGR5,121
2769,9606.ENSP00000266679,CPSF6,26
2770,9606.ENSP00000266718,LUM,21
2771,9606.ENSP00000266719,KERA,121
2772,9606.ENSP00000266732,TMPO,23
2773,9606.ENSP00000266735,SNRPF,34
2774,9606.ENSP00000266736,AMDHD1,34
2775,9606.ENSP00000266744,ASCL1,44
2776,9606.ENSP00000266771,SLC15A4,53
2777,9606.ENSP00000266970,CDK2,16
2778,9606.ENSP00000266980,SLC39A5,13
2779,9606.ENSP00000266987,TARBP2,9
2780,9606.ENSP00000267017,NPFF,26
2781,9606.ENSP00000267082,ITGB7,44
2782,9606.ENSP00000267085,CSAD,14
2783,9606.ENSP00000267101,ERBB3,8
2784,9606.ENSP00000267102,LMBR1L,47
2785,9606.ENSP00000267103,C12orf10,34
2786,9606.ENSP00000267113,ESYT1,25
2787,9606.ENSP00000267116,ANKRD52,22
2788,9606.ENSP00000267119,KRT71,32
2789,9606.ENSP00000267163,RB1,61
2790,9606.ENSP00000267199,VPS33A,65
2791,9606.ENSP00000267202,VPS37B,47
2792,9606.ENSP00000267205,RHOF,29
2793,9606.ENSP00000267257,PXN,45
2794,9606.ENSP00000267260,SRRM4,23
2795,9606.ENSP00000267273,METTL21C,16
2796,9606.ENSP00000267294,ZIC5,61
2797,9606.ENSP00000267328,RAB20,47
2798,9606.ENSP00000267377,SSTR1,146
2799,9606.ENSP00000267406,CBLN3,22
2800,9606.ENSP00000267415,TINF2,6
2801,9606.ENSP00000267425,NOP9,17
2802,9606.ENSP00000267430,FANCM,9
2803,9606.ENSP00000267436,L2HGDH,19
2804,9606.ENSP00000267460,PELI2,42
2805,9606.ENSP00000267484,RTN1,19
2806,9606.ENSP00000267569,JDP2,36
2807,9606.ENSP00000267584,AK7,5
2808,9606.ENSP00000267594,FAM181A,16
2809,9606.ENSP00000267615,ITPK1,23
2810,9606.ENSP00000267622,TRIP11,33
2811,9606.ENSP00000267750,EMC4,54
2812,9606.ENSP00000267803,DUOXA1,67
2813,9606.ENSP00000267807,ZNF280D,28
2814,9606.ENSP00000267812,MFAP1,29
2815,9606.ENSP00000267814,SORD,20
2816,9606.ENSP00000267842,SLC27A2,28
2817,9606.ENSP00000267843,FGF7,35
2818,9606.ENSP00000267845,HDC,65
2819,9606.ENSP00000267853,MYZAP,198
2820,9606.ENSP00000267859,BNIP2,58
2821,9606.ENSP00000267884,SRP14,18
2822,9606.ENSP00000267889,DISP2,452
2823,9606.ENSP00000267890,TTBK2,355
2824,9606.ENSP00000267935,COMMD4,314
2825,9606.ENSP00000267938,UBE2Q2,36
2826,9606.ENSP00000267953,BCL2A1,413
2827,9606.ENSP00000267970,TSPAN3,9
2828,9606.ENSP00000267984,TLNRD1,452
2829,9606.ENSP00000268053,CYP11A1,14
2830,9606.ENSP00000268057,BBS4,62
2831,9606.ENSP00000268058,PML,18
2832,9606.ENSP00000268070,ADAMTS17,27
2833,9606.ENSP00000268099,SCAMP2,105
2834,9606.ENSP00000268122,RHCG,22
2835,9606.ENSP00000268125,RLBP1,30
2836,9606.ENSP00000268129,ABHD2,36
2837,9606.ENSP00000268130,WDR93,33
2838,9606.ENSP00000268138,TICRR,18
2839,9606.ENSP00000268150,MFGE8,17
2840,9606.ENSP00000268164,ST8SIA2,3
2841,9606.ENSP00000268182,IQGAP1,136
2842,9606.ENSP00000268184,CRTC3,169
2843,9606.ENSP00000268206,EFL1,22
2844,9606.ENSP00000268231,SEPTIN12,32
2845,9606.ENSP00000268261,PMM2,41
2846,9606.ENSP00000268379,UQCRC2,30
2847,9606.ENSP00000268383,CDR2,24
2848,9606.ENSP00000268389,IGSF6,85
2849,9606.ENSP00000268459,NKD1,38
2850,9606.ENSP00000268482,DHX38,28
2851,9606.ENSP00000268483,TXNL4B,57
2852,9606.ENSP00000268533,NUDT7,33
2853,9606.ENSP00000268595,CMTM2,65
2854,9606.ENSP00000268603,CDH11,57
2855,9606.ENSP00000268613,CDH13,88
2856,9606.ENSP00000268616,ZCCHC14,36
2857,9606.ENSP00000268638,IRF8,64
2858,9606.ENSP00000268655,ZNF174,58
2859,9606.ENSP00000268661,RPL3L,169
2860,9606.ENSP00000268668,NDUFB10,166
2861,9606.ENSP00000268679,CBFA2T3,69
2862,9606.ENSP00000268695,GALNS,67
2863,9606.ENSP00000268699,GAS8,32
2864,9606.ENSP00000268711,MED9,67
2865,9606.ENSP00000268712,NCOR1,33
2866,9606.ENSP00000268717,COPS3,33
2867,9606.ENSP00000268719,GID4,123
2868,9606.ENSP00000268766,NEK8,64
2869,9606.ENSP00000268797,GFOD2,28
2870,9606.ENSP00000268802,NOB1,85
2871,9606.ENSP00000268835,PRPSAP2,20
2872,9606.ENSP00000268876,UNC45B,29
2873,9606.ENSP00000268919,KIF2B,86
2874,9606.ENSP00000268933,EPN3,41
2875,9606.ENSP00000268989,SGSM2,40
2876,9606.ENSP00000269025,LRRC46,35
2877,9606.ENSP00000269053,SPACA3,48
2878,9606.ENSP00000269097,G6PC3,67
2879,9606.ENSP00000269141,CDH2,82
2880,9606.ENSP00000269143,AFG3L2,44
2881,9606.ENSP00000269159,IMPA2,26
2882,9606.ENSP00000269187,SLC39A6,149
2883,9606.ENSP00000269195,GALNT1,67
2884,9606.ENSP00000269197,ASXL3,49
2885,9606.ENSP00000269202,MEP1B,35
2886,9606.ENSP00000269209,GAREM1,50
2887,9606.ENSP00000269214,ESCO1,50
2888,9606.ENSP00000269216,GATA6,34
2889,9606.ENSP00000269221,RMC1,70
2890,9606.ENSP00000269228,NPC1,42
2891,9606.ENSP00000269298,SAT2,41
2892,9606.ENSP00000269299,ASGR1,35
2893,9606.ENSP00000269305,TP53,43
2894,9606.ENSP00000269383,TRIM65,31
2895,9606.ENSP00000269385,CBX8,22
2896,9606.ENSP00000269389,SECTM1,137
2897,9606.ENSP00000269391,RNF157,85
2898,9606.ENSP00000269392,CEP131,26
2899,9606.ENSP00000269394,ZNF750,80
2900,9606.ENSP00000269397,CBX4,44
2901,9606.ENSP00000269439,RNF165,81
2902,9606.ENSP00000269445,DYM,38
2903,9606.ENSP00000269466,ELAC1,79
2904,9606.ENSP00000269489,SERPINB13,70
2905,9606.ENSP00000269503,CBLN2,18
2906,9606.ENSP00000269571,ERBB2,3
2907,9606.ENSP00000269576,KRT10,67
2908,9606.ENSP00000269582,PNMT,131
2909,9606.ENSP00000269593,IGFBP4,38
2910,9606.ENSP00000269601,TXNL4A,7
2911,9606.ENSP00000269701,AKAP8,7
2912,9606.ENSP00000269703,CYP4F22,64
2913,9606.ENSP00000269740,SLC39A3,214
2914,9606.ENSP00000269844,PRDM15,90
2915,9606.ENSP00000269848,PFKL,99
2916,9606.ENSP00000269856,FEM1A,103
2917,9606.ENSP00000269878,CIB3,142
2918,9606.ENSP00000269881,CALR3,50
2919,9606.ENSP00000269886,SH3GL1,73
2920,9606.ENSP00000269919,PGPEP1,87
2921,9606.ENSP00000269967,CCDC97,122
2922,9606.ENSP00000269973,ZNF45,10
2923,9606.ENSP00000269980,BCKDHA,207
2924,9606.ENSP00000270061,SSBP4,23
2925,9606.ENSP00000270066,SMG9,28
2926,9606.ENSP00000270077,PSG9,17
2927,9606.ENSP00000270139,IFNAR1,34
2928,9606.ENSP00000270142,SOD1,6
2929,9606.ENSP00000270162,SIK1,109
2930,9606.ENSP00000270172,DNMT3L,125
2931,9606.ENSP00000270176,SCYL1,84
2932,9606.ENSP00000270223,DMWD,185
2933,9606.ENSP00000270225,SAE1,91
2934,9606.ENSP00000270233,BCAM,3
2935,9606.ENSP00000270235,NTN5,142
2936,9606.ENSP00000270257,GEMIN7,76
2937,9606.ENSP00000270310,FXYD7,14
2938,9606.ENSP00000270349,SLC6A3,7
2939,9606.ENSP00000270357,RNPEPL1,70
2940,9606.ENSP00000270458,CACNG8,10
2941,9606.ENSP00000270502,TIMM29,21
2942,9606.ENSP00000270509,FBN3,27
2943,9606.ENSP00000270517,ECSIT,10
2944,9606.ENSP00000270538,TIMM44,26
2945,9606.ENSP00000270560,TM4SF5,17
2946,9606.ENSP00000270570,SLC47A1,5
2947,9606.ENSP00000270586,PSMB6,30
2948,9606.ENSP00000270590,GPR32,120
2949,9606.ENSP00000270593,ACP4,89
2950,9606.ENSP00000270625,RPS11,46
2951,9606.ENSP00000270631,PTH2,1
2952,9606.ENSP00000270642,IGLON5,46
2953,9606.ENSP00000270708,WRAP73,37
2954,9606.ENSP00000270722,PRDM16,20
2955,9606.ENSP00000270747,ARHGEF19,48
2956,9606.ENSP00000270776,PGD,34
2957,9606.ENSP00000270792,SH3BGRL3,160
2958,9606.ENSP00000270800,IL22RA1,41
2959,9606.ENSP00000270861,PLK4,59
2960,9606.ENSP00000270879,FCN3,80
2961,9606.ENSP00000271064,TINAGL1,25
2962,9606.ENSP00000271234,FNBP1L,33
2963,9606.ENSP00000271277,CTTNBP2NL,27
2964,9606.ENSP00000271308,PSMA5,29
2965,9606.ENSP00000271331,PROK1,30
2966,9606.ENSP00000271332,CELSR2,38
2967,9606.ENSP00000271375,SFT2D2,51
2968,9606.ENSP00000271417,ILDR2,29
2969,9606.ENSP00000271450,FCGR2A,52
2970,9606.ENSP00000271452,NUF2,56
2971,9606.ENSP00000271469,UAP1,27
2972,9606.ENSP00000271526,PRCC,50
2973,9606.ENSP00000271532,FCRL4,34
2974,9606.ENSP00000271555,MEF2D,25
2975,9606.ENSP00000271588,HMCN1,10
2976,9606.ENSP00000271620,PRUNE1,1
2977,9606.ENSP00000271628,SF3B4,15
2978,9606.ENSP00000271636,CGN,46
2979,9606.ENSP00000271638,S100A11,114
2980,9606.ENSP00000271640,SETDB1,26
2981,9606.ENSP00000271651,CTSK,54
2982,9606.ENSP00000271688,CERS2,28
2983,9606.ENSP00000271715,POGZ,8
2984,9606.ENSP00000271732,GOLPH3L,59
2985,9606.ENSP00000271751,KCNH1,198
2986,9606.ENSP00000271764,EIF2D,86
2987,9606.ENSP00000271835,CRNN,97
2988,9606.ENSP00000271857,SLC27A3,48
2989,9606.ENSP00000271889,CREB3L4,14
2990,9606.ENSP00000271971,CAPN9,45
2991,9606.ENSP00000272067,ACP1,56
2992,9606.ENSP00000272091,SDE2,13
2993,9606.ENSP00000272133,CNIH3,33
2994,9606.ENSP00000272134,LEFTY1,16
2995,9606.ENSP00000272164,WNT9A,210
2996,9606.ENSP00000272190,REN,67
2997,9606.ENSP00000272203,PLEKHA6,196
2998,9606.ENSP00000272224,GDF7,90
2999,9606.ENSP00000272233,RHOB,27
3000,9606.ENSP00000272238,ATP6V1C2,131
3001,9606.ENSP00000272252,GALM,36
3002,9606.ENSP00000272286,ABCG8,6
3003,9606.ENSP00000272317,RPS27A,37
3004,9606.ENSP00000272321,WDPCP,23
3005,9606.ENSP00000272322,VPS54,20
3006,9606.ENSP00000272324,REG3G,100
3007,9606.ENSP00000272342,ETAA1,87
3008,9606.ENSP00000272367,CLEC4F,44
3009,9606.ENSP00000272369,MEIS1,15
3010,9606.ENSP00000272371,OTOF,12
3011,9606.ENSP00000272395,TRIM43,65
3012,9606.ENSP00000272418,MRPS5,116
3013,9606.ENSP00000272425,NAT8,77
3014,9606.ENSP00000272430,RTKN,13
3015,9606.ENSP00000272444,DUSP11,36
3016,9606.ENSP00000272452,SULT1C4,45
3017,9606.ENSP00000272462,MALL,36
3018,9606.ENSP00000272519,RALB,38
3019,9606.ENSP00000272520,C1QL2,31
3020,9606.ENSP00000272542,SLC20A1,16
3021,9606.ENSP00000272602,CNGA3,25
3022,9606.ENSP00000272638,UBXN4,28
3023,9606.ENSP00000272641,NXPH2,42
3024,9606.ENSP00000272645,POLR2D,57
3025,9606.ENSP00000272771,TMEFF2,41
3026,9606.ENSP00000272839,METTL21A,108
3027,9606.ENSP00000272847,PTH2R,4
3028,9606.ENSP00000272895,ABCA12,27
3029,9606.ENSP00000272902,SUMF1,17
3030,9606.ENSP00000272928,ACKR3,130
3031,9606.ENSP00000272937,HES6,61
3032,9606.ENSP00000273047,RAB5A,121
3033,9606.ENSP00000273062,CTDSP1,72
3034,9606.ENSP00000273067,MARCHF4,51
3035,9606.ENSP00000273077,PNKD,37
3036,9606.ENSP00000273130,DYNC1LI1,46
3037,9606.ENSP00000273153,CSRNP1,10
3038,9606.ENSP00000273173,SLC22A14,21
3039,9606.ENSP00000273179,CTDSPL,46
3040,9606.ENSP00000273183,STAC,7
3041,9606.ENSP00000273258,ARL6IP5,15
3042,9606.ENSP00000273261,LRIG1,28
3043,9606.ENSP00000273283,ITIH1,28
3044,9606.ENSP00000273308,CNPY2,26
3045,9606.ENSP00000273317,LIMD1,13
3046,9606.ENSP00000273320,ZKSCAN7,23
3047,9606.ENSP00000273353,MYH15,28
3048,9606.ENSP00000273371,PLA1A,26
3049,9606.ENSP00000273390,MAATS1,21
3050,9606.ENSP00000273395,BOC,31
3051,9606.ENSP00000273398,ATP6V1A,9
3052,9606.ENSP00000273450,ALDH1L1,25
3053,9606.ENSP00000273480,RNF7,33
3054,9606.ENSP00000273541,ISY1,44
3055,9606.ENSP00000273550,FTH1,5
3056,9606.ENSP00000273588,AMT,37
3057,9606.ENSP00000273598,NICN1,179
3058,9606.ENSP00000273610,UCN2,45
3059,9606.ENSP00000273666,STXBP5L,32
3060,9606.ENSP00000273668,EAF2,111
3061,9606.ENSP00000273695,TM4SF19,36
3062,9606.ENSP00000273784,AHSG,48
3063,9606.ENSP00000273814,DGKQ,39
3064,9606.ENSP00000273853,CENPC,26
3065,9606.ENSP00000273857,CORIN,48
3066,9606.ENSP00000273859,ATP10D,35
3067,9606.ENSP00000273905,SLC10A6,6
3068,9606.ENSP00000273920,ENOPH1,46
3069,9606.ENSP00000273936,CABS1,47
3070,9606.ENSP00000273962,TRMT10A,63
3071,9606.ENSP00000273963,KLHL8,70
3072,9606.ENSP00000273968,PYURF,65
3073,9606.ENSP00000273986,CISD2,49
3074,9606.ENSP00000274000,AP1AR,67
3075,9606.ENSP00000274008,SPATA5,29
3076,9606.ENSP00000274024,FABP2,8
3077,9606.ENSP00000274031,SETD7,48
3078,9606.ENSP00000274054,NAF1,75
3079,9606.ENSP00000274063,SFRP2,96
3080,9606.ENSP00000274093,GLRA3,59
3081,9606.ENSP00000274137,NDUFS6,33
3082,9606.ENSP00000274140,MARCHF6,58
3083,9606.ENSP00000274192,SRD5A1,59
3084,9606.ENSP00000274242,RPL37,37
3085,9606.ENSP00000274255,SKP2,30
3086,9606.ENSP00000274276,OSMR,19
3087,9606.ENSP00000274278,UGT3A1,26
3088,9606.ENSP00000274289,PLK2,19
3089,9606.ENSP00000274306,GZMA,39
3090,9606.ENSP00000274311,PELO,47
3091,9606.ENSP00000274341,HAPLN1,29
3092,9606.ENSP00000274353,BHMT,19
3093,9606.ENSP00000274361,ANKRD31,32
3094,9606.ENSP00000274364,IQGAP2,7
3095,9606.ENSP00000274368,CRHBP,128
3096,9606.ENSP00000274376,RASA1,17
3097,9606.ENSP00000274382,LIX1,19
3098,9606.ENSP00000274400,GTF2H2,31
3099,9606.ENSP00000274457,FEM1C,49
3100,9606.ENSP00000274458,COMMD10,26
3101,9606.ENSP00000274496,YIPF5,55
3102,9606.ENSP00000274498,ARHGAP26,22
3103,9606.ENSP00000274507,LECT2,17
3104,9606.ENSP00000274520,IL9,33
3105,9606.ENSP00000274532,TIMD4,43
3106,9606.ENSP00000274545,GABRA6,25
3107,9606.ENSP00000274547,GABRB2,18
3108,9606.ENSP00000274605,N4BP3,20
3109,9606.ENSP00000274606,NHP2,136
3110,9606.ENSP00000274625,FGF18,27
3111,9606.ENSP00000274629,KCNMB1,27
3112,9606.ENSP00000274643,MYLK4,31
3113,9606.ENSP00000274695,CDKAL1,88
3114,9606.ENSP00000274711,LRRTM2,84
3115,9606.ENSP00000274712,ZMAT2,22
3116,9606.ENSP00000274721,GFRA3,48
3117,9606.ENSP00000274764,H2BC1,51
3118,9606.ENSP00000274766,KAAG1,14
3119,9606.ENSP00000274773,TRIM7,25
3120,9606.ENSP00000274787,HIGD2A,19
3121,9606.ENSP00000274793,PLA2G7,56
3122,9606.ENSP00000274813,MMUT,25
3123,9606.ENSP00000274849,ABT1,33
3124,9606.ENSP00000274938,SCUBE3,50
3125,9606.ENSP00000274979,ANO7,19
3126,9606.ENSP00000275015,NFKBIE,112
3127,9606.ENSP00000275016,CYP39A1,36
3128,9606.ENSP00000275034,PHIP,48
3129,9606.ENSP00000275053,MMS22L,5
3130,9606.ENSP00000275198,TAAR6,44
3131,9606.ENSP00000275216,TAAR1,9
3132,9606.ENSP00000275227,SLC18B1,26
3133,9606.ENSP00000275230,SLC2A12,6
3134,9606.ENSP00000275233,SHPRH,20
3135,9606.ENSP00000275300,SLC22A3,6
3136,9606.ENSP00000275364,GNA12,59
3137,9606.ENSP00000275428,GGCT,5
3138,9606.ENSP00000275461,FERD3L,13
3139,9606.ENSP00000275493,EGFR,31
3140,9606.ENSP00000275517,CDCA5,5
3141,9606.ENSP00000275525,IGFBP1,15
3142,9606.ENSP00000275560,SSC4D,16
3143,9606.ENSP00000275603,CCT6A,16
3144,9606.ENSP00000275732,GIGYF1,84
3145,9606.ENSP00000275764,STRA8,12
3146,9606.ENSP00000275766,ZC3HAV1L,43
3147,9606.ENSP00000275815,EPHA1,22
3148,9606.ENSP00000275820,NOM1,31
3149,9606.ENSP00000275954,TMEM47,31
3150,9606.ENSP00000276052,CDK16,33
3151,9606.ENSP00000276055,CHST7,41
3152,9606.ENSP00000276062,NDUFB11,34
3153,9606.ENSP00000276079,NONO,34
3154,9606.ENSP00000276173,RIPPLY1,44
3155,9606.ENSP00000276198,HTR2C,23
3156,9606.ENSP00000276201,UPF3B,134
3157,9606.ENSP00000276202,DOCK11,58
3158,9606.ENSP00000276218,GPR119,77
3159,9606.ENSP00000276241,CT55,143
3160,9606.ENSP00000276282,MFHAS1,53
3161,9606.ENSP00000276297,DLC1,108
3162,9606.ENSP00000276390,ATP6V1B2,85
3163,9606.ENSP00000276410,CHRNA6,296
3164,9606.ENSP00000276414,GNRH1,18
3165,9606.ENSP00000276416,BIN3,103
3166,9606.ENSP00000276420,DOK2,71
3167,9606.ENSP00000276431,TNFRSF10B,91
3168,9606.ENSP00000276440,DOCK5,99
3169,9606.ENSP00000276449,STAR,93
3170,9606.ENSP00000276533,GINS4,106
3171,9606.ENSP00000276569,ARMC1,5
3172,9606.ENSP00000276570,DNAJC5B,158
3173,9606.ENSP00000276571,CRH,91
3174,9606.ENSP00000276585,MRPS28,65
3175,9606.ENSP00000276594,PRDM14,22
3176,9606.ENSP00000276603,TERF1,58
3177,9606.ENSP00000276616,PSKH2,41
3178,9606.ENSP00000276651,DPYS,55
3179,9606.ENSP00000276659,RSPO2,6
3180,9606.ENSP00000276689,NDUFB9,206
3181,9606.ENSP00000276708,GSDMC,101
3182,9606.ENSP00000276816,ZNF16,81
3183,9606.ENSP00000276893,UHRF2,161
3184,9606.ENSP00000276914,PLIN2,141
3185,9606.ENSP00000276925,CDKN2B,116
3186,9606.ENSP00000276927,IFNA1,102
3187,9606.ENSP00000276943,IFNK,137
3188,9606.ENSP00000277010,SIGMAR1,12
3189,9606.ENSP00000277120,NTRK2,94
3190,9606.ENSP00000277165,FAM120A,86
3191,9606.ENSP00000277225,ZNF462,4
3192,9606.ENSP00000277458,ASB6,102
3193,9606.ENSP00000277517,IDI2,3
3194,9606.ENSP00000277526,LCN9,39
3195,9606.ENSP00000277540,DPH7,7
3196,9606.ENSP00000277575,USP6NL,19
3197,9606.ENSP00000277632,MINDY3,19
3198,9606.ENSP00000277746,NRBF2,34
3199,9606.ENSP00000277865,GLUD1,38
3200,9606.ENSP00000277895,ABLIM1,91
3201,9606.ENSP00000277903,HABP2,2
3202,9606.ENSP00000277942,NPFFR1,27
3203,9606.ENSP00000278025,FUOM,9
3204,9606.ENSP00000278060,PAOX,39
3205,9606.ENSP00000278070,PPRC1,8
3206,9606.ENSP00000278071,ITPRIP,43
3207,9606.ENSP00000278193,LIN7C,3
3208,9606.ENSP00000278198,LRRC4C,8
3209,9606.ENSP00000278200,IMMP1L,30
3210,9606.ENSP00000278222,SAA4,79
3211,9606.ENSP00000278243,PGAP2,15
3212,9606.ENSP00000278282,SCGB1A1,12
3213,9606.ENSP00000278314,ZNF214,21
3214,9606.ENSP00000278319,ZNF215,24
3215,9606.ENSP00000278353,HSD17B12,72
3216,9606.ENSP00000278379,SLC1A2,23
3217,9606.ENSP00000278407,SERPING1,24
3218,9606.ENSP00000278412,SSRP1,29
3219,9606.ENSP00000278422,TMX2,33
3220,9606.ENSP00000278426,SLC43A1,61
3221,9606.ENSP00000278483,HIKESHI,2
3222,9606.ENSP00000278505,ENDOD1,62
3223,9606.ENSP00000278550,TENM4,11
3224,9606.ENSP00000278568,PAK1,4
3225,9606.ENSP00000278572,RPS3,28
3226,9606.ENSP00000278612,NPAT,51
3227,9606.ENSP00000278616,ATM,27
3228,9606.ENSP00000278618,AASDHPPT,5
3229,9606.ENSP00000278671,LAMTOR1,33
3230,9606.ENSP00000278742,ST14,4
3231,9606.ENSP00000278780,OVOL2,57
3232,9606.ENSP00000278823,MTA2,13
3233,9606.ENSP00000278826,TMEM138,40
3234,9606.ENSP00000278829,FADS3,38
3235,9606.ENSP00000278833,ROM1,47
3236,9606.ENSP00000278836,MYRF,33
3237,9606.ENSP00000278840,FADS2,62
3238,9606.ENSP00000278853,ZP1,28
3239,9606.ENSP00000278865,MS4A3,35
3240,9606.ENSP00000278886,NINL,33
3241,9606.ENSP00000278888,MS4A2,35
3242,9606.ENSP00000278903,EI24,14
3243,9606.ENSP00000278927,ESAM,115
3244,9606.ENSP00000278935,CEP164,32
3245,9606.ENSP00000278947,SCN2B,60
3246,9606.ENSP00000278949,MPZL3,29
3247,9606.ENSP00000278980,COMMD7,38
3248,9606.ENSP00000279022,MYL9,34
3249,9606.ENSP00000279027,SLC13A3,39
3250,9606.ENSP00000279028,OCSTAMP,65
3251,9606.ENSP00000279036,PIGT,36
3252,9606.ENSP00000279058,SPINT4,22
3253,9606.ENSP00000279068,LSM14B,33
3254,9606.ENSP00000279101,CABLES2,37
3255,9606.ENSP00000279146,AIP,73
3256,9606.ENSP00000279147,LTO1,66
3257,9606.ENSP00000279168,GPHA2,42
3258,9606.ENSP00000279178,SLC22A9,69
3259,9606.ENSP00000279206,NUDT22,17
3260,9606.ENSP00000279227,FERMT3,42
3261,9606.ENSP00000279242,MRPL49,5
3262,9606.ENSP00000279249,CDC42EP2,45
3263,9606.ENSP00000279263,TM7SF2,58
3264,9606.ENSP00000279281,VPS51,31
3265,9606.ENSP00000279387,PPP4C,21
3266,9606.ENSP00000279392,HIRIP3,177
3267,9606.ENSP00000279441,MMP10,124
3268,9606.ENSP00000279488,DUSP6,41
3269,9606.ENSP00000279575,PRB4,112
3270,9606.ENSP00000279804,CTF1,43
3271,9606.ENSP00000279873,ARID5B,53
3272,9606.ENSP00000279907,UHRF1BP1L,76
3273,9606.ENSP00000280020,KIAA1328,151
3274,9606.ENSP00000280097,HNMT,14
3275,9606.ENSP00000280098,SPOPL,138
3276,9606.ENSP00000280154,PDCD4,75
3277,9606.ENSP00000280155,ADRA2A,83
3278,9606.ENSP00000280187,GPM6A,17
3279,9606.ENSP00000280190,WDR17,18
3280,9606.ENSP00000280191,SPATA4,21
3281,9606.ENSP00000280236,FSIP1,52
3282,9606.ENSP00000280258,PRSS23,151
3283,9606.ENSP00000280295,PPP1R1C,48
3284,9606.ENSP00000280326,CCT5,37
3285,9606.ENSP00000280346,DLAT,92
3286,9606.ENSP00000280350,PIH1D2,91
3287,9606.ENSP00000280357,IL18,97
3288,9606.ENSP00000280358,TEX12,29
3289,9606.ENSP00000280362,PTS,79
3290,9606.ENSP00000280377,USP15,86
3291,9606.ENSP00000280481,FREM2,8
3292,9606.ENSP00000280527,CRIM1,75
3293,9606.ENSP00000280551,SEC24D,96
3294,9606.ENSP00000280557,DENR,76
3295,9606.ENSP00000280571,RILPL2,104
3296,9606.ENSP00000280605,TKTL2,6
3297,9606.ENSP00000280612,SLC7A11,41
3298,9606.ENSP00000280614,NOCT,32
3299,9606.ENSP00000280665,DCP1B,12
3300,9606.ENSP00000280684,KCNA6,4
3301,9606.ENSP00000280700,NGLY1,37
3302,9606.ENSP00000280701,OXSM,23
3303,9606.ENSP00000280706,LDHAL6A,28
3304,9606.ENSP00000280772,ANK3,41
3305,9606.ENSP00000280871,SLC2A13,28
3306,9606.ENSP00000280886,DIP2C,39
3307,9606.ENSP00000280904,DSC2,31
3308,9606.ENSP00000280979,AKAP6,41
3309,9606.ENSP00000281030,THRSP,36
3310,9606.ENSP00000281031,NDUFC2,32
3311,9606.ENSP00000281038,NARS2,67
3312,9606.ENSP00000281043,MYCN,32
3313,9606.ENSP00000281047,MSGN1,46
3314,9606.ENSP00000281081,NUBPL,36
3315,9606.ENSP00000281092,FER,44
3316,9606.ENSP00000281141,CDC123,49
3317,9606.ENSP00000281142,SCLT1,30
3318,9606.ENSP00000281154,SLC25A31,12
3319,9606.ENSP00000281156,KHDRBS2,36
3320,9606.ENSP00000281182,ACAD8,23
3321,9606.ENSP00000281187,VPS26B,14
3322,9606.ENSP00000281243,QDPR,53
3323,9606.ENSP00000281282,CGNL1,30
3324,9606.ENSP00000281321,POU4F2,20
3325,9606.ENSP00000281382,PIGF,132
3326,9606.ENSP00000281419,ASAP2,55
3327,9606.ENSP00000281453,CENPU,56
3328,9606.ENSP00000281456,SLC25A4,15
3329,9606.ENSP00000281513,NBAS,3
3330,9606.ENSP00000281543,GUF1,11
3331,9606.ENSP00000281589,PABPC3,8
3332,9606.ENSP00000281623,FBXO4,10
3333,9606.ENSP00000281631,PARP8,6
3334,9606.ENSP00000281701,NVL,2
3335,9606.ENSP00000281741,TXNDC16,110
3336,9606.ENSP00000281772,KANSL1L,5
3337,9606.ENSP00000281806,MCHR2,5
3338,9606.ENSP00000281821,EPHA4,6
3339,9606.ENSP00000281828,FARSB,50
3340,9606.ENSP00000281830,KCNE4,2
3341,9606.ENSP00000281834,TNFSF4,8
3342,9606.ENSP00000281923,MGAT5,24
3343,9606.ENSP00000281928,MED13L,9
3344,9606.ENSP00000281938,HSPB8,15
3345,9606.ENSP00000281950,GEMIN6,12
3346,9606.ENSP00000282003,OBI1,6
3347,9606.ENSP00000282018,CYSLTR2,10
3348,9606.ENSP00000282020,GRID2,74
3349,9606.ENSP00000282026,ARL11,3
3350,9606.ENSP00000282032,ARL14EP,32
3351,9606.ENSP00000282041,EPG5,154
3352,9606.ENSP00000282058,HAUS1,15
3353,9606.ENSP00000282074,SPC25,48
3354,9606.ENSP00000282096,PDE3B,24
3355,9606.ENSP00000282111,TCF7L1,45
3356,9606.ENSP00000282141,CRYGC,16
3357,9606.ENSP00000282146,KCNK13,92
3358,9606.ENSP00000282185,ATG10,27
3359,9606.ENSP00000282249,GUCY1A2,36
3360,9606.ENSP00000282251,CWF19L2,37
3361,9606.ENSP00000282272,ANKRD44,36
3362,9606.ENSP00000282276,MARS2,40
3363,9606.ENSP00000282326,ZSCAN1,63
3364,9606.ENSP00000282344,USP12,9
3365,9606.ENSP00000282356,CAMK4,5
3366,9606.ENSP00000282369,TRIM36,55
3367,9606.ENSP00000282382,TMED7-TICAM2,76
3368,9606.ENSP00000282388,ZFP36L2,47
3369,9606.ENSP00000282397,FLT1,55
3370,9606.ENSP00000282412,PPM1B,14
3371,9606.ENSP00000282486,MBNL1,4
3372,9606.ENSP00000282499,GRIA4,14
3373,9606.ENSP00000282507,UGT3A2,26
3374,9606.ENSP00000282516,NIPBL,32
3375,9606.ENSP00000282538,GADL1,37
3376,9606.ENSP00000282541,GPD1L,42
3377,9606.ENSP00000282561,GJA1,70
3378,9606.ENSP00000282570,GMCL1,3
3379,9606.ENSP00000282572,CCNO,13
3380,9606.ENSP00000282588,ITGA1,135
3381,9606.ENSP00000282605,JADE2,16
3382,9606.ENSP00000282611,CATSPER3,126
3383,9606.ENSP00000282633,WASHC2A,52
3384,9606.ENSP00000282670,TCTEX1D1,24
3385,9606.ENSP00000282701,BMP3,19
3386,9606.ENSP00000282728,HHEX,14
3387,9606.ENSP00000282753,GRM1,13
3388,9606.ENSP00000282841,GGPS1,10
3389,9606.ENSP00000282869,ZNF117,53
3390,9606.ENSP00000282878,RAB3C,7
3391,9606.ENSP00000282892,MED21,19
3392,9606.ENSP00000282903,PLOD2,31
3393,9606.ENSP00000282908,STK32B,12
3394,9606.ENSP00000282928,ZIC1,8
3395,9606.ENSP00000283006,CENPH,29
3396,9606.ENSP00000283027,NUBP1,19
3397,9606.ENSP00000283109,RIOK2,13
3398,9606.ENSP00000283131,SMARCA5,22
3399,9606.ENSP00000283147,BMP6,11
3400,9606.ENSP00000283148,UXS1,23
3401,9606.ENSP00000283195,RANBP2,12
3402,9606.ENSP00000283206,TMEM87B,4
3403,9606.ENSP00000283228,PTPRR,15
3404,9606.ENSP00000283243,PLA2R1,3
3405,9606.ENSP00000283249,ITGB6,2
3406,9606.ENSP00000283254,SCN3A,34
3407,9606.ENSP00000283268,FEZF2,9
3408,9606.ENSP00000283285,CD96,52
3409,9606.ENSP00000283290,ATG3,11
3410,9606.ENSP00000283296,ADGRF5,26
3411,9606.ENSP00000283309,FRMD1,8
3412,9606.ENSP00000283351,TRAPPC8,39
3413,9606.ENSP00000283357,FAM81B,3
3414,9606.ENSP00000283415,LPCAT1,7
3415,9606.ENSP00000283441,ZDHHC11,3
3416,9606.ENSP00000283629,UBP1,3
3417,9606.ENSP00000283632,RMND5A,22
3418,9606.ENSP00000283646,RPIA,70
3419,9606.ENSP00000283752,SERPINB3,3
3420,9606.ENSP00000283871,HGD,13
3421,9606.ENSP00000283875,GTF2E1,32
3422,9606.ENSP00000283882,CFDP1,157
3423,9606.ENSP00000283916,TMPRSS11D,166
3424,9606.ENSP00000283921,HOXA10,22
3425,9606.ENSP00000283928,JAZF1,68
3426,9606.ENSP00000283946,FBXO36,28
3427,9606.ENSP00000284031,DDAH1,10
3428,9606.ENSP00000284061,DGKE,31
3429,9606.ENSP00000284073,MSI2,23
3430,9606.ENSP00000284110,HS3ST3A1,65
3431,9606.ENSP00000284116,GDPD1,21
3432,9606.ENSP00000284136,SEMA3D,41
3433,9606.ENSP00000284142,ASB17,22
3434,9606.ENSP00000284154,GRAP,1
3435,9606.ENSP00000284202,IMPACT,16
3436,9606.ENSP00000284240,THY1,59
3437,9606.ENSP00000284245,C16orf74,44
3438,9606.ENSP00000284262,JPH3,12
3439,9606.ENSP00000284268,ANKH,6
3440,9606.ENSP00000284273,UBASH3B,153
3441,9606.ENSP00000284274,OTULIN,15
3442,9606.ENSP00000284292,NRGN,57
3443,9606.ENSP00000284320,TOMM70,38
3444,9606.ENSP00000284322,ABI3BP,33
3445,9606.ENSP00000284382,CERS3,45
3446,9606.ENSP00000284425,ABCA6,19
3447,9606.ENSP00000284440,UCHL1,35
3448,9606.ENSP00000284476,DISP1,39
3449,9606.ENSP00000284486,FAM167A,23
3450,9606.ENSP00000284503,NEIL2,1
3451,9606.ENSP00000284509,ATP8B4,92
3452,9606.ENSP00000284523,WNT3A,29
3453,9606.ENSP00000284551,TRIM11,25
3454,9606.ENSP00000284601,PPP1R3A,43
3455,9606.ENSP00000284629,ASZ1,3
3456,9606.ENSP00000284637,SH3RF1,38
3457,9606.ENSP00000284669,KLHL41,37
3458,9606.ENSP00000284674,GPR26,12
3459,9606.ENSP00000284690,DHX32,36
3460,9606.ENSP00000284694,C10orf90,35
3461,9606.ENSP00000284719,OLA1,138
3462,9606.ENSP00000284727,ATP5MC3,23
3463,9606.ENSP00000284767,PDLIM3,2
3464,9606.ENSP00000284818,LY96,23
3465,9606.ENSP00000284856,TMSB4Y,14
3466,9606.ENSP00000284878,CXADR,7
3467,9606.ENSP00000284885,TMPRSS15,5
3468,9606.ENSP00000284981,APP,16
3469,9606.ENSP00000284984,ADAMTS1,22
3470,9606.ENSP00000284987,ADAMTS5,73
3471,9606.ENSP00000284995,TSEN2,20
3472,9606.ENSP00000285018,WNT7A,21
3473,9606.ENSP00000285021,XPC,58
3474,9606.ENSP00000285039,MYO5B,36
3475,9606.ENSP00000285071,FLCN,36
3476,9606.ENSP00000285093,ACAA2,55
3477,9606.ENSP00000285116,SKA1,46
3478,9606.ENSP00000285208,RAB6B,28
3479,9606.ENSP00000285238,ABCC3,78
3480,9606.ENSP00000285243,ANKRD40,45
3481,9606.ENSP00000285298,MRPS17,41
3482,9606.ENSP00000285311,DKK2,26
3483,9606.ENSP00000285379,CA2,24
3484,9606.ENSP00000285381,CA3,58
3485,9606.ENSP00000285393,ATP6V0D2,159
3486,9606.ENSP00000285398,ERCC3,28
3487,9606.ENSP00000285402,ODF1,15
3488,9606.ENSP00000285407,KLF10,9
3489,9606.ENSP00000285419,PIP4P2,43
3490,9606.ENSP00000285420,OTUD6B,37
3491,9606.ENSP00000285518,AGPAT5,6
3492,9606.ENSP00000285599,MAN2B2,30
3493,9606.ENSP00000285667,HSPA13,29
3494,9606.ENSP00000285697,C16orf87,4
3495,9606.ENSP00000285735,RHOC,27
3496,9606.ENSP00000285737,LONP2,21
3497,9606.ENSP00000285805,TRIM74,39
3498,9606.ENSP00000285814,NIFK,70
3499,9606.ENSP00000285848,OXA1L,28
3500,9606.ENSP00000285871,CCDC146,52
3501,9606.ENSP00000285873,GEMIN5,57
3502,9606.ENSP00000285879,MAGEC1,40
3503,9606.ENSP00000285928,LRGUK,28
3504,9606.ENSP00000285930,AKR1B1,24
3505,9606.ENSP00000285947,SETD9,93
3506,9606.ENSP00000285968,NUP205,26
3507,9606.ENSP00000285979,CYP2C18,29
3508,9606.ENSP00000286031,C1orf112,64
3509,9606.ENSP00000286049,XAGE2,107
3510,9606.ENSP00000286063,PDE11A,92
3511,9606.ENSP00000286070,RBM45,70
3512,9606.ENSP00000286175,PPIL3,48
3513,9606.ENSP00000286186,CASP10,16
3514,9606.ENSP00000286201,FZD7,88
3515,9606.ENSP00000286234,DEPTOR,16
3516,9606.ENSP00000286298,SLC26A2,41
3517,9606.ENSP00000286301,CSF1R,36
3518,9606.ENSP00000286307,LSM11,7
3519,9606.ENSP00000286317,MED7,23
3520,9606.ENSP00000286353,PXYLP1,34
3521,9606.ENSP00000286355,ADCY8,4
3522,9606.ENSP00000286364,RASA2,6
3523,9606.ENSP00000286371,ATP1B3,11
3524,9606.ENSP00000286398,SMC2,20
3525,9606.ENSP00000286424,TMBIM4,101
3526,9606.ENSP00000286428,VBP1,111
3527,9606.ENSP00000286479,NAT2,27
3528,9606.ENSP00000286523,ELMSAN1,4
3529,9606.ENSP00000286548,GNAQ,115
3530,9606.ENSP00000286574,WIF1,111
3531,9606.ENSP00000286614,MMP16,113
3532,9606.ENSP00000286628,KCNMA1,4
3533,9606.ENSP00000286639,BATF,64
3534,9606.ENSP00000286648,DCK,96
3535,9606.ENSP00000286657,ADAMTS3,59
3536,9606.ENSP00000286688,C8orf37,250
3537,9606.ENSP00000286692,DRAM2,86
3538,9606.ENSP00000286713,STOM,128
3539,9606.ENSP00000286719,PPEF2,34
3540,9606.ENSP00000286732,CFAP161,34
3541,9606.ENSP00000286733,NAAA,135
3542,9606.ENSP00000286744,ADAMTSL3,1
3543,9606.ENSP00000286758,CXCL13,58
3544,9606.ENSP00000286760,WHAMM,25
3545,9606.ENSP00000286788,CCT8,5
3546,9606.ENSP00000286794,NAA11,38
3547,9606.ENSP00000286808,CLDN17,11
3548,9606.ENSP00000286827,TIAM1,18
3549,9606.ENSP00000286835,SCAF4,9
3550,9606.ENSP00000286918,ANKRD9,89
3551,9606.ENSP00000286955,FUT6,5
3552,9606.ENSP00000287020,GDF6,9
3553,9606.ENSP00000287025,MTERF3,7
3554,9606.ENSP00000287042,KCNS2,9
3555,9606.ENSP00000287078,TYSND1,1
3556,9606.ENSP00000287097,CD109,95
3557,9606.ENSP00000287139,NODAL,110
3558,9606.ENSP00000287143,PRG3,108
3559,9606.ENSP00000287152,KIF6,87
3560,9606.ENSP00000287156,UBE2L6,87
3561,9606.ENSP00000287169,ZDHHC5,48
3562,9606.ENSP00000287202,CELF6,100
3563,9606.ENSP00000287239,KAT6B,74
3564,9606.ENSP00000287295,AIFM1,198
3565,9606.ENSP00000287322,BAG4,132
3566,9606.ENSP00000287380,TBC1D31,134
3567,9606.ENSP00000287387,WDYHV1,78
3568,9606.ENSP00000287394,ATAD2,114
3569,9606.ENSP00000287437,NSMCE2,73
3570,9606.ENSP00000287461,ZNF689,69
3571,9606.ENSP00000287474,FRRS1,53
3572,9606.ENSP00000287482,SASS6,33
3573,9606.ENSP00000287490,COX6A2,92
3574,9606.ENSP00000287538,ZIC3,116
3575,9606.ENSP00000287585,LHFPL4,116
3576,9606.ENSP00000287590,B3GNT7,46
3577,9606.ENSP00000287598,BUB1B,39
3578,9606.ENSP00000287600,PDE6D,95
3579,9606.ENSP00000287641,SST,75
3580,9606.ENSP00000287647,FANCD2,40
3581,9606.ENSP00000287652,TATDN2,45
3582,9606.ENSP00000287667,NOMO1,109
3583,9606.ENSP00000287675,EXOG,141
3584,9606.ENSP00000287706,NTAN1,88
3585,9606.ENSP00000287713,NMNAT2,87
3586,9606.ENSP00000287727,ZFYVE9,121
3587,9606.ENSP00000287777,KLHL40,10
3588,9606.ENSP00000287814,TIMP4,91
3589,9606.ENSP00000287820,PPARG,84
3590,9606.ENSP00000287842,NRG1,118
3591,9606.ENSP00000287844,ABCF2-2,106
3592,9606.ENSP00000287859,ODR4,80
3593,9606.ENSP00000287878,PRKAG2,76
3594,9606.ENSP00000287907,HTR5A,81
3595,9606.ENSP00000287916,CLDN12,99
3596,9606.ENSP00000287934,FZD1,71
3597,9606.ENSP00000287936,HMGCR,121
3598,9606.ENSP00000287957,GATAD1,111
3599,9606.ENSP00000287996,IPPK,15
3600,9606.ENSP00000288014,THTPA,97
3601,9606.ENSP00000288022,PDF,99
3602,9606.ENSP00000288050,PDPR,110
3603,9606.ENSP00000288065,ARMC12,69
3604,9606.ENSP00000288078,FCSK,97
3605,9606.ENSP00000288135,KIT,59
3606,9606.ENSP00000288139,CACNA1D,83
3607,9606.ENSP00000288167,IL17RB,2
3608,9606.ENSP00000288177,ZNF19,79
3609,9606.ENSP00000288207,CCNB2,93
3610,9606.ENSP00000288221,ERC2,5
3611,9606.ENSP00000288235,MYO1E,12
3612,9606.ENSP00000288266,APPL1,15
3613,9606.ENSP00000288368,PREX2,24
3614,9606.ENSP00000288490,DGKI,17
3615,9606.ENSP00000288532,COQ5,11
3616,9606.ENSP00000288607,PSMG3,19
3617,9606.ENSP00000288670,FMNL2,93
3618,9606.ENSP00000288699,DPYSL5,15
3619,9606.ENSP00000288710,DRC1,17
3620,9606.ENSP00000288774,PEX10,25
3621,9606.ENSP00000288828,WIPI2,49
3622,9606.ENSP00000288840,SMAD6,48
3623,9606.ENSP00000288912,WDR66,9
3624,9606.ENSP00000288937,MRPL17,28
3625,9606.ENSP00000288943,DUSP2,74
3626,9606.ENSP00000288955,GRHL3,35
3627,9606.ENSP00000289004,HPD,26
3628,9606.ENSP00000289013,RHPN1,21
3629,9606.ENSP00000289081,FANCC,17
3630,9606.ENSP00000289104,MRAS,4
3631,9606.ENSP00000289228,ACTR1B,19
3632,9606.ENSP00000289248,RHBDL2,51
3633,9606.ENSP00000289316,H2BC5,1
3634,9606.ENSP00000289359,MITD1,16
3635,9606.ENSP00000289361,BTN3A1,53
3636,9606.ENSP00000289371,EIF5B,15
3637,9606.ENSP00000289382,CNOT11,30
3638,9606.ENSP00000289416,ACSM3,3
3639,9606.ENSP00000289429,CD1A,35
3640,9606.ENSP00000289473,NCF1,3
3641,9606.ENSP00000289528,ZFAND2B,5
3642,9606.ENSP00000289547,NPC1L1,10
3643,9606.ENSP00000289575,SLCO2B1,42
3644,9606.ENSP00000289619,PAGE5,9
3645,9606.ENSP00000289672,PKD1L1,14
3646,9606.ENSP00000289707,SLAMF8,48
3647,9606.ENSP00000289746,CDH15,4
3648,9606.ENSP00000289749,NBL1,9
3649,9606.ENSP00000289753,HTR6,21
3650,9606.ENSP00000289788,ZSCAN23,8
3651,9606.ENSP00000289805,SPATA2L,7
3652,9606.ENSP00000289902,FCER1G,26
3653,9606.ENSP00000289921,FAM160B2,55
3654,9606.ENSP00000289957,CHRNB3,28
3655,9606.ENSP00000289968,ARHGAP17,23
3656,9606.ENSP00000290015,WNT9B,24
3657,9606.ENSP00000290039,CACHD1,18
3658,9606.ENSP00000290122,CELA3A,21
3659,9606.ENSP00000290130,MIS18A,14
3660,9606.ENSP00000290155,CFAP298,33
3661,9606.ENSP00000290158,KPNB1,51
3662,9606.ENSP00000290167,WNT4,33
3663,9606.ENSP00000290200,IL10RB,67
3664,9606.ENSP00000290208,MRPL10,134
3665,9606.ENSP00000290216,SCRN2,30
3666,9606.ENSP00000290231,NCOA5,36
3667,9606.ENSP00000290246,ELMO2,30
3668,9606.ENSP00000290277,ARAF,30
3669,9606.ENSP00000290291,OGFR,35
3670,9606.ENSP00000290294,PRAC1,50
3671,9606.ENSP00000290295,HOXB13,26
3672,9606.ENSP00000290299,ATP5PO,110
3673,9606.ENSP00000290310,KCNE2,57
3674,9606.ENSP00000290341,IGF2BP1,39
3675,9606.ENSP00000290349,CBR1,4
3676,9606.ENSP00000290354,CBR3,1
3677,9606.ENSP00000290363,CIART,12
3678,9606.ENSP00000290374,GJD2,27
3679,9606.ENSP00000290378,ACTC1,25
3680,9606.ENSP00000290399,SIM2,28
3681,9606.ENSP00000290401,NPTN,29
3682,9606.ENSP00000290429,MCAT,31
3683,9606.ENSP00000290472,PLA2G4D,27
3684,9606.ENSP00000290524,RFX5,68
3685,9606.ENSP00000290536,M1AP,36
3686,9606.ENSP00000290541,PSMB4,26
3687,9606.ENSP00000290551,BTG2,67
3688,9606.ENSP00000290552,IRX6,70
3689,9606.ENSP00000290573,HK2,85
3690,9606.ENSP00000290583,CELF3,27
3691,9606.ENSP00000290649,AMFR,76
3692,9606.ENSP00000290650,UBR1,24
3693,9606.ENSP00000290663,MED8,23
3694,9606.ENSP00000290691,RGL4,34
3695,9606.ENSP00000290722,PGLYRP3,31
3696,9606.ENSP00000290759,ISL2,32
3697,9606.ENSP00000290765,GSTT2B,25
3698,9606.ENSP00000290866,ACE,34
3699,9606.ENSP00000290871,TEPP,28
3700,9606.ENSP00000290881,KIAA0895L,40
3701,9606.ENSP00000290913,CHCHD6,33
3702,9606.ENSP00000290921,CTBP1,32
3703,9606.ENSP00000290949,ATP6V0D1,68
3704,9606.ENSP00000290953,AGRP,35
3705,9606.ENSP00000291009,PIP,21
3706,9606.ENSP00000291041,PSKH1,17
3707,9606.ENSP00000291232,TNFRSF13C,25
3708,9606.ENSP00000291294,PTGIR,32
3709,9606.ENSP00000291295,CALM3,59
3710,9606.ENSP00000291386,SSU72,30
3711,9606.ENSP00000291416,TRIM62,120
3712,9606.ENSP00000291442,NR2F6,17
3713,9606.ENSP00000291481,HAPLN4,11
3714,9606.ENSP00000291495,CILP2,17
3715,9606.ENSP00000291526,TFF2,19
3716,9606.ENSP00000291527,TFF1,30
3717,9606.ENSP00000291536,RSPH1,32
3718,9606.ENSP00000291539,PDE9A,3
3719,9606.ENSP00000291547,PKNOX1,23
3720,9606.ENSP00000291552,U2AF1,10
3721,9606.ENSP00000291554,CRYAA,7
3722,9606.ENSP00000291560,HSF2BP,58
3723,9606.ENSP00000291565,PDXK,56
3724,9606.ENSP00000291568,CSTB,19
3725,9606.ENSP00000291572,AGPAT3,39
3726,9606.ENSP00000291574,TRAPPC10,42
3727,9606.ENSP00000291576,PWP2,3
3728,9606.ENSP00000291577,GATD3A,23
3729,9606.ENSP00000291582,AIRE,29
3730,9606.ENSP00000291592,LRRC3,13
3731,9606.ENSP00000291634,FAM207A,27
3732,9606.ENSP00000291688,MCM3AP,46
3733,9606.ENSP00000291700,S100B,30
3734,9606.ENSP00000291744,FCN2,19
3735,9606.ENSP00000291759,LILRA4,26
3736,9606.ENSP00000291823,HIPK4,63
3737,9606.ENSP00000291842,SHKBP1,39
3738,9606.ENSP00000291860,KIR3DL3,46
3739,9606.ENSP00000291890,NCR1,7
3740,9606.ENSP00000291900,ZER1,36
3741,9606.ENSP00000291906,PKN3,57
3742,9606.ENSP00000291971,NLRP8,12
3743,9606.ENSP00000292035,MED27,21
3744,9606.ENSP00000292079,FXYD2,20
3745,9606.ENSP00000292114,TMEM199,19
3746,9606.ENSP00000292125,PSG6,15
3747,9606.ENSP00000292147,ETHE1,19
3748,9606.ENSP00000292169,S100A1,33
3749,9606.ENSP00000292174,CXCR5,134
3750,9606.ENSP00000292180,FLAD1,146
3751,9606.ENSP00000292211,UBE2Q1,17
3752,9606.ENSP00000292301,CCR2,8
3753,9606.ENSP00000292303,CCR5,52
3754,9606.ENSP00000292314,CCDC12,43
3755,9606.ENSP00000292330,PPP1R35,7
3756,9606.ENSP00000292363,RNF126,13
3757,9606.ENSP00000292377,GPC2,5
3758,9606.ENSP00000292401,AZGP1,17
3759,9606.ENSP00000292408,FGFR4,20
3760,9606.ENSP00000292427,CYP11B1,27
3761,9606.ENSP00000292430,LY6K,6
3762,9606.ENSP00000292431,NACC1,2
3763,9606.ENSP00000292432,HK3,10
3764,9606.ENSP00000292450,ZSCAN21,2
3765,9606.ENSP00000292475,ATP5MF,3
3766,9606.ENSP00000292476,CPSF4,27
3767,9606.ENSP00000292478,PTCD1,176
3768,9606.ENSP00000292513,PTGER1,83
3769,9606.ENSP00000292524,LRRC14,198
3770,9606.ENSP00000292530,ZNF333,30
3771,9606.ENSP00000292539,PPP1R16A,177
3772,9606.ENSP00000292566,ALKBH4,15
3773,9606.ENSP00000292574,CCDC105,35
3774,9606.ENSP00000292579,ZNF250,11
3775,9606.ENSP00000292586,MRNIP,120
3776,9606.ENSP00000292596,LTC4S,88
3777,9606.ENSP00000292599,MAML1,4
3778,9606.ENSP00000292614,POLR2J,32
3779,9606.ENSP00000292616,LRWD1,15
3780,9606.ENSP00000292641,SCGB3A1,17
3781,9606.ENSP00000292672,CELF5,241
3782,9606.ENSP00000292779,CCDC116,21
3783,9606.ENSP00000292782,DCUN1D1,67
3784,9606.ENSP00000292823,PCYT1A,22
3785,9606.ENSP00000292852,FBXO17,15
3786,9606.ENSP00000292853,FBXO27,50
3787,9606.ENSP00000292879,U2AF1L4,67
3788,9606.ENSP00000292896,HBE1,42
3789,9606.ENSP00000292907,COX7A1,40
3790,9606.ENSP00000292928,ZNF382,70
3791,9606.ENSP00000293190,GRIN2C,22
3792,9606.ENSP00000293217,ACOX1,75
3793,9606.ENSP00000293230,CYGB,34
3794,9606.ENSP00000293288,BAX,84
3795,9606.ENSP00000293303,KLHL10,34
3796,9606.ENSP00000293328,STAT5B,30
3797,9606.ENSP00000293330,HCRT,44
3798,9606.ENSP00000293350,ALDH16A1,42
3799,9606.ENSP00000293362,PSME3,24
3800,9606.ENSP00000293373,NCKAP1L,49
3801,9606.ENSP00000293379,ITGA5,38
3802,9606.ENSP00000293404,NAGS,32
3803,9606.ENSP00000293405,IZUMO2,6
3804,9606.ENSP00000293441,SHANK1,20
3805,9606.ENSP00000293471,ZNF613,12
3806,9606.ENSP00000293502,SDR9C7,21
3807,9606.ENSP00000293549,WNT1,10
3808,9606.ENSP00000293599,AQP5,11
3809,9606.ENSP00000293636,CELA1,19
3810,9606.ENSP00000293662,GRASP,12
3811,9606.ENSP00000293670,KRT83,10
3812,9606.ENSP00000293695,SYCE2,26
3813,9606.ENSP00000293756,IP6K3,16
3814,9606.ENSP00000293760,LEMD2,10
3815,9606.ENSP00000293761,ALOX15,10
3816,9606.ENSP00000293771,ZNF653,123
3817,9606.ENSP00000293777,MED11,129
3818,9606.ENSP00000293778,CXCL16,141
3819,9606.ENSP00000293805,BCL6B,70
3820,9606.ENSP00000293825,TNFSF12,195
3821,9606.ENSP00000293826,ENSP00000293826,160
3822,9606.ENSP00000293829,FGF11,125
3823,9606.ENSP00000293831,EIF4A1,190
3824,9606.ENSP00000293845,CCDC42,147
3825,9606.ENSP00000293851,PRSS33,146
3826,9606.ENSP00000293860,POLR3K,120
3827,9606.ENSP00000293872,LUC7L,68
3828,9606.ENSP00000293879,WDR90,82
3829,9606.ENSP00000293883,WDR24,74
3830,9606.ENSP00000293894,SOX8,65
3831,9606.ENSP00000293897,SSTR5,20
3832,9606.ENSP00000293973,NTN3,128
3833,9606.ENSP00000294008,SLX4,149
3834,9606.ENSP00000294016,ADCY9,88
3835,9606.ENSP00000294053,CLPB,184
3836,9606.ENSP00000294064,NEU3,93
3837,9606.ENSP00000294066,MAP4K2,176
3838,9606.ENSP00000294117,GNG3,217
3839,9606.ENSP00000294119,UBXN1,127
3840,9606.ENSP00000294129,NCKIPSD,155
3841,9606.ENSP00000294168,TAF6L,185
3842,9606.ENSP00000294179,STX5,213
3843,9606.ENSP00000294189,RPL29,64
3844,9606.ENSP00000294244,SPINDOC,150
3845,9606.ENSP00000294258,ZFPL1,78
3846,9606.ENSP00000294288,CABP2,132
3847,9606.ENSP00000294304,LRP5,114
3848,9606.ENSP00000294309,TPCN2,77
3849,9606.ENSP00000294312,FGF19,116
3850,9606.ENSP00000294338,PDZK1IP1,146
3851,9606.ENSP00000294339,TAL1,205
3852,9606.ENSP00000294353,ZYG11B,159
3853,9606.ENSP00000294360,CZIB,95
3854,9606.ENSP00000294383,USP24,117
3855,9606.ENSP00000294409,GMEB1,55
3856,9606.ENSP00000294413,RHCE,71
3857,9606.ENSP00000294435,RBP7,176
3858,9606.ENSP00000294484,DISP3,114
3859,9606.ENSP00000294485,DRAXIN,210
3860,9606.ENSP00000294489,PDPN,69
3861,9606.ENSP00000294507,LAPTM5,36
3862,9606.ENSP00000294618,DOCK6,177
3863,9606.ENSP00000294638,LHX8,68
3864,9606.ENSP00000294664,WDR63,41
3865,9606.ENSP00000294671,GBP7,173
3866,9606.ENSP00000294702,GFI1,73
3867,9606.ENSP00000294724,AGL,140
3868,9606.ENSP00000294728,VCAM1,189
3869,9606.ENSP00000294740,ZNF281,13
3870,9606.ENSP00000294742,ARPC5,40
3871,9606.ENSP00000294753,ZNF496,7
3872,9606.ENSP00000294785,NCSTN,81
3873,9606.ENSP00000294818,LRRC52,136
3874,9606.ENSP00000294904,RBMS1,3
3875,9606.ENSP00000294952,PPP1R21,16
3876,9606.ENSP00000294954,LHCGR,62
3877,9606.ENSP00000294964,PKDCC,44
3878,9606.ENSP00000294973,HAAO,36
3879,9606.ENSP00000295006,CAPN2,11
3880,9606.ENSP00000295025,REL,15
3881,9606.ENSP00000295030,PEX13,32
3882,9606.ENSP00000295050,SPRTN,29
3883,9606.ENSP00000295057,LRRTM1,34
3884,9606.ENSP00000295065,MEMO1,20
3885,9606.ENSP00000295079,MAIP1,15
3886,9606.ENSP00000295082,KCNF1,22
3887,9606.ENSP00000295101,KCNJ3,14
3888,9606.ENSP00000295108,NEUROD1,10
3889,9606.ENSP00000295113,FRZB,22
3890,9606.ENSP00000295119,NUP35,16
3891,9606.ENSP00000295121,WDR92,11
3892,9606.ENSP00000295131,ZSWIM2,14
3893,9606.ENSP00000295148,WDCP,5
3894,9606.ENSP00000295171,CCDC74A,29
3895,9606.ENSP00000295201,TEKT4,17
3896,9606.ENSP00000295206,EN1,36
3897,9606.ENSP00000295213,SPATA18,83
3898,9606.ENSP00000295225,KCNIP3,21
3899,9606.ENSP00000295228,INHBB,22
3900,9606.ENSP00000295240,BBS5,26
3901,9606.ENSP00000295256,HPGDS,42
3902,9606.ENSP00000295266,PDHA2,25
3903,9606.ENSP00000295269,SLC9A4,32
3904,9606.ENSP00000295304,CHAC2,27
3905,9606.ENSP00000295314,TMOD4,23
3906,9606.ENSP00000295321,IWS1,16
3907,9606.ENSP00000295379,BMP10,46
3908,9606.ENSP00000295408,MERTK,18
3909,9606.ENSP00000295414,CCNYL1,19
3910,9606.ENSP00000295448,GNPDA2,24
3911,9606.ENSP00000295452,GABRG1,31
3912,9606.ENSP00000295453,ALPG,6
3913,9606.ENSP00000295454,GABRB1,24
3914,9606.ENSP00000295461,NIPAL1,16
3915,9606.ENSP00000295463,ALPI,16
3916,9606.ENSP00000295488,HELQ,27
3917,9606.ENSP00000295491,MRPS18C,46
3918,9606.ENSP00000295522,CLDN1,18
3919,9606.ENSP00000295542,DCST1,14
3920,9606.ENSP00000295550,COL6A3,24
3921,9606.ENSP00000295569,TAFA4,50
3922,9606.ENSP00000295588,POGLUT1,22
3923,9606.ENSP00000295589,CCKAR,16
3924,9606.ENSP00000295619,PROK2,55
3925,9606.ENSP00000295628,LRRC58,1
3926,9606.ENSP00000295633,FSTL1,17
3927,9606.ENSP00000295640,RNPEP,41
3928,9606.ENSP00000295645,PDCL2,21
3929,9606.ENSP00000295666,IGFBP7,40
3930,9606.ENSP00000295682,KRTCAP2,19
3931,9606.ENSP00000295683,CXCR1,13
3932,9606.ENSP00000295685,ARPC2,19
3933,9606.ENSP00000295688,CCT3,53
3934,9606.ENSP00000295694,TMEM79,108
3935,9606.ENSP00000295702,SSR2,89
3936,9606.ENSP00000295704,RNF25,109
3937,9606.ENSP00000295709,STK36,68
3938,9606.ENSP00000295718,PTPRN,105
3939,9606.ENSP00000295728,CRYBA2,187
3940,9606.ENSP00000295731,IHH,92
3941,9606.ENSP00000295746,CIP2A,108
3942,9606.ENSP00000295755,RETNLB,8
3943,9606.ENSP00000295756,TRAT1,43
3944,9606.ENSP00000295757,HDAC11,89
3945,9606.ENSP00000295767,CHCHD4,99
3946,9606.ENSP00000295770,STT3B,173
3947,9606.ENSP00000295777,SERPINI1,152
3948,9606.ENSP00000295797,PRKCI,96
3949,9606.ENSP00000295802,RETSAT,92
3950,9606.ENSP00000295822,EIF5A2,29
3951,9606.ENSP00000295824,EFHB,33
3952,9606.ENSP00000295834,FABP1,84
3953,9606.ENSP00000295851,ABI2,7
3954,9606.ENSP00000295872,SPICE1,93
3955,9606.ENSP00000295886,NKX6-1,104
3956,9606.ENSP00000295887,CDS1,26
3957,9606.ENSP00000295888,WDFY3,32
3958,9606.ENSP00000295897,ALB,62
3959,9606.ENSP00000295899,THOC7,71
3960,9606.ENSP00000295900,ATXN7,35
3961,9606.ENSP00000295926,CCNL1,45
3962,9606.ENSP00000295927,PTX3,38
3963,9606.ENSP00000295962,ABHD6,43
3964,9606.ENSP00000295981,IL17RC,41
3965,9606.ENSP00000295987,SYN1,61
3966,9606.ENSP00000295992,PCOLCE2,69
3967,9606.ENSP00000296003,MTMR14,31
3968,9606.ENSP00000296015,TTC14,48
3969,9606.ENSP00000296026,CXCL3,28
3970,9606.ENSP00000296027,CXCL5,28
3971,9606.ENSP00000296028,PPBP,42
3972,9606.ENSP00000296029,PF4,69
3973,9606.ENSP00000296043,SHROOM3,65
3974,9606.ENSP00000296046,CPA3,37
3975,9606.ENSP00000296051,HPS3,45
3976,9606.ENSP00000296088,SNRK,67
3977,9606.ENSP00000296098,TRIM54,30
3978,9606.ENSP00000296099,UCN,58
3979,9606.ENSP00000296102,MRPL33,34
3980,9606.ENSP00000296121,KIAA1143,36
3981,9606.ENSP00000296125,TGM4,32
3982,9606.ENSP00000296129,CDCP1,95
3983,9606.ENSP00000296130,CLEC3B,30
3984,9606.ENSP00000296135,LZTFL1,34
3985,9606.ENSP00000296137,FYCO1,102
3986,9606.ENSP00000296140,CCR1,115
3987,9606.ENSP00000296145,TDGF1,13
3988,9606.ENSP00000296149,ELP6,10
3989,9606.ENSP00000296161,DTX3L,103
3990,9606.ENSP00000296181,ITGB5,36
3991,9606.ENSP00000296215,SNIP1,31
3992,9606.ENSP00000296218,DNALI1,18
3993,9606.ENSP00000296220,OSBPL11,22
3994,9606.ENSP00000296233,KLF15,4
3995,9606.ENSP00000296238,CAMK2N2,45
3996,9606.ENSP00000296252,LIPH,11
3997,9606.ENSP00000296255,RPN1,6
3998,9606.ENSP00000296257,SENP2,37
3999,9606.ENSP00000296266,IFT122,23
4000,9606.ENSP00000296271,RHO,52
4001,9606.ENSP00000296280,MASP1,69
4002,9606.ENSP00000296292,RFT1,51
4003,9606.ENSP00000296318,IL17RD,37
4004,9606.ENSP00000296327,SLC51A,30
4005,9606.ENSP00000296328,UBXN7,18
4006,9606.ENSP00000296333,PIGX,62
4007,9606.ENSP00000296343,RUBCN,42
4008,9606.ENSP00000296350,MELTF,10
4009,9606.ENSP00000296358,OTOP1,101
4010,9606.ENSP00000296370,S100P,41
4011,9606.ENSP00000296387,CLDN19,83
4012,9606.ENSP00000296411,METAP1,65
4013,9606.ENSP00000296412,ADH5,101
4014,9606.ENSP00000296417,H2AZ1,26
4015,9606.ENSP00000296420,EMCN,38
4016,9606.ENSP00000296422,SLC9B1,55
4017,9606.ENSP00000296424,BDH2,32
4018,9606.ENSP00000296435,CAMP,100
4019,9606.ENSP00000296438,FBXW12,32
4020,9606.ENSP00000296452,BSN,15
4021,9606.ENSP00000296456,APEH,126
4022,9606.ENSP00000296464,HSPA4L,97
4023,9606.ENSP00000296473,MON1A,67
4024,9606.ENSP00000296474,MST1R,27
4025,9606.ENSP00000296484,POC1A,76
4026,9606.ENSP00000296486,ETNPPL,67
4027,9606.ENSP00000296490,WDR82,26
4028,9606.ENSP00000296498,PRSS12,37
4029,9606.ENSP00000296499,NDST3,34
4030,9606.ENSP00000296503,HMGB2,36
4031,9606.ENSP00000296504,SAP30,20
4032,9606.ENSP00000296506,SCRG1,23
4033,9606.ENSP00000296509,MAD2L1,78
4034,9606.ENSP00000296511,ANXA5,147
4035,9606.ENSP00000296513,ADAD1,55
4036,9606.ENSP00000296518,GUCY1A1,86
4037,9606.ENSP00000296522,HPGD,23
4038,9606.ENSP00000296526,GRIA2,168
4039,9606.ENSP00000296543,NAA15,72
4040,9606.ENSP00000296545,IL15,45
4041,9606.ENSP00000296557,ARFIP1,30
4042,9606.ENSP00000296564,ICE1,48
4043,9606.ENSP00000296575,HHIP,50
4044,9606.ENSP00000296577,ABCE1,36
4045,9606.ENSP00000296581,LSM6,13
4046,9606.ENSP00000296582,TMEM184C,22
4047,9606.ENSP00000296585,ITGA2,26
4048,9606.ENSP00000296589,SLC45A2,36
4049,9606.ENSP00000296591,EDIL3,21
4050,9606.ENSP00000296597,NDUFAF2,28
4051,9606.ENSP00000296632,STARD4,68
4052,9606.ENSP00000296641,F2RL2,40
4053,9606.ENSP00000296658,CMBL,20
4054,9606.ENSP00000296674,RPS23,88
4055,9606.ENSP00000296677,F2RL1,64
4056,9606.ENSP00000296679,WDR41,13
4057,9606.ENSP00000296682,PRDM9,26
4058,9606.ENSP00000296684,NDUFS4,20
4059,9606.ENSP00000296694,SCGB3A2,23
4060,9606.ENSP00000296695,SPINK1,69
4061,9606.ENSP00000296702,TCERG1,58
4062,9606.ENSP00000296721,AFAP1L1,17
4063,9606.ENSP00000296741,ENPP6,2
4064,9606.ENSP00000296754,ERAP1,3
4065,9606.ENSP00000296755,MAP1B,26
4066,9606.ENSP00000296777,CARTPT,5
4067,9606.ENSP00000296782,RICTOR,16
4068,9606.ENSP00000296785,ANKRA2,15
4069,9606.ENSP00000296786,UBLCP1,13
4070,9606.ENSP00000296792,UTP15,43
4071,9606.ENSP00000296795,TLR3,55
4072,9606.ENSP00000296824,CCDC127,27
4073,9606.ENSP00000296839,FOXQ1,48
4074,9606.ENSP00000296849,NKD2,57
4075,9606.ENSP00000296859,RAPGEF6,12
4076,9606.ENSP00000296861,TNFRSF21,117
4077,9606.ENSP00000296870,IL3,42
4078,9606.ENSP00000296871,CSF2,54
4079,9606.ENSP00000296877,LEAP2,33
4080,9606.ENSP00000296921,TLX3,31
4081,9606.ENSP00000296930,NPM1,36
4082,9606.ENSP00000296946,TBXT,37
4083,9606.ENSP00000296953,CREBRF,46
4084,9606.ENSP00000296980,IL22RA2,29
4085,9606.ENSP00000297012,H2AC1,21
4086,9606.ENSP00000297029,SCIN,84
4087,9606.ENSP00000297044,CYTH3,69
4088,9606.ENSP00000297056,DAGLB,28
4089,9606.ENSP00000297071,TRA2A,59
4090,9606.ENSP00000297107,GALNT10,103
4091,9606.ENSP00000297109,SAP30L,26
4092,9606.ENSP00000297130,MYOZ3,44
4093,9606.ENSP00000297135,COG5,15
4094,9606.ENSP00000297142,NEUROD6,26
4095,9606.ENSP00000297145,BMT2,39
4096,9606.ENSP00000297146,GPR85,27
4097,9606.ENSP00000297151,SLU7,100
4098,9606.ENSP00000297156,CAMLG,41
4099,9606.ENSP00000297157,RP9,39
4100,9606.ENSP00000297164,RELL2,35
4101,9606.ENSP00000297185,HSPA9,28
4102,9606.ENSP00000297205,STEAP1,2
4103,9606.ENSP00000297258,FABP5,5
4104,9606.ENSP00000297261,SHH,20
4105,9606.ENSP00000297265,CHMP4C,14
4106,9606.ENSP00000297268,COL1A2,23
4107,9606.ENSP00000297273,CASD1,5
4108,9606.ENSP00000297282,SLC13A4,13
4109,9606.ENSP00000297283,PGAM2,26
4110,9606.ENSP00000297290,BRI3,15
4111,9606.ENSP00000297293,LMTK2,29
4112,9606.ENSP00000297313,RGS20,27
4113,9606.ENSP00000297316,SOX17,28
4114,9606.ENSP00000297323,ADCY1,13
4115,9606.ENSP00000297325,SUN3,9
4116,9606.ENSP00000297338,RAD21,1
4117,9606.ENSP00000297347,MED30,34
4118,9606.ENSP00000297350,TNFRSF11B,16
4119,9606.ENSP00000297354,SBSPON,109
4120,9606.ENSP00000297405,CSMD3,38
4121,9606.ENSP00000297423,SPIDR,17
4122,9606.ENSP00000297431,ORC5,16
4123,9606.ENSP00000297435,DEFA4,20
4124,9606.ENSP00000297436,DEFA6,1
4125,9606.ENSP00000297439,DEFB1,43
4126,9606.ENSP00000297440,DNAAF5,24
4127,9606.ENSP00000297459,TMEM74,18
4128,9606.ENSP00000297494,NOS3,21
4129,9606.ENSP00000297504,ABCB8,22
4130,9606.ENSP00000297508,MICALL2,9
4131,9606.ENSP00000297512,ASIC3,20
4132,9606.ENSP00000297524,SLC7A13,21
4133,9606.ENSP00000297532,FASTK,5
4134,9606.ENSP00000297534,FMC1,22
4135,9606.ENSP00000297537,GBX1,10
4136,9606.ENSP00000297540,PHAX,1
4137,9606.ENSP00000297578,SLC25A32,3
4138,9606.ENSP00000297579,DCAF13,5
4139,9606.ENSP00000297581,DCSTAMP,6
4140,9606.ENSP00000297591,VIRMA,105
4141,9606.ENSP00000297596,GEM,113
4142,9606.ENSP00000297613,RPP25L,73
4143,9606.ENSP00000297625,MYORG,31
4144,9606.ENSP00000297668,CNTNAP3,98
4145,9606.ENSP00000297679,HSD3B7,72
4146,9606.ENSP00000297689,NFIL3,144
4147,9606.ENSP00000297785,ALDH1A1,68
4148,9606.ENSP00000297788,CCDC136,50
4149,9606.ENSP00000297792,KDM1B,43
4150,9606.ENSP00000297814,KIF27,71
4151,9606.ENSP00000297819,SSMEM1,120
4152,9606.ENSP00000297837,ANKS6,92
4153,9606.ENSP00000297848,COL14A1,62
4154,9606.ENSP00000297857,ZHX1,34
4155,9606.ENSP00000297873,METTL27,80
4156,9606.ENSP00000297904,VEGFD,54
4157,9606.ENSP00000297954,WNK2,62
4158,9606.ENSP00000297988,AQP7,62
4159,9606.ENSP00000297990,NOL6,135
4160,9606.ENSP00000297991,AQP3,93
4161,9606.ENSP00000297994,TRMT10B,100
4162,9606.ENSP00000298032,ARMC3,13
4163,9606.ENSP00000298048,MELK,111
4164,9606.ENSP00000298097,FBXO33,122
4165,9606.ENSP00000298119,LRFN5,71
4166,9606.ENSP00000298130,SPTSSA,139
4167,9606.ENSP00000298139,WRN,121
4168,9606.ENSP00000298159,CFL2,22
4169,9606.ENSP00000298181,SSX7,74
4170,9606.ENSP00000298198,PGM2L1,55
4171,9606.ENSP00000298223,FOLR2,46
4172,9606.ENSP00000298229,INPPL1,31
4173,9606.ENSP00000298231,PHOX2A,53
4174,9606.ENSP00000298248,CRYL1,53
4175,9606.ENSP00000298251,HEPACAM,17
4176,9606.ENSP00000298281,PCF11,38
4177,9606.ENSP00000298282,PKNOX2,35
4178,9606.ENSP00000298283,RPL10L,34
4179,9606.ENSP00000298288,LRR1,67
4180,9606.ENSP00000298292,DNAAF2,22
4181,9606.ENSP00000298295,DEPP1,17
4182,9606.ENSP00000298307,KLHDC2,35
4183,9606.ENSP00000298310,NEMF,42
4184,9606.ENSP00000298316,ARF6,28
4185,9606.ENSP00000298317,RPUSD4,26
4186,9606.ENSP00000298351,TMEM63C,19
4187,9606.ENSP00000298352,NGB,42
4188,9606.ENSP00000298355,TRIM9,11
4189,9606.ENSP00000298386,RXFP2,50
4190,9606.ENSP00000298396,SSX3,64
4191,9606.ENSP00000298428,SEC61A2,44
4192,9606.ENSP00000298440,OXGR1,32
4193,9606.ENSP00000298492,ABRAXAS2,59
4194,9606.ENSP00000298510,PRDX3,79
4195,9606.ENSP00000298527,CLEC1B,9
4196,9606.ENSP00000298532,SNAPC4,121
4197,9606.ENSP00000298542,FRMD7,17
4198,9606.ENSP00000298545,AK8,34
4199,9606.ENSP00000298552,TSC1,86
4200,9606.ENSP00000298556,HPRT1,40
4201,9606.ENSP00000298573,DUSP16,131
4202,9606.ENSP00000298585,ZMYND19,30
4203,9606.ENSP00000298681,SLC39A2,71
4204,9606.ENSP00000298690,RNASE7,70
4205,9606.ENSP00000298717,METTL3,37
4206,9606.ENSP00000298743,GAS1,34
4207,9606.ENSP00000298746,TRUB1,10
4208,9606.ENSP00000298767,WAPL,45
4209,9606.ENSP00000298786,SHLD2,18
4210,9606.ENSP00000298815,ARHGAP42,12
4211,9606.ENSP00000298832,TTLL5,83
4212,9606.ENSP00000298854,RAPSN,80
4213,9606.ENSP00000298875,CPSF2,119
4214,9606.ENSP00000298892,CAPRIN2,25
4215,9606.ENSP00000298910,LRRK2,90
4216,9606.ENSP00000298925,NELL1,37
4217,9606.ENSP00000298943,C1QL3,72
4218,9606.ENSP00000299001,PIWIL4,100
4219,9606.ENSP00000299022,LIPC,100
4220,9606.ENSP00000299045,TCP11L2,45
4221,9606.ENSP00000299084,SPRED1,42
4222,9606.ENSP00000299106,JAM3,4
4223,9606.ENSP00000299138,VPS35,33
4224,9606.ENSP00000299155,AMN,14
4225,9606.ENSP00000299157,IKBIP,2
4226,9606.ENSP00000299162,FOXN4,29
4227,9606.ENSP00000299163,HIF1AN,85
4228,9606.ENSP00000299166,NDUFB8,7
4229,9606.ENSP00000299178,AVPR1A,20
4230,9606.ENSP00000299192,HEATR3,9
4231,9606.ENSP00000299198,CKB,15
4232,9606.ENSP00000299213,LARP6,30
4233,9606.ENSP00000299238,HPS6,20
4234,9606.ENSP00000299259,COPS2,30
4235,9606.ENSP00000299299,PCBD1,20
4236,9606.ENSP00000299300,CCT2,49
4237,9606.ENSP00000299314,GNPTAB,21
4238,9606.ENSP00000299335,COX11,72
4239,9606.ENSP00000299338,FAM227B,30
4240,9606.ENSP00000299339,CLDN10,4
4241,9606.ENSP00000299367,C2,7
4242,9606.ENSP00000299413,TRIM44,25
4243,9606.ENSP00000299424,TAF10,10
4244,9606.ENSP00000299427,TPP1,11
4245,9606.ENSP00000299432,MSS51,117
4246,9606.ENSP00000299440,RAG1,124
4247,9606.ENSP00000299441,DCHS1,5
4248,9606.ENSP00000299443,POTED,6
4249,9606.ENSP00000299454,OR10A5,7
4250,9606.ENSP00000299459,OR2D2,46
4251,9606.ENSP00000299481,NLRP14,134
4252,9606.ENSP00000299492,PPFIBP2,114
4253,9606.ENSP00000299505,KIAA0355,23
4254,9606.ENSP00000299518,IDH3A,24
4255,9606.ENSP00000299529,CRABP1,47
4256,9606.ENSP00000299563,RNF169,35
4257,9606.ENSP00000299565,CHRNA5,32
4258,9606.ENSP00000299575,ATMIN,36
4259,9606.ENSP00000299601,LEO1,29
4260,9606.ENSP00000299626,ALG8,32
4261,9606.ENSP00000299638,POLR2M,10
4262,9606.ENSP00000299663,CLEC4E,27
4263,9606.ENSP00000299665,CLEC4D,14
4264,9606.ENSP00000299697,TK2,33
4265,9606.ENSP00000299698,A2ML1,20
4266,9606.ENSP00000299705,TMED3,9
4267,9606.ENSP00000299721,CPLX4,8
4268,9606.ENSP00000299727,GALR1,10
4269,9606.ENSP00000299736,CENPV,13
4270,9606.ENSP00000299766,MC4R,60
4271,9606.ENSP00000299767,HSP90B1,28
4272,9606.ENSP00000299798,SLC9A5,32
4273,9606.ENSP00000299821,NCAPH2,12
4274,9606.ENSP00000299824,PPP1R16B,14
4275,9606.ENSP00000299847,CHRFAM7A,27
4276,9606.ENSP00000299853,POLR3E,8
4277,9606.ENSP00000299855,MMP3,2
4278,9606.ENSP00000299886,COG1,53
4279,9606.ENSP00000299952,MARVELD3,31
4280,9606.ENSP00000300006,BMERB1,32
4281,9606.ENSP00000300026,PPIB,1
4282,9606.ENSP00000300030,CIAO2A,3
4283,9606.ENSP00000300035,PCLAF,12
4284,9606.ENSP00000300051,LDHD,37
4285,9606.ENSP00000300055,PLIN1,12
4286,9606.ENSP00000300056,PEX11A,17
4287,9606.ENSP00000300057,MESP1,49
4288,9606.ENSP00000300060,ANPEP,6
4289,9606.ENSP00000300061,SCNN1G,14
4290,9606.ENSP00000300069,RBPMS2,29
4291,9606.ENSP00000300079,GLYATL1,3
4292,9606.ENSP00000300086,TERF2IP,18
4293,9606.ENSP00000300087,DCTN5,2
4294,9606.ENSP00000300093,PLK1,7
4295,9606.ENSP00000300098,GPR182,13
4296,9606.ENSP00000300105,CACNG2,16
4297,9606.ENSP00000300107,CLPX,11
4298,9606.ENSP00000300113,CHP2,35
4299,9606.ENSP00000300128,NEMP1,12
4300,9606.ENSP00000300131,NAB2,15
4301,9606.ENSP00000300134,STAT6,15
4302,9606.ENSP00000300145,ATP23,16
4303,9606.ENSP00000300146,PATL1,19
4304,9606.ENSP00000300151,MRPL16,24
4305,9606.ENSP00000300175,SCG5,14
4306,9606.ENSP00000300176,AGFG2,33
4307,9606.ENSP00000300181,TSC22D4,26
4308,9606.ENSP00000300182,MS4A6E,8
4309,9606.ENSP00000300184,MS4A7,6
4310,9606.ENSP00000300190,MS4A5,10
4311,9606.ENSP00000300209,EEF1AKMT3,10
4312,9606.ENSP00000300213,CCNDBP1,29
4313,9606.ENSP00000300226,MS4A8,15
4314,9606.ENSP00000300231,MAP1A,22
4315,9606.ENSP00000300245,AKTIP,16
4316,9606.ENSP00000300249,MAPRE2,28
4317,9606.ENSP00000300283,CKMT1B,46
4318,9606.ENSP00000300289,PDIA3,6
4319,9606.ENSP00000300291,NUDT21,33
4320,9606.ENSP00000300305,RUNX1,32
4321,9606.ENSP00000300403,TPX2,12
4322,9606.ENSP00000300404,B4GALNT2,8
4323,9606.ENSP00000300413,SNRPD1,70
4324,9606.ENSP00000300452,COQ4,13
4325,9606.ENSP00000300456,SLC27A4,18
4326,9606.ENSP00000300527,COL6A2,30
4327,9606.ENSP00000300557,PRR15L,20
4328,9606.ENSP00000300574,CRK,2
4329,9606.ENSP00000300584,TBC1D2B,14
4330,9606.ENSP00000300589,NOD2,1
4331,9606.ENSP00000300619,ZNF91,43
4332,9606.ENSP00000300648,GCN1,56
4333,9606.ENSP00000300651,MED1,3
4334,9606.ENSP00000300658,PGAP3,9
4335,9606.ENSP00000300659,NFATC3,23
4336,9606.ENSP00000300688,ATP5MG,2
4337,9606.ENSP00000300692,CD3D,104
4338,9606.ENSP00000300738,RRM1,13
4339,9606.ENSP00000300773,OR51B5,2
4340,9606.ENSP00000300778,OR51Q1,13
4341,9606.ENSP00000300811,ZNF428,25
4342,9606.ENSP00000300870,ZNF267,46
4343,9606.ENSP00000300873,GNG8,31
4344,9606.ENSP00000300900,CA4,14
4345,9606.ENSP00000300935,RAB8A,5
4346,9606.ENSP00000300961,JSRP1,10
4347,9606.ENSP00000301012,MVD,2
4348,9606.ENSP00000301015,PIEZO1,20
4349,9606.ENSP00000301019,CDT1,3
4350,9606.ENSP00000301030,ANKRD11,23
4351,9606.ENSP00000301039,PROCA1,3
4352,9606.ENSP00000301046,LALBA,16
4353,9606.ENSP00000301050,CACNB3,89
4354,9606.ENSP00000301057,TP53I13,38
4355,9606.ENSP00000301061,WNT10B,78
4356,9606.ENSP00000301067,KMT2D,18
4357,9606.ENSP00000301068,RHEBL1,8
4358,9606.ENSP00000301141,CYP2A6,4
4359,9606.ENSP00000301146,CYP2A7,17
4360,9606.ENSP00000301149,GPD1,39
4361,9606.ENSP00000301159,LIN37,9
4362,9606.ENSP00000301175,PRODH2,4
4363,9606.ENSP00000301178,AXL,21
4364,9606.ENSP00000301180,DIP2B,8
4365,9606.ENSP00000301200,CDC42EP5,86
4366,9606.ENSP00000301202,LAIR2,3
4367,9606.ENSP00000301204,TMEM145,17
4368,9606.ENSP00000301218,GRIK5,13
4369,9606.ENSP00000301242,PPP1R14A,3
4370,9606.ENSP00000301244,SPINT2,78
4371,9606.ENSP00000301246,C19orf33,50
4372,9606.ENSP00000301258,PSCA,65
4373,9606.ENSP00000301272,TMIGD2,61
4374,9606.ENSP00000301280,CHAF1A,44
4375,9606.ENSP00000301281,UBXN6,8
4376,9606.ENSP00000301295,NLRP4,68
4377,9606.ENSP00000301305,SLC39A4,59
4378,9606.ENSP00000301310,ZNF582,85
4379,9606.ENSP00000301327,MFSD3,46
4380,9606.ENSP00000301329,GLOD4,22
4381,9606.ENSP00000301332,KIFC2,65
4382,9606.ENSP00000301336,RILP,86
4383,9606.ENSP00000301364,TSR1,18
4384,9606.ENSP00000301365,TRPV3,21
4385,9606.ENSP00000301391,CYB5D2,24
4386,9606.ENSP00000301396,PELP1,53
4387,9606.ENSP00000301407,CGB1,29
4388,9606.ENSP00000301408,CGB5,81
4389,9606.ENSP00000301420,KLK1,46
4390,9606.ENSP00000301452,ACER1,39
4391,9606.ENSP00000301454,SLC25A23,50
4392,9606.ENSP00000301455,ANGPTL4,39
4393,9606.ENSP00000301457,NDUFA7,65
4394,9606.ENSP00000301458,CD320,11
4395,9606.ENSP00000301459,RCOR2,56
4396,9606.ENSP00000301463,SPRYD3,14
4397,9606.ENSP00000301464,IGFBP6,87
4398,9606.ENSP00000301466,SOAT2,38
4399,9606.ENSP00000301522,PRDX2,61
4400,9606.ENSP00000301585,MRPL58,51
4401,9606.ENSP00000301587,ATP5PD,77
4402,9606.ENSP00000301599,TMEM88,44
4403,9606.ENSP00000301633,BIRC5,37
4404,9606.ENSP00000301645,CYP7A1,74
4405,9606.ENSP00000301653,KRT16,57
4406,9606.ENSP00000301656,KRT27,23
4407,9606.ENSP00000301659,GSDMA,14
4408,9606.ENSP00000301671,GHDC,6
4409,9606.ENSP00000301691,SOST,19
4410,9606.ENSP00000301727,E4F1,21
4411,9606.ENSP00000301729,ECI1,8
4412,9606.ENSP00000301732,ABCA3,7
4413,9606.ENSP00000301738,KCTD5,6
4414,9606.ENSP00000301740,SRRM2,7
4415,9606.ENSP00000301744,ZNF597,7
4416,9606.ENSP00000301761,SDHAF2,7
4417,9606.ENSP00000301764,DDB1,8
4418,9606.ENSP00000301765,VPS37C,8
4419,9606.ENSP00000301785,HNRNPUL2,40
4420,9606.ENSP00000301788,POLR2G,58
4421,9606.ENSP00000301790,PLAAT5,42
4422,9606.ENSP00000301825,ENTPD3,59
4423,9606.ENSP00000301831,ULK4,14
4424,9606.ENSP00000301838,FADD,48
4425,9606.ENSP00000301873,LTBP3,21
4426,9606.ENSP00000301887,BATF2,37
4427,9606.ENSP00000301891,SLC22A11,7
4428,9606.ENSP00000301896,MAJIN,28
4429,9606.ENSP00000301904,SCARA3,27
4430,9606.ENSP00000301908,PNOC,42
4431,9606.ENSP00000301921,SOX7,37
4432,9606.ENSP00000301945,ANTXR1,4
4433,9606.ENSP00000301956,ACSM1,16
4434,9606.ENSP00000301962,USP42,8
4435,9606.ENSP00000301972,MYRIP,21
4436,9606.ENSP00000302037,MFF,13
4437,9606.ENSP00000302046,RNASE6,37
4438,9606.ENSP00000302079,C3AR1,17
4439,9606.ENSP00000302100,LGALS4,26
4440,9606.ENSP00000302105,CRYGA,16
4441,9606.ENSP00000302108,PANK1,92
4442,9606.ENSP00000302111,MGMT,41
4443,9606.ENSP00000302114,PRELID1,2
4444,9606.ENSP00000302150,PRL,9
4445,9606.ENSP00000302160,LSM3,9
4446,9606.ENSP00000302177,MBOAT2,14
4447,9606.ENSP00000302189,NHLH1,42
4448,9606.ENSP00000302194,ATP6V1G2,12
4449,9606.ENSP00000302199,OR10V1,10
4450,9606.ENSP00000302216,ATOH1,23
4451,9606.ENSP00000302232,ALKBH3,11
4452,9606.ENSP00000302234,CCL11,14
4453,9606.ENSP00000302251,GBX2,10
4454,9606.ENSP00000302276,HEXIM2,28
4455,9606.ENSP00000302289,EMB,11
4456,9606.ENSP00000302297,LGI3,70
4457,9606.ENSP00000302319,PRY,49
4458,9606.ENSP00000302324,RNASE3,84
4459,9606.ENSP00000302327,PYGO1,67
4460,9606.ENSP00000302393,LDHAL6B,59
4461,9606.ENSP00000302413,TPST1,68
4462,9606.ENSP00000302441,NANP,7
4463,9606.ENSP00000302455,ZNF17,3
4464,9606.ENSP00000302456,KLF13,11
4465,9606.ENSP00000302476,HSPB2,17
4466,9606.ENSP00000302478,POLR1D,6
4467,9606.ENSP00000302485,CSDC2,8
4468,9606.ENSP00000302486,MAP2K1,29
4469,9606.ENSP00000302530,BUB1,11
4470,9606.ENSP00000302543,CXXC5,8
4471,9606.ENSP00000302548,HOXD4,10
4472,9606.ENSP00000302562,HSPBAP1,3
4473,9606.ENSP00000302569,CLEC7A,39
4474,9606.ENSP00000302578,LRATD2,7
4475,9606.ENSP00000302579,SCEL,14
4476,9606.ENSP00000302586,KBTBD2,1
4477,9606.ENSP00000302599,FUT9,27
4478,9606.ENSP00000302620,AGXT,8
4479,9606.ENSP00000302621,LRG1,27
4480,9606.ENSP00000302625,AXIN2,11
4481,9606.ENSP00000302629,CHSY3,19
4482,9606.ENSP00000302630,ONECUT1,30
4483,9606.ENSP00000302640,UBTF,29
4484,9606.ENSP00000302648,NRTN,28
4485,9606.ENSP00000302657,ABHD15,30
4486,9606.ENSP00000302676,GPR22,25
4487,9606.ENSP00000302716,MUC17,28
4488,9606.ENSP00000302719,KCNAB3,35
4489,9606.ENSP00000302724,INSL5,10
4490,9606.ENSP00000302728,GUSB,10
4491,9606.ENSP00000302768,PAIP1,30
4492,9606.ENSP00000302770,ZNF296,9
4493,9606.ENSP00000302783,TRAPPC1,9
4494,9606.ENSP00000302790,XPO6,23
4495,9606.ENSP00000302801,TRMT61B,12
4496,9606.ENSP00000302805,DDI1,21
4497,9606.ENSP00000302811,MTNR1A,3
4498,9606.ENSP00000302814,OTP,20
4499,9606.ENSP00000302830,MAEA,2
4500,9606.ENSP00000302833,GIMAP1,36
4501,9606.ENSP00000302843,DNAJC18,41
4502,9606.ENSP00000302846,PTGER4,34
4503,9606.ENSP00000302851,SLC23A1,34
4504,9606.ENSP00000302886,PA2G4,35
4505,9606.ENSP00000302895,ARAP2,34
4506,9606.ENSP00000302898,AURKC,34
4507,9606.ENSP00000302913,SH3D19,34
4508,9606.ENSP00000302924,IL17D,39
4509,9606.ENSP00000302935,IL16,89
4510,9606.ENSP00000302938,WFDC13,39
4511,9606.ENSP00000302961,HSPA4,34
4512,9606.ENSP00000302967,HDAC3,22
4513,9606.ENSP00000302968,CDY1,35
4514,9606.ENSP00000302978,SPRY3,34
4515,9606.ENSP00000303015,ZRSR2,34
4516,9606.ENSP00000303058,CEP120,36
4517,9606.ENSP00000303061,XAGE3,34
4518,9606.ENSP00000303070,SCGB1D1,35
4519,9606.ENSP00000303077,GOT1L1,35
4520,9606.ENSP00000303145,TMED10,34
4521,9606.ENSP00000303147,MAT2A,35
4522,9606.ENSP00000303148,TMEM37,42
4523,9606.ENSP00000303153,COL22A1,43
4524,9606.ENSP00000303158,CCDC8,43
4525,9606.ENSP00000303174,UGT1A6,75
4526,9606.ENSP00000303178,CDY1B,37
4527,9606.ENSP00000303192,RGL1,6
4528,9606.ENSP00000303206,REG1B,37
4529,9606.ENSP00000303208,PCSK9,35
4530,9606.ENSP00000303211,ACHE,34
4531,9606.ENSP00000303222,MTCH2,36
4532,9606.ENSP00000303231,IL12A,36
4533,9606.ENSP00000303246,ACOT12,38
4534,9606.ENSP00000303252,ZNF804A,40
4535,9606.ENSP00000303276,RNASE2,11
4536,9606.ENSP00000303300,PRY2,27
4537,9606.ENSP00000303315,JUNB,35
4538,9606.ENSP00000303325,TACR3,15
4539,9606.ENSP00000303356,DCXR,29
4540,9606.ENSP00000303366,LMAN2,9
4541,9606.ENSP00000303373,H2AC8,17
4542,9606.ENSP00000303394,HSPB3,19
4543,9606.ENSP00000303398,MTBP,34
4544,9606.ENSP00000303423,FNTA,22
4545,9606.ENSP00000303424,PTGDR,65
4546,9606.ENSP00000303427,PDS5A,77
4547,9606.ENSP00000303437,TSNARE1,8
4548,9606.ENSP00000303452,TRH,62
4549,9606.ENSP00000303468,ZCCHC4,1
4550,9606.ENSP00000303482,REEP4,19
4551,9606.ENSP00000303490,C5orf34,13
4552,9606.ENSP00000303507,BCR,2
4553,9606.ENSP00000303511,PEX6,5
4554,9606.ENSP00000303515,DUS1L,63
4555,9606.ENSP00000303522,TACR1,28
4556,9606.ENSP00000303525,CBR4,15
4557,9606.ENSP00000303532,DEFB4A,53
4558,9606.ENSP00000303540,SCN1A,62
4559,9606.ENSP00000303549,GPR82,48
4560,9606.ENSP00000303570,ANKMY2,73
4561,9606.ENSP00000303575,NUDT9,67
4562,9606.ENSP00000303580,NKIRAS2,57
4563,9606.ENSP00000303584,N6AMT1,50
4564,9606.ENSP00000303599,HSFY1,51
4565,9606.ENSP00000303634,LRP8,46
4566,9606.ENSP00000303686,NTSR2,51
4567,9606.ENSP00000303696,ZNF57,32
4568,9606.ENSP00000303706,CDC25A,43
4569,9606.ENSP00000303709,UBE2E1,65
4570,9606.ENSP00000303754,PPID,59
4571,9606.ENSP00000303758,LUZP1,56
4572,9606.ENSP00000303775,PROKR1,41
4573,9606.ENSP00000303830,INSR,55
4574,9606.ENSP00000303908,TWF2,20
4575,9606.ENSP00000303909,ABR,73
4576,9606.ENSP00000303920,MZB1,54
4577,9606.ENSP00000303942,GP9,51
4578,9606.ENSP00000303963,CTRB2,57
4579,9606.ENSP00000303978,SYCE1,20
4580,9606.ENSP00000303992,TMEM43,26
4581,9606.ENSP00000303997,GTPBP2,67
4582,9606.ENSP00000304004,FOXA3,24
4583,9606.ENSP00000304032,STARD5,99
4584,9606.ENSP00000304051,RNF139,45
4585,9606.ENSP00000304077,OR4K15,55
4586,9606.ENSP00000304078,FAM83B,29
4587,9606.ENSP00000304102,COPS6,57
4588,9606.ENSP00000304127,KCNG3,60
4589,9606.ENSP00000304133,SCG2,25
4590,9606.ENSP00000304139,RBMXL2,28
4591,9606.ENSP00000304147,COPS9,38
4592,9606.ENSP00000304226,HIPK3,55
4593,9606.ENSP00000304229,HINT1,68
4594,9606.ENSP00000304250,CDK5R2,47
4595,9606.ENSP00000304268,ZNF33A,16
4596,9606.ENSP00000304277,TM4SF1,182
4597,9606.ENSP00000304283,RAC3,13
4598,9606.ENSP00000304286,FOXI1,29
4599,9606.ENSP00000304290,CHRNB1,66
4600,9606.ENSP00000304292,ANKRD27,34
4601,9606.ENSP00000304327,COPRS,84
4602,9606.ENSP00000304336,PYDC1,109
4603,9606.ENSP00000304353,POP7,42
4604,9606.ENSP00000304360,SMYD4,17
4605,9606.ENSP00000304364,C1GALT1C1,81
4606,9606.ENSP00000304376,RAB24,64
4607,9606.ENSP00000304408,COL3A1,48
4608,9606.ENSP00000304419,OR2B2,28
4609,9606.ENSP00000304422,KREMEN2,43
4610,9606.ENSP00000304429,SNX7,40
4611,9606.ENSP00000304435,FAM189A2,45
4612,9606.ENSP00000304437,KNDC1,28
4613,9606.ENSP00000304440,HAS3,67
4614,9606.ENSP00000304467,THOP1,133
4615,9606.ENSP00000304501,ADORA2B,63
4616,9606.ENSP00000304502,SIX2,64
4617,9606.ENSP00000304553,MPLKIP,53
4618,9606.ENSP00000304586,ANKS3,83
4619,9606.ENSP00000304592,FASN,13
4620,9606.ENSP00000304593,ZNHIT1,34
4621,9606.ENSP00000304604,MAGI3,13
4622,9606.ENSP00000304642,RETREG1,23
4623,9606.ENSP00000304643,CALML6,32
4624,9606.ENSP00000304669,CTNNA1,51
4625,9606.ENSP00000304689,THAP11,38
4626,9606.ENSP00000304767,P2RY1,64
4627,9606.ENSP00000304769,ZNF467,36
4628,9606.ENSP00000304782,CES3,126
4629,9606.ENSP00000304783,SLC26A5,132
4630,9606.ENSP00000304802,DTYMK,29
4631,9606.ENSP00000304811,UGT2B7,36
4632,9606.ENSP00000304822,CSN3,56
4633,9606.ENSP00000304845,UGT1A1,14
4634,9606.ENSP00000304854,NUDCD2,81
4635,9606.ENSP00000304891,ATP6V1E2,32
4636,9606.ENSP00000304895,IRS1,72
4637,9606.ENSP00000304903,CD2BP2,40
4638,9606.ENSP00000304915,IL13,35
4639,9606.ENSP00000304930,SOSTDC1,92
4640,9606.ENSP00000304941,TCTN2,43
4641,9606.ENSP00000304945,ROBO4,18
4642,9606.ENSP00000304956,MN1,25
4643,9606.ENSP00000304987,BFSP2,57
4644,9606.ENSP00000305005,PSG8,66
4645,9606.ENSP00000305055,OR2K2,58
4646,9606.ENSP00000305069,TMEM192,124
4647,9606.ENSP00000305071,RFXANK,108
4648,9606.ENSP00000305107,GIMAP8,43
4649,9606.ENSP00000305133,SOCS5,14
4650,9606.ENSP00000305138,MCRIP2,74
4651,9606.ENSP00000305151,PWWP2A,7
4652,9606.ENSP00000305161,TRIM56,36
4653,9606.ENSP00000305193,HS1BP3,49
4654,9606.ENSP00000305204,CKAP2L,103
4655,9606.ENSP00000305221,UGT2B4,36
4656,9606.ENSP00000305230,SRP9,46
4657,9606.ENSP00000305244,IRX1,38
4658,9606.ENSP00000305255,STX8,52
4659,9606.ENSP00000305260,GNB2,39
4660,9606.ENSP00000305288,NLGN2,34
4661,9606.ENSP00000305302,SLC6A19,117
4662,9606.ENSP00000305343,SOX14,71
4663,9606.ENSP00000305372,ADRB2,51
4664,9606.ENSP00000305416,S1PR1,80
4665,9606.ENSP00000305422,CEBPB,31
4666,9606.ENSP00000305424,OR1F1,38
4667,9606.ENSP00000305442,COG7,37
4668,9606.ENSP00000305449,CNNM3,83
4669,9606.ENSP00000305465,PDILT,43
4670,9606.ENSP00000305480,FEN1,34
4671,9606.ENSP00000305494,SPATA5L1,85
4672,9606.ENSP00000305529,SIRPG,39
4673,9606.ENSP00000305556,PCBP1,28
4674,9606.ENSP00000305595,B3GNT2,70
4675,9606.ENSP00000305603,FUT3,73
4676,9606.ENSP00000305613,CPLX1,32
4677,9606.ENSP00000305631,NXNL1,43
4678,9606.ENSP00000305632,HOMER2,57
4679,9606.ENSP00000305647,VAMP5,43
4680,9606.ENSP00000305651,CXCL10,6
4681,9606.ENSP00000305653,LETM1,49
4682,9606.ENSP00000305675,CAVIN2,46
4683,9606.ENSP00000305682,MRPL39,64
4684,9606.ENSP00000305692,GAA,73
4685,9606.ENSP00000305696,RBFA,91
4686,9606.ENSP00000305699,HOOK3,98
4687,9606.ENSP00000305702,KCTD19,8
4688,9606.ENSP00000305714,BMP1,244
4689,9606.ENSP00000305721,IBTK,175
4690,9606.ENSP00000305725,CHST11,161
4691,9606.ENSP00000305731,CST1,159
4692,9606.ENSP00000305742,LRTOMT,26
4693,9606.ENSP00000305766,MRGPRX1,241
4694,9606.ENSP00000305769,SMAD1,13
4695,9606.ENSP00000305790,SF3B3,6
4696,9606.ENSP00000305810,STX18,160
4697,9606.ENSP00000305839,GPRIN1,27
4698,9606.ENSP00000305875,SHLD1,12
4699,9606.ENSP00000305877,NMUR1,66
4700,9606.ENSP00000305892,TMEM208,9
4701,9606.ENSP00000305899,KMT5B,163
4702,9606.ENSP00000305906,UTF1,97
4703,9606.ENSP00000305918,BRD3,45
4704,9606.ENSP00000305919,HTRA4,253
4705,9606.ENSP00000305924,PPP4R4,164
4706,9606.ENSP00000305926,OTUD7A,166
4707,9606.ENSP00000305941,USH2A,14
4708,9606.ENSP00000305974,SLCO1A2,63
4709,9606.ENSP00000305975,KRTAP1-1,7
4710,9606.ENSP00000305976,SIK2,16
4711,9606.ENSP00000305988,ALCAM,59
4712,9606.ENSP00000305995,PGK2,17
4713,9606.ENSP00000306003,ATP5ME,5
4714,9606.ENSP00000306010,ARF4,175
4715,9606.ENSP00000306015,SYNPO2,69
4716,9606.ENSP00000306070,NUDT6,3
4717,9606.ENSP00000306080,MRM3,101
4718,9606.ENSP00000306099,FGB,68
4719,9606.ENSP00000306100,PAM,43
4720,9606.ENSP00000306105,CEP89,28
4721,9606.ENSP00000306117,DDX19A,7
4722,9606.ENSP00000306123,RPAP1,19
4723,9606.ENSP00000306124,PRKCE,244
4724,9606.ENSP00000306129,DRD5,46
4725,9606.ENSP00000306138,GRM5,101
4726,9606.ENSP00000306157,IL7R,169
4727,9606.ENSP00000306163,ANKRD2,58
4728,9606.ENSP00000306185,ANTXR2,7
4729,9606.ENSP00000306220,MMGT1,128
4730,9606.ENSP00000306245,FOS,127
4731,9606.ENSP00000306253,ITPR1,38
4732,9606.ENSP00000306261,KRT78,34
4733,9606.ENSP00000306275,KCNK3,39
4734,9606.ENSP00000306285,TPD52L1,33
4735,9606.ENSP00000306320,GON7,36
4736,9606.ENSP00000306324,PWWP2B,36
4737,9606.ENSP00000306328,SLC25A33,100
4738,9606.ENSP00000306330,YWHAG,41
4739,9606.ENSP00000306335,RFX2,55
4740,9606.ENSP00000306362,TBCA,35
4741,9606.ENSP00000306372,ZNF3,42
4742,9606.ENSP00000306396,RNF187,25
4743,9606.ENSP00000306397,UQCRFS1,35
4744,9606.ENSP00000306410,ARMC4,50
4745,9606.ENSP00000306425,CHCHD7,27
4746,9606.ENSP00000306449,GPR37,35
4747,9606.ENSP00000306459,B4GALT6,34
4748,9606.ENSP00000306461,SPRR1B,40
4749,9606.ENSP00000306473,SHCBP1,36
4750,9606.ENSP00000306490,CHRM1,38
4751,9606.ENSP00000306496,RAB33B,66
4752,9606.ENSP00000306497,KCNJ4,40
4753,9606.ENSP00000306512,CXCL8,38
4754,9606.ENSP00000306522,CAMTA1,40
4755,9606.ENSP00000306523,INSM2,36
4756,9606.ENSP00000306528,DESI2,43
4757,9606.ENSP00000306548,MRPL13,33
4758,9606.ENSP00000306561,OGG1,46
4759,9606.ENSP00000306564,TMEM42,3
4760,9606.ENSP00000306565,ISG20,34
4761,9606.ENSP00000306606,ADH1B,35
4762,9606.ENSP00000306614,PPIH,43
4763,9606.ENSP00000306625,ASPSCR1,35
4764,9606.ENSP00000306627,SLC9C1,3
4765,9606.ENSP00000306637,RGPD8,48
4766,9606.ENSP00000306662,ADRA1B,9
4767,9606.ENSP00000306670,NUDT16L1,19
4768,9606.ENSP00000306678,ANKK1,24
4769,9606.ENSP00000306682,PPM1D,44
4770,9606.ENSP00000306752,BOLA2B,4
4771,9606.ENSP00000306754,NEUROD2,20
4772,9606.ENSP00000306760,LRRC45,27
4773,9606.ENSP00000306772,LDB2,20
4774,9606.ENSP00000306788,ARL6IP1,6
4775,9606.ENSP00000306817,RBKS,7
4776,9606.ENSP00000306822,AVEN,9
4777,9606.ENSP00000306844,SEMA4C,13
4778,9606.ENSP00000306864,VASN,3
4779,9606.ENSP00000306866,GABARAP,3
4780,9606.ENSP00000306881,SEC23A,27
4781,9606.ENSP00000306884,CXCL11,3
4782,9606.ENSP00000306887,TMEM126A,23
4783,9606.ENSP00000306894,ETV5,34
4784,9606.ENSP00000306900,PRND,21
4785,9606.ENSP00000306902,MRPL4,2
4786,9606.ENSP00000306906,RNF181,7
4787,9606.ENSP00000306920,GLB1,3
4788,9606.ENSP00000306968,CDCA7,80
4789,9606.ENSP00000306983,YEATS2,81
4790,9606.ENSP00000306991,HAS2,44
4791,9606.ENSP00000306997,MYOZ2,56
4792,9606.ENSP00000306999,ESCO2,82
4793,9606.ENSP00000307004,APLF,55
4794,9606.ENSP00000307023,KLF11,40
4795,9606.ENSP00000307046,SDC2,45
4796,9606.ENSP00000307078,KIF5B,54
4797,9606.ENSP00000307093,MAP6,56
4798,9606.ENSP00000307126,DEGS2,52
4799,9606.ENSP00000307134,CTNND2,51
4800,9606.ENSP00000307143,DONSON,77
4801,9606.ENSP00000307155,RBMY1F,75
4802,9606.ENSP00000307156,LAMB2,81
4803,9606.ENSP00000307159,OR8B12,40
4804,9606.ENSP00000307181,RAMAC,11
4805,9606.ENSP00000307183,ING2,76
4806,9606.ENSP00000307188,ASL,52
4807,9606.ENSP00000307197,DNAJB7,69
4808,9606.ENSP00000307199,AHSP,46
4809,9606.ENSP00000307208,BPTF,54
4810,9606.ENSP00000307214,LCMT2,37
4811,9606.ENSP00000307235,EIF2AK3,43
4812,9606.ENSP00000307240,KRT74,95
4813,9606.ENSP00000307241,PDHB,14
4814,9606.ENSP00000307259,P2RY12,46
4815,9606.ENSP00000307260,TBL2,59
4816,9606.ENSP00000307265,IRF2BP1,44
4817,9606.ENSP00000307272,RPTOR,37
4818,9606.ENSP00000307275,SCAMP3,22
4819,9606.ENSP00000307280,MYL1,45
4820,9606.ENSP00000307288,MCM7,37
4821,9606.ENSP00000307292,CAVIN3,9
4822,9606.ENSP00000307297,CHST14,24
4823,9606.ENSP00000307298,FEM1B,65
4824,9606.ENSP00000307305,DDIT4,41
4825,9606.ENSP00000307321,HOXC10,104
4826,9606.ENSP00000307342,HCN1,67
4827,9606.ENSP00000307411,MLLT10,41
4828,9606.ENSP00000307423,MGAT2,46
4829,9606.ENSP00000307449,NECAB2,91
4830,9606.ENSP00000307479,ARNT2,9
4831,9606.ENSP00000307491,WDR48,9
4832,9606.ENSP00000307508,CALB2,52
4833,9606.ENSP00000307513,MRC2,27
4834,9606.ENSP00000307515,OR9G4,37
4835,9606.ENSP00000307519,TMPRSS11E,10
4836,9606.ENSP00000307540,CST2,12
4837,9606.ENSP00000307549,NPTX1,18
4838,9606.ENSP00000307567,QARS1,39
4839,9606.ENSP00000307634,AGAP1,82
4840,9606.ENSP00000307636,MORN4,12
4841,9606.ENSP00000307666,VPS50,13
4842,9606.ENSP00000307674,CANT1,12
4843,9606.ENSP00000307684,TADA3,13
4844,9606.ENSP00000307697,ACOX2,9
4845,9606.ENSP00000307701,TSPAN5,8
4846,9606.ENSP00000307705,H1-4,40
4847,9606.ENSP00000307726,OR2C1,12
4848,9606.ENSP00000307741,CMTM8,123
4849,9606.ENSP00000307746,ZNF608,16
4850,9606.ENSP00000307766,HTR1E,9
4851,9606.ENSP00000307774,ZNF239,41
4852,9606.ENSP00000307786,CYCS,79
4853,9606.ENSP00000307822,NPFFR2,23
4854,9606.ENSP00000307833,FBXO22,73
4855,9606.ENSP00000307850,DRAP1,23
4856,9606.ENSP00000307853,MUS81,37
4857,9606.ENSP00000307854,PCMTD2,63
4858,9606.ENSP00000307858,ZBTB4,38
4859,9606.ENSP00000307863,U2AF2,11
4860,9606.ENSP00000307889,RPL13,100
4861,9606.ENSP00000307900,GLUL,42
4862,9606.ENSP00000307911,CHST2,1
4863,9606.ENSP00000307939,GCC2,17
4864,9606.ENSP00000307940,EEF2,16
4865,9606.ENSP00000307959,DST,32
4866,9606.ENSP00000307971,RFNG,48
4867,9606.ENSP00000307975,METTL18,15
4868,9606.ENSP00000308000,TUT1,50
4869,9606.ENSP00000308012,PABPC5,56
4870,9606.ENSP00000308022,TADA2B,40
4871,9606.ENSP00000308024,PCSK1,12
4872,9606.ENSP00000308032,CYP2S1,28
4873,9606.ENSP00000308082,OR10P1,69
4874,9606.ENSP00000308117,CD248,42
4875,9606.ENSP00000308122,ATP6V0A4,7
4876,9606.ENSP00000308179,WDR3,57
4877,9606.ENSP00000308193,RNASEH2C,10
4878,9606.ENSP00000308208,MMP14,55
4879,9606.ENSP00000308219,RGMB,89
4880,9606.ENSP00000308236,COMMD1,4
4881,9606.ENSP00000308258,PTDSS2,29
4882,9606.ENSP00000308275,MRPL38,62
4883,9606.ENSP00000308318,PPP1R3B,7
4884,9606.ENSP00000308332,UTP23,60
4885,9606.ENSP00000308339,SEC16B,11
4886,9606.ENSP00000308351,MLKL,38
4887,9606.ENSP00000308354,TIGD3,8
4888,9606.ENSP00000308361,P2RY14,12
4889,9606.ENSP00000308369,LEMD3,47
4890,9606.ENSP00000308405,H2AZ2,53
4891,9606.ENSP00000308413,RPS6KB2,12
4892,9606.ENSP00000308430,CYB5B,94
4893,9606.ENSP00000308452,KRT17,40
4894,9606.ENSP00000308461,RND1,7
4895,9606.ENSP00000308472,EIF4EBP3,79
4896,9606.ENSP00000308479,GPR171,58
4897,9606.ENSP00000308496,ARL10,40
4898,9606.ENSP00000308533,GEMIN2,39
4899,9606.ENSP00000308535,GOLT1A,46
4900,9606.ENSP00000308541,F2,5
4901,9606.ENSP00000308546,MEPCE,49
4902,9606.ENSP00000308548,ZNHIT2,63
4903,9606.ENSP00000308576,RHOD,57
4904,9606.ENSP00000308578,ZNF431,2
4905,9606.ENSP00000308583,CENPS,64
4906,9606.ENSP00000308591,GAL3ST3,17
4907,9606.ENSP00000308597,DLEC1,67
4908,9606.ENSP00000308606,AGR3,22
4909,9606.ENSP00000308610,GPD2,60
4910,9606.ENSP00000308622,GLE1,80
4911,9606.ENSP00000308689,OR10AD1,54
4912,9606.ENSP00000308716,INHBC,69
4913,9606.ENSP00000308717,MRPL48,23
4914,9606.ENSP00000308720,PRSS1,34
4915,9606.ENSP00000308725,GABRB3,127
4916,9606.ENSP00000308733,GPR151,65
4917,9606.ENSP00000308750,CBX2,11
4918,9606.ENSP00000308753,TMOD3,46
4919,9606.ENSP00000308764,OR52I2,19
4920,9606.ENSP00000308770,SULT1B1,49
4921,9606.ENSP00000308772,ANKS4B,17
4922,9606.ENSP00000308782,GP6,60
4923,9606.ENSP00000308815,CCL19,66
4924,9606.ENSP00000308820,RIC3,67
4925,9606.ENSP00000308873,CCDC74B,65
4926,9606.ENSP00000308893,SNED1,55
4927,9606.ENSP00000308895,SLC19A1,3
4928,9606.ENSP00000308897,MRPL11,76
4929,9606.ENSP00000308908,GPR148,65
4930,9606.ENSP00000308921,ZCCHC12,10
4931,9606.ENSP00000308925,TLR10,29
4932,9606.ENSP00000308937,PMP22,14
4933,9606.ENSP00000308938,PLG,91
4934,9606.ENSP00000308944,HLTF,194
4935,9606.ENSP00000308970,PSG1,123
4936,9606.ENSP00000309031,VCPIP1,76
4937,9606.ENSP00000309036,TSPAN17,83
4938,9606.ENSP00000309052,CATSPER1,75
4939,9606.ENSP00000309092,GMPPB,26
4940,9606.ENSP00000309096,B4GAT1,62
4941,9606.ENSP00000309116,PTPN7,45
4942,9606.ENSP00000309124,OLR1,69
4943,9606.ENSP00000309126,NSUN5,18
4944,9606.ENSP00000309132,BCL2L14,59
4945,9606.ENSP00000309141,MARCHF3,63
4946,9606.ENSP00000309142,PDE12,15
4947,9606.ENSP00000309163,RCE1,49
4948,9606.ENSP00000309189,CBY2,26
4949,9606.ENSP00000309198,UBE3C,18
4950,9606.ENSP00000309245,LRRC7,9
4951,9606.ENSP00000309262,USP48,4
4952,9606.ENSP00000309270,CHST1,18
4953,9606.ENSP00000309334,RPL15,27
4954,9606.ENSP00000309336,HOXC5,46
4955,9606.ENSP00000309338,CLCF1,12
4956,9606.ENSP00000309376,CD164,5
4957,9606.ENSP00000309402,TRAM1L1,1
4958,9606.ENSP00000309415,CLTB,3
4959,9606.ENSP00000309430,PIGS,17
4960,9606.ENSP00000309432,RETREG3,7
4961,9606.ENSP00000309439,HOXB9,15
4962,9606.ENSP00000309457,VPS41,2
4963,9606.ENSP00000309463,LIPT2,15
4964,9606.ENSP00000309474,PSMD1,101
4965,9606.ENSP00000309477,ACO1,12
4966,9606.ENSP00000309493,GPRC6A,24
4967,9606.ENSP00000309504,SLC26A7,54
4968,9606.ENSP00000309521,LIME1,35
4969,9606.ENSP00000309524,CSHL1,44
4970,9606.ENSP00000309538,DAPL1,55
4971,9606.ENSP00000309542,PGA5,21
4972,9606.ENSP00000309548,PDP2,41
4973,9606.ENSP00000309555,HCFC1,65
4974,9606.ENSP00000309565,UQCRH,41
4975,9606.ENSP00000309570,KLF7,34
4976,9606.ENSP00000309572,TERT,23
4977,9606.ENSP00000309591,PRKACA,47
4978,9606.ENSP00000309595,TWNK,14
4979,9606.ENSP00000309597,MAP3K11,77
4980,9606.ENSP00000309606,ZNF408,50
4981,9606.ENSP00000309640,XXYLT1,63
4982,9606.ENSP00000309644,BOD1,51
4983,9606.ENSP00000309653,GLIS1,72
4984,9606.ENSP00000309673,OR52W1,41
4985,9606.ENSP00000309689,LRCH4,76
4986,9606.ENSP00000309714,SH3PXD2B,75
4987,9606.ENSP00000309741,SLCO4C1,54
4988,9606.ENSP00000309749,APOBEC3F,47
4989,9606.ENSP00000309767,NLRP6,41
4990,9606.ENSP00000309772,CPED1,43
4991,9606.ENSP00000309790,MIS18BP1,50
4992,9606.ENSP00000309794,TBC1D16,34
4993,9606.ENSP00000309830,RPL38,47
4994,9606.ENSP00000309836,CCDC13,57
4995,9606.ENSP00000309899,NARF,57
4996,9606.ENSP00000309913,TBX5,4
4997,9606.ENSP00000309945,SPNS1,32
4998,9606.ENSP00000309953,EFEMP2,71
4999,9606.ENSP00000309968,ADAM17,28
5000,9606.ENSP00000310003,CNIH2,24
5001,9606.ENSP00000310006,NR1D2,31
5002,9606.ENSP00000310008,SWSAP1,39
5003,9606.ENSP00000310015,ADAT1,1
5004,9606.ENSP00000310036,CD34,26
5005,9606.ENSP00000310042,ZNF622,23
5006,9606.ENSP00000310094,TAOK2,30
5007,9606.ENSP00000310117,PPP1R14B,24
5008,9606.ENSP00000310120,ALG10B,14
5009,9606.ENSP00000310129,PSMD2,1
5010,9606.ENSP00000310170,FOSL1,25
5011,9606.ENSP00000310182,FAM241A,1
5012,9606.ENSP00000310205,NRIP3,23
5013,9606.ENSP00000310208,SLC5A6,4
5014,9606.ENSP00000310216,KLRC4,10
5015,9606.ENSP00000310219,HSPA6,12
5016,9606.ENSP00000310226,RAB1B,5
5017,9606.ENSP00000310241,SLC22A13,12
5018,9606.ENSP00000310244,RASGRP1,15
5019,9606.ENSP00000310255,GPR152,18
5020,9606.ENSP00000310260,INTS6,11
5021,9606.ENSP00000310263,TNFRSF10D,13
5022,9606.ENSP00000310301,SP3,6
5023,9606.ENSP00000310305,P2RY2,8
5024,9606.ENSP00000310332,FBXO45,12
5025,9606.ENSP00000310335,REP15,42
5026,9606.ENSP00000310356,RMI2,55
5027,9606.ENSP00000310375,MLC1,13
5028,9606.ENSP00000310405,XCR1,14
5029,9606.ENSP00000310406,RIN1,15
5030,9606.ENSP00000310431,LMAN1L,13
5031,9606.ENSP00000310447,GLS2,23
5032,9606.ENSP00000310448,SART1,14
5033,9606.ENSP00000310459,AKIP1,19
5034,9606.ENSP00000310472,ZNF624,8
5035,9606.ENSP00000310491,ARHGAP1,6
5036,9606.ENSP00000310515,PRM1,1
5037,9606.ENSP00000310520,ERCC4,18
5038,9606.ENSP00000310521,SEC22A,17
5039,9606.ENSP00000310547,ADCK5,19
5040,9606.ENSP00000310551,LCLAT1,31
5041,9606.ENSP00000310557,KCNE3,55
5042,9606.ENSP00000310561,ARHGAP32,55
5043,9606.ENSP00000310572,PSMC5,13
5044,9606.ENSP00000310573,KRT25,8
5045,9606.ENSP00000310585,PCP2,7
5046,9606.ENSP00000310593,MAP9,67
5047,9606.ENSP00000310596,LSM1,41
5048,9606.ENSP00000310620,SNX32,35
5049,9606.ENSP00000310622,APOBEC4,50
5050,9606.ENSP00000310623,ISCU,41
5051,9606.ENSP00000310631,MRGPRD,15
5052,9606.ENSP00000310632,OR8S1,2
5053,9606.ENSP00000310649,BRSK1,2
5054,9606.ENSP00000310657,NDST2,19
5055,9606.ENSP00000310658,SCUBE2,23
5056,9606.ENSP00000310661,PDE7B,22
5057,9606.ENSP00000310668,NUP93,52
5058,9606.ENSP00000310670,CCAR2,21
5059,9606.ENSP00000310688,ABCD2,12
5060,9606.ENSP00000310696,B4GALT2,26
5061,9606.ENSP00000310721,CYP7B1,34
5062,9606.ENSP00000310722,MOS,14
5063,9606.ENSP00000310723,DDX23,27
5064,9606.ENSP00000310726,MRPL57,34
5065,9606.ENSP00000310796,THAP2,43
5066,9606.ENSP00000310803,SFT2D3,2
5067,9606.ENSP00000310829,CFAP70,13
5068,9606.ENSP00000310832,CTSF,2
5069,9606.ENSP00000310841,FBXO31,21
5070,9606.ENSP00000310842,FANCI,23
5071,9606.ENSP00000310861,KRT2,18
5072,9606.ENSP00000310873,COQ2,7
5073,9606.ENSP00000310880,MAL,35
5074,9606.ENSP00000310928,PPARD,6
5075,9606.ENSP00000310933,MADD,32
5076,9606.ENSP00000310978,PHYKPL,4
5077,9606.ENSP00000310998,NAGPA,18
5078,9606.ENSP00000311005,MAPK7,22
5079,9606.ENSP00000311010,ELF5,25
5080,9606.ENSP00000311032,CASP3,20
5081,9606.ENSP00000311035,CD200R1,14
5082,9606.ENSP00000311083,CKS1B,9
5083,9606.ENSP00000311095,CYP4A11,31
5084,9606.ENSP00000311121,PSMA8,25
5085,9606.ENSP00000311127,VEGFB,9
5086,9606.ENSP00000311135,DHX37,18
5087,9606.ENSP00000311165,AQP1,30
5088,9606.ENSP00000311184,WFIKKN2,9
5089,9606.ENSP00000311196,NPAS4,23
5090,9606.ENSP00000311219,TRIM59,15
5091,9606.ENSP00000311221,ZMAT3,20
5092,9606.ENSP00000311224,ACOT1,21
5093,9606.ENSP00000311273,DNAH7,37
5094,9606.ENSP00000311280,ELF4,8
5095,9606.ENSP00000311290,PROP1,13
5096,9606.ENSP00000311291,SLCO2A1,23
5097,9606.ENSP00000311300,CTSW,9
5098,9606.ENSP00000311313,CST6,2
5099,9606.ENSP00000311318,ATG4D,21
5100,9606.ENSP00000311319,ZNF417,45
5101,9606.ENSP00000311336,ATP8B3,5
5102,9606.ENSP00000311343,WDR49,59
5103,9606.ENSP00000311344,PPP2R1B,54
5104,9606.ENSP00000311360,RAD9A,73
5105,9606.ENSP00000311364,MUCL1,23
5106,9606.ENSP00000311368,POLD4,70
5107,9606.ENSP00000311398,RNASE8,29
5108,9606.ENSP00000311399,VPS26C,66
5109,9606.ENSP00000311401,DENND6A,29
5110,9606.ENSP00000311405,ADCY6,51
5111,9606.ENSP00000311427,SNX33,44
5112,9606.ENSP00000311429,ZWILCH,33
5113,9606.ENSP00000311430,RPL4,56
5114,9606.ENSP00000311436,ABRA,29
5115,9606.ENSP00000311447,ASPHD1,29
5116,9606.ENSP00000311449,RAB6A,40
5117,9606.ENSP00000311469,GSTM1,109
5118,9606.ENSP00000311486,C12orf66,62
5119,9606.ENSP00000311492,ISX,56
5120,9606.ENSP00000311500,MZT2A,50
5121,9606.ENSP00000311502,HEG1,5
5122,9606.ENSP00000311505,IQCB1,31
5123,9606.ENSP00000311513,RSF1,19
5124,9606.ENSP00000311538,ARR3,41
5125,9606.ENSP00000311545,ADGRE1,38
5126,9606.ENSP00000311579,TNKS,49
5127,9606.ENSP00000311605,OR4B1,22
5128,9606.ENSP00000311609,SPSB4,55
5129,9606.ENSP00000311648,UGT8,61
5130,9606.ENSP00000311677,PPP1R8,14
5131,9606.ENSP00000311679,ZNF483,71
5132,9606.ENSP00000311684,SPEG,48
5133,9606.ENSP00000311687,NIPAL4,37
5134,9606.ENSP00000311697,FGF5,66
5135,9606.ENSP00000311712,RTP1,51
5136,9606.ENSP00000311713,OXSR1,55
5137,9606.ENSP00000311746,KLK10,103
5138,9606.ENSP00000311747,RBM14,78
5139,9606.ENSP00000311778,ZMIZ2,139
5140,9606.ENSP00000311816,REST,60
5141,9606.ENSP00000311825,CTBP2,62
5142,9606.ENSP00000311827,MSL2,36
5143,9606.ENSP00000311837,SNTG2,77
5144,9606.ENSP00000311857,PTPN2,41
5145,9606.ENSP00000311862,MS4A10,30
5146,9606.ENSP00000311899,DAW1,66
5147,9606.ENSP00000311905,LTBP4,75
5148,9606.ENSP00000311957,ZNF738,33
5149,9606.ENSP00000311962,GGA2,29
5150,9606.ENSP00000311977,DUS3L,50
5151,9606.ENSP00000311984,NAXD,63
5152,9606.ENSP00000311997,NEFH,27
5153,9606.ENSP00000312002,HAVCR2,83
5154,9606.ENSP00000312017,TLCD3A,10
5155,9606.ENSP00000312021,FUT1,28
5156,9606.ENSP00000312027,CD7,35
5157,9606.ENSP00000312066,SRP68,43
5158,9606.ENSP00000312081,SSH3,36
5159,9606.ENSP00000312082,TLR8,13
5160,9606.ENSP00000312107,UBXN2A,72
5161,9606.ENSP00000312126,ADCY4,29
5162,9606.ENSP00000312129,KCNG4,82
5163,9606.ENSP00000312134,PRG2,20
5164,9606.ENSP00000312143,TNS3,22
5165,9606.ENSP00000312150,TRIB1,77
5166,9606.ENSP00000312158,BTN2A1,9
5167,9606.ENSP00000312185,ELMO1,56
5168,9606.ENSP00000312222,ZHX3,29
5169,9606.ENSP00000312244,MSL3,49
5170,9606.ENSP00000312250,ADPGK,51
5171,9606.ENSP00000312262,GRK2,50
5172,9606.ENSP00000312273,LGI4,73
5173,9606.ENSP00000312286,PLA2G1B,70
5174,9606.ENSP00000312293,MOBP,53
5175,9606.ENSP00000312299,FRG2C,44
5176,9606.ENSP00000312304,TPMT,36
5177,9606.ENSP00000312311,MRPL46,31
5178,9606.ENSP00000312318,ZNRD2,50
5179,9606.ENSP00000312326,AOC3,37
5180,9606.ENSP00000312356,TRMT10C,29
5181,9606.ENSP00000312367,CD84,29
5182,9606.ENSP00000312379,KMT2E,4
5183,9606.ENSP00000312385,EVX2,70
5184,9606.ENSP00000312397,KLHL3,44
5185,9606.ENSP00000312399,CCDC63,56
5186,9606.ENSP00000312403,OR2Y1,80
5187,9606.ENSP00000312411,PPM1E,29
5188,9606.ENSP00000312415,SSX5,86
5189,9606.ENSP00000312439,RNF26,48
5190,9606.ENSP00000312442,AP1G2,109
5191,9606.ENSP00000312455,CFLAR,56
5192,9606.ENSP00000312457,BAALC,106
5193,9606.ENSP00000312506,CSPG4,87
5194,9606.ENSP00000312535,LRFN4,44
5195,9606.ENSP00000312554,DNAH12,41
5196,9606.ENSP00000312587,COQ10A,92
5197,9606.ENSP00000312599,TMEM70,61
5198,9606.ENSP00000312617,NFYC,36
5199,9606.ENSP00000312618,ACAD9,135
5200,9606.ENSP00000312624,TCAP,30
5201,9606.ENSP00000312631,INSM1,41
5202,9606.ENSP00000312634,PDLIM2,87
5203,9606.ENSP00000312649,PPARGC1B,25
5204,9606.ENSP00000312652,LEP,26
5205,9606.ENSP00000312663,CHRNA9,34
5206,9606.ENSP00000312664,CASP2,23
5207,9606.ENSP00000312671,EHBP1L1,23
5208,9606.ENSP00000312673,GH1,23
5209,9606.ENSP00000312675,TRIM72,73
5210,9606.ENSP00000312702,DEFB114,83
5211,9606.ENSP00000312706,CCDC65,19
5212,9606.ENSP00000312709,TAF7,94
5213,9606.ENSP00000312734,RAB8B,21
5214,9606.ENSP00000312741,CAMKK2,28
5215,9606.ENSP00000312753,PHETA2,20
5216,9606.ENSP00000312774,SPACA4,20
5217,9606.ENSP00000312778,IFT80,46
5218,9606.ENSP00000312811,KCNK10,22
5219,9606.ENSP00000312814,KCTD2,60
5220,9606.ENSP00000312834,MLXIP,62
5221,9606.ENSP00000312946,STAB1,9
5222,9606.ENSP00000312981,USP39,30
5223,9606.ENSP00000312987,HNF4A,50
5224,9606.ENSP00000312988,NFKBIB,99
5225,9606.ENSP00000312995,CLSPN,92
5226,9606.ENSP00000312999,GNAI2,32
5227,9606.ENSP00000313007,PABPC1,17
5228,9606.ENSP00000313034,FBXW5,47
5229,9606.ENSP00000313050,NIPSNAP2,140
5230,9606.ENSP00000313088,NETO1,44
5231,9606.ENSP00000313121,SNX14,42
5232,9606.ENSP00000313140,EXD2,11
5233,9606.ENSP00000313158,ZNF366,44
5234,9606.ENSP00000313159,FBXO34,44
5235,9606.ENSP00000313169,NPHP1,27
5236,9606.ENSP00000313171,ATAD5,71
5237,9606.ENSP00000313172,BVES,36
5238,9606.ENSP00000313199,HNRNPD,31
5239,9606.ENSP00000313309,FUZ,94
5240,9606.ENSP00000313318,SLC35C1,72
5241,9606.ENSP00000313350,RNASEH1,19
5242,9606.ENSP00000313377,PANK2,34
5243,9606.ENSP00000313391,DAB2,26
5244,9606.ENSP00000313419,CD19,34
5245,9606.ENSP00000313420,PRKDC,68
5246,9606.ENSP00000313422,ARL6IP4,89
5247,9606.ENSP00000313423,GFRA4,46
5248,9606.ENSP00000313432,GRHPR,25
5249,9606.ENSP00000313437,MMP19,140
5250,9606.ENSP00000313454,UBA6,13
5251,9606.ENSP00000313490,PFAS,15
5252,9606.ENSP00000313500,HROB,36
5253,9606.ENSP00000313504,PHKB,19
5254,9606.ENSP00000313571,LGALS7B,32
5255,9606.ENSP00000313581,KLK2,30
5256,9606.ENSP00000313582,ZNF436,52
5257,9606.ENSP00000313600,ATP10B,22
5258,9606.ENSP00000313601,CC2D1A,26
5259,9606.ENSP00000313603,ABCF1,20
5260,9606.ENSP00000313670,ALS2CL,52
5261,9606.ENSP00000313681,SPHK1,47
5262,9606.ENSP00000313691,FTMT,59
5263,9606.ENSP00000313699,HEPHL1,23
5264,9606.ENSP00000313752,SSNA1,31
5265,9606.ENSP00000313809,AMBN,25
5266,9606.ENSP00000313811,USP20,8
5267,9606.ENSP00000313829,KHDRBS1,13
5268,9606.ENSP00000313851,PDS5B,48
5269,9606.ENSP00000313854,CLPTM1L,14
5270,9606.ENSP00000313869,GORASP1,13
5271,9606.ENSP00000313875,CD46,15
5272,9606.ENSP00000313877,TSFM,34
5273,9606.ENSP00000313881,MKRN3,7
5274,9606.ENSP00000313921,MSRA,18
5275,9606.ENSP00000313933,BICRAL,62
5276,9606.ENSP00000313936,OR2AE1,15
5277,9606.ENSP00000313950,AURKB,98
5278,9606.ENSP00000313953,TTC27,26
5279,9606.ENSP00000313967,C1QB,47
5280,9606.ENSP00000313983,NSD3,75
5281,9606.ENSP00000313995,KLHDC3,48
5282,9606.ENSP00000314004,ANAPC2,34
5283,9606.ENSP00000314029,SENP3,22
5284,9606.ENSP00000314030,DNAJA2,23
5285,9606.ENSP00000314036,AGPAT4,110
5286,9606.ENSP00000314042,MRGPRX4,106
5287,9606.ENSP00000314067,PAK2,11
5288,9606.ENSP00000314080,HIC1,31
5289,9606.ENSP00000314099,CA5B,18
5290,9606.ENSP00000314116,TMEM107,79
5291,9606.ENSP00000314129,TFE3,34
5292,9606.ENSP00000314132,BOK,6
5293,9606.ENSP00000314151,KLK3,11
5294,9606.ENSP00000314157,SNAP47,51
5295,9606.ENSP00000314173,SAMD12,20
5296,9606.ENSP00000314193,WDR75,34
5297,9606.ENSP00000314196,MBOAT4,37
5298,9606.ENSP00000314223,GPR88,37
5299,9606.ENSP00000314295,EEF1AKMT4,11
5300,9606.ENSP00000314299,CFHR1,29
5301,9606.ENSP00000314348,DDX10,25
5302,9606.ENSP00000314380,GRINA,54
5303,9606.ENSP00000314396,PRMT9,10
5304,9606.ENSP00000314407,CA8,29
5305,9606.ENSP00000314420,PER1,69
5306,9606.ENSP00000314441,METTL1,40
5307,9606.ENSP00000314444,WDR35,48
5308,9606.ENSP00000314484,MEIOB,114
5309,9606.ENSP00000314499,GAK,144
5310,9606.ENSP00000314500,GALNT14,19
5311,9606.ENSP00000314505,MCM9,32
5312,9606.ENSP00000314508,GBA,45
5313,9606.ENSP00000314543,MAGEB18,30
5314,9606.ENSP00000314544,CCZ1B,16
5315,9606.ENSP00000314556,UACA,18
5316,9606.ENSP00000314606,SGSH,29
5317,9606.ENSP00000314608,KLHL11,35
5318,9606.ENSP00000314615,ARFGAP1,14
5319,9606.ENSP00000314649,ALDH5A1,25
5320,9606.ENSP00000314709,ZHX2,38
5321,9606.ENSP00000314724,PPFIBP1,45
5322,9606.ENSP00000314733,TOLLIP,53
5323,9606.ENSP00000314792,BOLL,10
5324,9606.ENSP00000314806,FOXR1,7
5325,9606.ENSP00000314807,IL1RAP,56
5326,9606.ENSP00000314879,ALOXE3,34
5327,9606.ENSP00000314897,ANGPT2,15
5328,9606.ENSP00000314946,RPRM,49
5329,9606.ENSP00000314976,IL20RA,6
5330,9606.ENSP00000314992,RRH,12
5331,9606.ENSP00000315006,SLC28A2,10
5332,9606.ENSP00000315011,EDNRA,19
5333,9606.ENSP00000315013,CRAT,15
5334,9606.ENSP00000315017,MRPL1,10
5335,9606.ENSP00000315035,PPP1R42,27
5336,9606.ENSP00000315064,MAGEF1,12
5337,9606.ENSP00000315070,GJD4,19
5338,9606.ENSP00000315112,RNF31,22
5339,9606.ENSP00000315118,COQ8B,24
5340,9606.ENSP00000315130,CLU,18
5341,9606.ENSP00000315136,APBA3,59
5342,9606.ENSP00000315137,SGPP2,12
5343,9606.ENSP00000315152,METAP1D,70
5344,9606.ENSP00000315182,SHQ1,13
5345,9606.ENSP00000315190,ITGA3,16
5346,9606.ENSP00000315263,GLTP,17
5347,9606.ENSP00000315265,DYNAP,35
5348,9606.ENSP00000315295,KIAA1549L,29
5349,9606.ENSP00000315299,CALML3,23
5350,9606.ENSP00000315351,D2HGDH,31
5351,9606.ENSP00000315371,ANO5,38
5352,9606.ENSP00000315379,PRPF3,38
5353,9606.ENSP00000315387,TMEM102,46
5354,9606.ENSP00000315397,MRPS31,21
5355,9606.ENSP00000315410,OSBPL3,44
5356,9606.ENSP00000315465,DSCAML1,60
5357,9606.ENSP00000315474,GIMAP7,26
5358,9606.ENSP00000315476,EXOSC4,24
5359,9606.ENSP00000315477,CD209,39
5360,9606.ENSP00000315554,SPEM1,44
5361,9606.ENSP00000315564,LGALS9B,21
5362,9606.ENSP00000315568,AVL9,34
5363,9606.ENSP00000315569,DIS3L2,6
5364,9606.ENSP00000315602,CHRNA3,8
5365,9606.ENSP00000315630,SWAP70,21
5366,9606.ENSP00000315644,TYMS,9
5367,9606.ENSP00000315654,KCNG2,27
5368,9606.ENSP00000315659,DNMBP,7
5369,9606.ENSP00000315664,ZNF18,30
5370,9606.ENSP00000315680,PEX7,12
5371,9606.ENSP00000315693,PAM16,8
5372,9606.ENSP00000315700,CHAF1B,4
5373,9606.ENSP00000315702,MOB4,15
5374,9606.ENSP00000315713,SSH1,7
5375,9606.ENSP00000315743,CCNG2,11
5376,9606.ENSP00000315768,STAT2,2
5377,9606.ENSP00000315774,NDUFS8,34
5378,9606.ENSP00000315775,COG4,21
5379,9606.ENSP00000315791,CSTF3,5
5380,9606.ENSP00000315915,ANXA2R,21
5381,9606.ENSP00000315931,AHCYL2,37
5382,9606.ENSP00000315949,HOXD8,1
5383,9606.ENSP00000315988,DPY19L2,51
5384,9606.ENSP00000315997,LILRB1,2
5385,9606.ENSP00000316029,TLN1,17
5386,9606.ENSP00000316032,NUP98,13
5387,9606.ENSP00000316042,HNRNPA0,22
5388,9606.ENSP00000316054,DVL3,61
5389,9606.ENSP00000316109,AGGF1,10
5390,9606.ENSP00000316114,SGF29,90
5391,9606.ENSP00000316130,SYNE4,93
5392,9606.ENSP00000316152,SFTPC,93
5393,9606.ENSP00000316173,B3GNT5,37
5394,9606.ENSP00000316176,UBE2N,72
5395,9606.ENSP00000316228,CLEC4M,25
5396,9606.ENSP00000316244,HTR1A,18
5397,9606.ENSP00000316329,SCD5,2
5398,9606.ENSP00000316335,FARS2,3
5399,9606.ENSP00000316338,BAIAP2,73
5400,9606.ENSP00000316357,USP9X,64
5401,9606.ENSP00000316377,DLGAP1,248
5402,9606.ENSP00000316416,CSH1,249
5403,9606.ENSP00000316454,PACS1,96
5404,9606.ENSP00000316476,DEGS1,60
5405,9606.ENSP00000316491,FCAMR,43
5406,9606.ENSP00000316496,DCAF4L2,37
5407,9606.ENSP00000316512,TLK2,5
5408,9606.ENSP00000316527,ZNF609,95
5409,9606.ENSP00000316543,RAPH1,247
5410,9606.ENSP00000316578,SUZ12,53
5411,9606.ENSP00000316589,RANBP10,250
5412,9606.ENSP00000316598,GTPBP6,251
5413,9606.ENSP00000316605,CNGB3,32
5414,9606.ENSP00000316609,SWI5,57
5415,9606.ENSP00000316628,RNF152,248
5416,9606.ENSP00000316649,OSBPL2,56
5417,9606.ENSP00000316674,ACTL9,250
5418,9606.ENSP00000316675,PVRIG,249
5419,9606.ENSP00000316681,CEP295,65
5420,9606.ENSP00000316729,RHOJ,42
5421,9606.ENSP00000316737,LCE1D,94
5422,9606.ENSP00000316779,BIN1,248
5423,9606.ENSP00000316782,NBPF3,249
5424,9606.ENSP00000316786,HSD11B2,250
5425,9606.ENSP00000316809,PITPNA,66
5426,9606.ENSP00000316842,SIX5,59
5427,9606.ENSP00000316845,ARHGEF4,42
5428,9606.ENSP00000316881,P3H2,76
5429,9606.ENSP00000316909,SLC17A8,140
5430,9606.ENSP00000316924,ACSS1,250
5431,9606.ENSP00000316948,CLK4,83
5432,9606.ENSP00000316950,MYEF2,247
5433,9606.ENSP00000316955,OR7A5,69
5434,9606.ENSP00000317000,TM6SF1,97
5435,9606.ENSP00000317027,GCNT4,41
5436,9606.ENSP00000317039,RMI1,72
5437,9606.ENSP00000317123,SNRNP200,29
5438,9606.ENSP00000317128,PLXND1,33
5439,9606.ENSP00000317144,PIBF1,44
5440,9606.ENSP00000317159,CYC1,76
5441,9606.ENSP00000317175,PLEKHD1,5
5442,9606.ENSP00000317177,PLD6,24
5443,9606.ENSP00000317214,CAPN6,29
5444,9606.ENSP00000317224,SAMD4B,13
5445,9606.ENSP00000317232,FKBP10,44
5446,9606.ENSP00000317272,MET,24
5447,9606.ENSP00000317300,LPCAT4,22
5448,9606.ENSP00000317310,CABP1,39
5449,9606.ENSP00000317327,UBASH3A,39
5450,9606.ENSP00000317331,SSR4,32
5451,9606.ENSP00000317333,NEUROG2,19
5452,9606.ENSP00000317334,TCP1,30
5453,9606.ENSP00000317376,MRPS11,50
5454,9606.ENSP00000317379,GLS,8
5455,9606.ENSP00000317382,SLC36A4,41
5456,9606.ENSP00000317404,CHST13,24
5457,9606.ENSP00000317431,ENTHD1,18
5458,9606.ENSP00000317439,CNPY1,26
5459,9606.ENSP00000317445,PSAPL1,6
5460,9606.ENSP00000317468,CHMP6,21
5461,9606.ENSP00000317469,BBS1,17
5462,9606.ENSP00000317473,RABGGTB,41
5463,9606.ENSP00000317564,EID2B,21
5464,9606.ENSP00000317578,GRK3,30
5465,9606.ENSP00000317579,C16orf58,53
5466,9606.ENSP00000317580,NEUROG1,11
5467,9606.ENSP00000317636,RECQL5,51
5468,9606.ENSP00000317674,APOL1,30
5469,9606.ENSP00000317686,ZFP42,24
5470,9606.ENSP00000317691,RPP25,22
5471,9606.ENSP00000317714,STX4,56
5472,9606.ENSP00000317721,PIPOX,20
5473,9606.ENSP00000317743,HARBI1,28
5474,9606.ENSP00000317780,COX5A,23
5475,9606.ENSP00000317790,SPTBN5,22
5476,9606.ENSP00000317817,SH2D3C,25
5477,9606.ENSP00000317872,RBBP6,4
5478,9606.ENSP00000317891,TNIP1,4
5479,9606.ENSP00000317895,RPTN,10
5480,9606.ENSP00000317902,CEP57,2
5481,9606.ENSP00000317904,GYS1,40
5482,9606.ENSP00000317955,EEA1,61
5483,9606.ENSP00000317971,WDTC1,28
5484,9606.ENSP00000317985,ROCK2,33
5485,9606.ENSP00000317992,NOC2L,13
5486,9606.ENSP00000317997,DUOX1,5
5487,9606.ENSP00000318016,WASHC5,11
5488,9606.ENSP00000318057,EGR3,42
5489,9606.ENSP00000318066,ENPP4,7
5490,9606.ENSP00000318085,HINFP,93
5491,9606.ENSP00000318094,SCMH1,8
5492,9606.ENSP00000318113,CLDN22,29
5493,9606.ENSP00000318128,BLOC1S4,93
5494,9606.ENSP00000318131,PNMA8A,1
5495,9606.ENSP00000318142,FUT7,67
5496,9606.ENSP00000318147,EDEM3,26
5497,9606.ENSP00000318154,MRFAP1L1,34
5498,9606.ENSP00000318158,MRPS24,10
5499,9606.ENSP00000318165,OS9,1
5500,9606.ENSP00000318176,PRKRA,5
5501,9606.ENSP00000318177,FUBP3,3
5502,9606.ENSP00000318195,NCL,7
5503,9606.ENSP00000318197,TUBA3E,21
5504,9606.ENSP00000318234,COL26A1,142
5505,9606.ENSP00000318297,RUVBL1,28
5506,9606.ENSP00000318298,TENT5A,3
5507,9606.ENSP00000318318,MPI,50
5508,9606.ENSP00000318351,BCKDHB,16
5509,9606.ENSP00000318352,MRFAP1,53
5510,9606.ENSP00000318355,AQP10,22
5511,9606.ENSP00000318373,ZNF513,100
5512,9606.ENSP00000318374,LENG8,95
5513,9606.ENSP00000318406,KIAA0319L,10
5514,9606.ENSP00000318429,CCDC114,42
5515,9606.ENSP00000318437,FDCSP,14
5516,9606.ENSP00000318480,YME1L1,12
5517,9606.ENSP00000318486,CDK5R1,16
5518,9606.ENSP00000318585,BACE1,25
5519,9606.ENSP00000318602,PRTFDC1,12
5520,9606.ENSP00000318604,MAF1,2
5521,9606.ENSP00000318615,TRIM73,22
5522,9606.ENSP00000318629,VPS37A,32
5523,9606.ENSP00000318635,SUMO4,4
5524,9606.ENSP00000318641,INTS3,11
5525,9606.ENSP00000318646,RPS15A,48
5526,9606.ENSP00000318650,GREM2,6
5527,9606.ENSP00000318684,VSIG2,22
5528,9606.ENSP00000318690,GCFC2,5
5529,9606.ENSP00000318697,TUBB6,6
5530,9606.ENSP00000318770,AQP11,51
5531,9606.ENSP00000318799,BHLHE22,8
5532,9606.ENSP00000318803,SYTL2,9
5533,9606.ENSP00000318804,CRLF3,27
5534,9606.ENSP00000318821,GCC1,30
5535,9606.ENSP00000318822,BID,42
5536,9606.ENSP00000318834,OR10H4,33
5537,9606.ENSP00000318861,SF3B2,38
5538,9606.ENSP00000318867,CYP8B1,68
5539,9606.ENSP00000318868,SHMT1,17
5540,9606.ENSP00000318884,FMN2,27
5541,9606.ENSP00000318900,SOBP,73
5542,9606.ENSP00000318912,CA13,72
5543,9606.ENSP00000318914,PNMA1,73
5544,9606.ENSP00000318916,MARCO,31
5545,9606.ENSP00000318944,TRAF7,22
5546,9606.ENSP00000318956,OR52K2,12
5547,9606.ENSP00000318960,SLC35C2,67
5548,9606.ENSP00000318966,PINX1,70
5549,9606.ENSP00000318982,EPSTI1,62
5550,9606.ENSP00000318986,NSUN3,21
5551,9606.ENSP00000318997,OR11H4,18
5552,9606.ENSP00000319052,CETN1,108
5553,9606.ENSP00000319053,ZNF77,62
5554,9606.ENSP00000319060,CAMK2G,31
5555,9606.ENSP00000319096,RAP2B,6
5556,9606.ENSP00000319104,SUPT6H,8
5557,9606.ENSP00000319118,GSX2,39
5558,9606.ENSP00000319126,DEFB112,4
5559,9606.ENSP00000319140,PSG11,3
5560,9606.ENSP00000319141,CYBRD1,35
5561,9606.ENSP00000319169,PRMT5,31
5562,9606.ENSP00000319170,DHFR2,44
5563,9606.ENSP00000319179,KDF1,40
5564,9606.ENSP00000319192,STK17A,17
5565,9606.ENSP00000319197,OR4K17,44
5566,9606.ENSP00000319231,PHLDA2,21
5567,9606.ENSP00000319240,MAGOHB,46
5568,9606.ENSP00000319250,GPR62,53
5569,9606.ENSP00000319255,CHORDC1,43
5570,9606.ENSP00000319281,BASP1,55
5571,9606.ENSP00000319341,LSM10,43
5572,9606.ENSP00000319370,KCNMB3,42
5573,9606.ENSP00000319417,SKA3,47
5574,9606.ENSP00000319464,CPN2,1
5575,9606.ENSP00000319476,ICOS,11
5576,9606.ENSP00000319482,DCUN1D3,12
5577,9606.ENSP00000319486,TSPAN16,47
5578,9606.ENSP00000319501,UGDH,8
5579,9606.ENSP00000319531,GCSH,12
5580,9606.ENSP00000319546,OR2A4,58
5581,9606.ENSP00000319591,KCND3,7
5582,9606.ENSP00000319597,SNAPC5,5
5583,9606.ENSP00000319622,SULT1C2,45
5584,9606.ENSP00000319635,CXCR2,5
5585,9606.ENSP00000319636,B3GNT4,11
5586,9606.ENSP00000319664,NUDC,18
5587,9606.ENSP00000319673,GPR89A,37
5588,9606.ENSP00000319705,DUOXA2,14
5589,9606.ENSP00000319713,AGTRAP,16
5590,9606.ENSP00000319726,FRMD8,38
5591,9606.ENSP00000319730,PRSS8,116
5592,9606.ENSP00000319739,RCN2,38
5593,9606.ENSP00000319744,GPR4,22
5594,9606.ENSP00000319756,TNS2,14
5595,9606.ENSP00000319781,RAB43,18
5596,9606.ENSP00000319788,NQO1,6
5597,9606.ENSP00000319799,H1-8,14
5598,9606.ENSP00000319814,PCK1,22
5599,9606.ENSP00000319817,OPA3,24
5600,9606.ENSP00000319829,ZNF687,19
5601,9606.ENSP00000319831,DEF6,13
5602,9606.ENSP00000319846,SLURP2,23
5603,9606.ENSP00000319851,CHDH,44
5604,9606.ENSP00000319883,ADGRE2,15
5605,9606.ENSP00000319914,TCIM,47
5606,9606.ENSP00000319918,ITFG1,52
5607,9606.ENSP00000319974,BBX,11
5608,9606.ENSP00000319992,TMEM11,10
5609,9606.ENSP00000320006,MPDZ,20
5610,9606.ENSP00000320017,PHYHIP,34
5611,9606.ENSP00000320025,CACNB2,69
5612,9606.ENSP00000320043,LYPLA1,38
5613,9606.ENSP00000320081,DIPK2A,22
5614,9606.ENSP00000320084,CD276,13
5615,9606.ENSP00000320089,NKX2-6,8
5616,9606.ENSP00000320092,SH3GL3,38
5617,9606.ENSP00000320117,TRIP10,31
5618,9606.ENSP00000320130,DYNC1I1,26
5619,9606.ENSP00000320147,EZH2,6
5620,9606.ENSP00000320171,PKM,13
5621,9606.ENSP00000320176,HCLS1,17
5622,9606.ENSP00000320180,GHRHR,40
5623,9606.ENSP00000320184,MRPS23,27
5624,9606.ENSP00000320188,ZNF579,111
5625,9606.ENSP00000320209,CIDEA,31
5626,9606.ENSP00000320219,ARSJ,22
5627,9606.ENSP00000320236,TIMM22,31
5628,9606.ENSP00000320246,SLC9A9,56
5629,9606.ENSP00000320247,AQP6,4
5630,9606.ENSP00000320251,NEPRO,14
5631,9606.ENSP00000320291,OSBPL1A,82
5632,9606.ENSP00000320295,TUBB3,15
5633,9606.ENSP00000320309,FARSA,21
5634,9606.ENSP00000320318,NEU4,35
5635,9606.ENSP00000320324,NPEPPS,20
5636,9606.ENSP00000320337,PLAAT3,5
5637,9606.ENSP00000320346,ELL3,10
5638,9606.ENSP00000320359,IFT22,12
5639,9606.ENSP00000320376,P2RY13,14
5640,9606.ENSP00000320378,SLC7A8,39
5641,9606.ENSP00000320401,UGT2B17,6
5642,9606.ENSP00000320416,VPS37D,38
5643,9606.ENSP00000320431,ST8SIA3,39
5644,9606.ENSP00000320434,CTNNAL1,19
5645,9606.ENSP00000320485,ARID1A,30
5646,9606.ENSP00000320488,NAP1L5,6
5647,9606.ENSP00000320508,RNF185,4
5648,9606.ENSP00000320509,BANK1,14
5649,9606.ENSP00000320521,FAM3A,2
5650,9606.ENSP00000320532,WFDC9,39
5651,9606.ENSP00000320543,EPN2,4
5652,9606.ENSP00000320548,DNAJC4,5
5653,9606.ENSP00000320560,OR2D3,2
5654,9606.ENSP00000320566,ING3,6
5655,9606.ENSP00000320567,MRPS33,2
5656,9606.ENSP00000320604,FAXDC2,3
5657,9606.ENSP00000320634,SLCO3A1,6
5658,9606.ENSP00000320648,WDR97,78
5659,9606.ENSP00000320650,DNAJC25,39
5660,9606.ENSP00000320658,YARS2,46
5661,9606.ENSP00000320663,EML4,47
5662,9606.ENSP00000320679,STX19,80
5663,9606.ENSP00000320797,TUBD1,41
5664,9606.ENSP00000320813,DEFB104A,39
5665,9606.ENSP00000320821,KIF1C,51
5666,9606.ENSP00000320866,CALR,25
5667,9606.ENSP00000320869,TRIM41,49
5668,9606.ENSP00000320885,SPAST,153
5669,9606.ENSP00000320886,MLXIPL,109
5670,9606.ENSP00000320898,RNF168,136
5671,9606.ENSP00000320924,WIPF2,47
5672,9606.ENSP00000320935,SLC2A4,46
5673,9606.ENSP00000320936,IL17RA,72
5674,9606.ENSP00000320949,CNOT1,50
5675,9606.ENSP00000320951,DEFB103A,57
5676,9606.ENSP00000320957,VGLL2,55
5677,9606.ENSP00000321005,CD300LG,44
5678,9606.ENSP00000321038,TMEM86B,59
5679,9606.ENSP00000321070,ME2,65
5680,9606.ENSP00000321077,SIGLEC8,83
5681,9606.ENSP00000321106,TAC1,73
5682,9606.ENSP00000321108,SPOCK2,58
5683,9606.ENSP00000321179,RBM44,64
5684,9606.ENSP00000321195,ATP11B,45
5685,9606.ENSP00000321203,TNIP2,73
5686,9606.ENSP00000321221,SH2B1,69
5687,9606.ENSP00000321239,RCHY1,70
5688,9606.ENSP00000321259,TALDO1,41
5689,9606.ENSP00000321260,COX8A,49
5690,9606.ENSP00000321271,PXMP2,5
5691,9606.ENSP00000321309,VCX2,14
5692,9606.ENSP00000321320,HGH1,10
5693,9606.ENSP00000321326,F2R,2
5694,9606.ENSP00000321330,RNF144A,10
5695,9606.ENSP00000321334,LPA,4
5696,9606.ENSP00000321345,IL23R,34
5697,9606.ENSP00000321347,STRBP,10
5698,9606.ENSP00000321348,DIAPH2,29
5699,9606.ENSP00000321386,FBXO39,27
5700,9606.ENSP00000321388,ASB4,8
5701,9606.ENSP00000321424,SLC34A1,92
5702,9606.ENSP00000321445,MSC,1
5703,9606.ENSP00000321447,OR4S1,15
5704,9606.ENSP00000321449,RRP7A,9
5705,9606.ENSP00000321455,MICU3,3
5706,9606.ENSP00000321498,SLC37A3,8
5707,9606.ENSP00000321506,OR4X1,7
5708,9606.ENSP00000321537,LLGL1,15
5709,9606.ENSP00000321546,BORCS5,56
5710,9606.ENSP00000321573,DCBLD2,14
5711,9606.ENSP00000321584,IMPDH2,20
5712,9606.ENSP00000321606,CRMP1,3
5713,9606.ENSP00000321617,ANKZF1,31
5714,9606.ENSP00000321636,TOP3A,45
5715,9606.ENSP00000321656,CDC25C,5
5716,9606.ENSP00000321679,ANKRD23,49
5717,9606.ENSP00000321684,MEOX1,17
5718,9606.ENSP00000321691,GATD1,28
5719,9606.ENSP00000321703,TACC1,36
5720,9606.ENSP00000321706,GEMIN4,44
5721,9606.ENSP00000321711,DIS3L,39
5722,9606.ENSP00000321735,SLC16A8,43
5723,9606.ENSP00000321744,H2BC4,51
5724,9606.ENSP00000321797,FGF8,31
5725,9606.ENSP00000321805,RIT2,59
5726,9606.ENSP00000321810,TRIT1,77
5727,9606.ENSP00000321826,STXBP5,40
5728,9606.ENSP00000321835,ETV4,50
5729,9606.ENSP00000321853,SERPINF2,52
5730,9606.ENSP00000321856,CRELD1,38
5731,9606.ENSP00000321874,B3GNT3,17
5732,9606.ENSP00000321927,FBXL13,65
5733,9606.ENSP00000321951,FAIM2,8
5734,9606.ENSP00000321963,ZSCAN4,70
5735,9606.ENSP00000321971,RHOT2,40
5736,9606.ENSP00000321997,LARP1B,54
5737,9606.ENSP00000322020,SLC25A22,21
5738,9606.ENSP00000322061,C7,10
5739,9606.ENSP00000322159,ATG4C,66
5740,9606.ENSP00000322170,PFN4,56
5741,9606.ENSP00000322180,DSCC1,21
5742,9606.ENSP00000322181,DPM2,40
5743,9606.ENSP00000322191,DEFB104B,27
5744,9606.ENSP00000322192,PGA3,12
5745,9606.ENSP00000322218,PITPNM2,52
5746,9606.ENSP00000322229,FADS1,30
5747,9606.ENSP00000322249,ORAI3,20
5748,9606.ENSP00000322251,TNNI3K,27
5749,9606.ENSP00000322265,ZNF620,40
5750,9606.ENSP00000322273,OLFML3,25
5751,9606.ENSP00000322276,VNN2,19
5752,9606.ENSP00000322304,PORCN,22
5753,9606.ENSP00000322316,COQ7,46
5754,9606.ENSP00000322323,FAM20C,30
5755,9606.ENSP00000322343,CDK20,12
5756,9606.ENSP00000322396,RRS1,16
5757,9606.ENSP00000322408,KDM5D,159
5758,9606.ENSP00000322421,HBA1,138
5759,9606.ENSP00000322439,TUFM,73
5760,9606.ENSP00000322457,SIAH2,73
5761,9606.ENSP00000322460,SCN4B,79
5762,9606.ENSP00000322524,DCTPP1,128
5763,9606.ENSP00000322532,PELI3,23
5764,9606.ENSP00000322568,SOX11,126
5765,9606.ENSP00000322570,POLE,18
5766,9606.ENSP00000322579,PHF23,138
5767,9606.ENSP00000322594,RAB39A,39
5768,9606.ENSP00000322609,ERICH3,28
5769,9606.ENSP00000322617,HTR3C,14
5770,9606.ENSP00000322628,ARL4D,33
5771,9606.ENSP00000322649,SLC25A41,32
5772,9606.ENSP00000322706,HMGCS1,13
5773,9606.ENSP00000322716,GLYR1,14
5774,9606.ENSP00000322730,ITM2C,34
5775,9606.ENSP00000322754,OR51S1,67
5776,9606.ENSP00000322775,RHBDF2,33
5777,9606.ENSP00000322784,OR5AK2,25
5778,9606.ENSP00000322788,MMP1,46
5779,9606.ENSP00000322802,TSPYL5,17
5780,9606.ENSP00000322804,MTSS1,21
5781,9606.ENSP00000322832,ROGDI,42
5782,9606.ENSP00000322845,ZMYM3,43
5783,9606.ENSP00000322885,DTX2,177
5784,9606.ENSP00000322898,EBF1,14
5785,9606.ENSP00000322915,ZMYM4,20
5786,9606.ENSP00000322924,HTR1F,88
5787,9606.ENSP00000322937,LRSAM1,32
5788,9606.ENSP00000322956,MFAP3,38
5789,9606.ENSP00000322991,BCAT2,6
5790,9606.ENSP00000323036,ACPP,5
5791,9606.ENSP00000323046,EXOSC3,10
5792,9606.ENSP00000323047,MTG1,33
5793,9606.ENSP00000323063,EIF2S3B,7
5794,9606.ENSP00000323065,GADD45GIP1,29
5795,9606.ENSP00000323071,ACOT4,47
5796,9606.ENSP00000323074,RAI1,35
5797,9606.ENSP00000323076,NDUFAF3,35
5798,9606.ENSP00000323099,ATRIP,31
5799,9606.ENSP00000323148,ZKSCAN1,14
5800,9606.ENSP00000323155,DAND5,36
5801,9606.ENSP00000323183,ZBTB2,39
5802,9606.ENSP00000323191,SAGE1,6
5803,9606.ENSP00000323246,E2F7,104
5804,9606.ENSP00000323264,MARVELD2,4
5805,9606.ENSP00000323275,DNAAF4,34
5806,9606.ENSP00000323280,CD6,3
5807,9606.ENSP00000323288,RPUSD2,10
5808,9606.ENSP00000323300,SPAG5,26
5809,9606.ENSP00000323302,POC1B,12
5810,9606.ENSP00000323313,PDIA5,39
5811,9606.ENSP00000323328,SIGLEC7,8
5812,9606.ENSP00000323348,CBLL2,39
5813,9606.ENSP00000323421,SMC1A,8
5814,9606.ENSP00000323435,SNX22,8
5815,9606.ENSP00000323455,TPRX1,30
5816,9606.ENSP00000323511,PNKP,58
5817,9606.ENSP00000323516,UTS2R,33
5818,9606.ENSP00000323527,MKLN1,28
5819,9606.ENSP00000323549,SLC6A18,110
5820,9606.ENSP00000323568,SLC2A2,6
5821,9606.ENSP00000323580,IFT88,28
5822,9606.ENSP00000323587,ITLN1,32
5823,9606.ENSP00000323588,SOX2,60
5824,9606.ENSP00000323663,DBF4B,19
5825,9606.ENSP00000323670,ZBTB7A,4
5826,9606.ENSP00000323687,UBE2O,9
5827,9606.ENSP00000323696,CRTAP,31
5828,9606.ENSP00000323720,MED14,99
5829,9606.ENSP00000323740,UCP3,32
5830,9606.ENSP00000323795,TEX35,40
5831,9606.ENSP00000323811,HACL1,18
5832,9606.ENSP00000323816,AHRR,52
5833,9606.ENSP00000323847,ARL14,166
5834,9606.ENSP00000323853,OR8K5,6
5835,9606.ENSP00000323856,PLEC,14
5836,9606.ENSP00000323858,DDX54,8
5837,9606.ENSP00000323867,PRKAG1,34
5838,9606.ENSP00000323872,P2RY11,19
5839,9606.ENSP00000323879,ZNRF2,4
5840,9606.ENSP00000323880,FOXJ1,15
5841,9606.ENSP00000323889,TRIM25,45
5842,9606.ENSP00000323901,FZD2,75
5843,9606.ENSP00000323913,TRIM55,5
5844,9606.ENSP00000323926,TRPM8,13
5845,9606.ENSP00000323927,PLXDC1,166
5846,9606.ENSP00000323929,A2M,4
5847,9606.ENSP00000323967,SMARCE1,10
5848,9606.ENSP00000324020,KIF15,20
5849,9606.ENSP00000324064,ZNF354C,29
5850,9606.ENSP00000324101,CD151,15
5851,9606.ENSP00000324105,ENO3,13
5852,9606.ENSP00000324122,PRPF31,52
5853,9606.ENSP00000324124,POLR2L,60
5854,9606.ENSP00000324173,HSPA5,30
5855,9606.ENSP00000324191,KCNRG,6
5856,9606.ENSP00000324196,AATK,30
5857,9606.ENSP00000324203,WRAP53,165
5858,9606.ENSP00000324270,OXTR,4
5859,9606.ENSP00000324287,ACAP2,3
5860,9606.ENSP00000324302,STXBP6,30
5861,9606.ENSP00000324318,TRAPPC12,75
5862,9606.ENSP00000324323,TCTEX1D2,38
5863,9606.ENSP00000324343,UPB1,74
5864,9606.ENSP00000324403,PHF21B,7
5865,9606.ENSP00000324404,TCHP,10
5866,9606.ENSP00000324419,SYT9,10
5867,9606.ENSP00000324422,ZYX,7
5868,9606.ENSP00000324463,YLPM1,6
5869,9606.ENSP00000324510,BAIAP3,25
5870,9606.ENSP00000324511,SEPTIN1,92
5871,9606.ENSP00000324527,MYO1D,13
5872,9606.ENSP00000324532,LAMA3,27
5873,9606.ENSP00000324557,OR2M7,17
5874,9606.ENSP00000324560,ULK1,6
5875,9606.ENSP00000324573,FLII,20
5876,9606.ENSP00000324587,FAM193A,8
5877,9606.ENSP00000324628,NAPG,38
5878,9606.ENSP00000324633,DEFB103B,106
5879,9606.ENSP00000324648,CYP2B6,5
5880,9606.ENSP00000324651,TMEM108,41
5881,9606.ENSP00000324701,MAB21L2,34
5882,9606.ENSP00000324729,SAV1,32
5883,9606.ENSP00000324741,MAP11,41
5884,9606.ENSP00000324763,WFIKKN1,84
5885,9606.ENSP00000324792,NFATC2IP,3
5886,9606.ENSP00000324804,PPP2R1A,32
5887,9606.ENSP00000324806,GSK3B,46
5888,9606.ENSP00000324810,MVB12A,20
5889,9606.ENSP00000324827,AKAP17A,33
5890,9606.ENSP00000324842,AACS,3
5891,9606.ENSP00000324856,STK11,30
5892,9606.ENSP00000324857,SEMA6D,104
5893,9606.ENSP00000324890,CD28,19
5894,9606.ENSP00000324901,IQCK,35
5895,9606.ENSP00000324920,C14orf39,28
5896,9606.ENSP00000324944,MBOAT1,23
5897,9606.ENSP00000324956,RNF14,60
5898,9606.ENSP00000324960,CABP4,5
5899,9606.ENSP00000325002,COPG1,32
5900,9606.ENSP00000325017,NCAPD2,39
5901,9606.ENSP00000325018,ZNF569,50
5902,9606.ENSP00000325074,PPP2R2A,3
5903,9606.ENSP00000325091,LRCH2,49
5904,9606.ENSP00000325120,PGR,2
5905,9606.ENSP00000325128,OR4A16,65
5906,9606.ENSP00000325136,HADHB,17
5907,9606.ENSP00000325146,COL12A1,40
5908,9606.ENSP00000325239,MYLPF,14
5909,9606.ENSP00000325240,LASP1,48
5910,9606.ENSP00000325266,TTC9C,15
5911,9606.ENSP00000325285,MTMR4,27
5912,9606.ENSP00000325290,HASPIN,11
5913,9606.ENSP00000325296,PKD2L1,52
5914,9606.ENSP00000325312,METAP2,27
5915,9606.ENSP00000325313,MAP1S,29
5916,9606.ENSP00000325326,ZNF335,37
5917,9606.ENSP00000325369,AP3S1,32
5918,9606.ENSP00000325376,HNRNPM,36
5919,9606.ENSP00000325377,WDR33,37
5920,9606.ENSP00000325398,TPRKB,43
5921,9606.ENSP00000325421,PARL,34
5922,9606.ENSP00000325425,MAT2B,27
5923,9606.ENSP00000325448,KARS1,27
5924,9606.ENSP00000325485,CERS5,45
5925,9606.ENSP00000325525,KIR3DL2,27
5926,9606.ENSP00000325526,WNT11,38
5927,9606.ENSP00000325527,FBN1,36
5928,9606.ENSP00000325546,PLAG1,31
5929,9606.ENSP00000325548,CNDP2,29
5930,9606.ENSP00000325561,TMC8,25
5931,9606.ENSP00000325562,MICOS10,36
5932,9606.ENSP00000325564,SYCN,40
5933,9606.ENSP00000325589,PTPRCAP,21
5934,9606.ENSP00000325594,RUFY1,28
5935,9606.ENSP00000325612,MED16,32
5936,9606.ENSP00000325634,ZNF639,38
5937,9606.ENSP00000325638,PRM3,36
5938,9606.ENSP00000325655,CHCHD5,57
5939,9606.ENSP00000325663,NFKBIZ,119
5940,9606.ENSP00000325674,EXOC3L1,45
5941,9606.ENSP00000325677,RNF40,14
5942,9606.ENSP00000325681,CCZ1,28
5943,9606.ENSP00000325690,CARM1,14
5944,9606.ENSP00000325708,CD37,33
5945,9606.ENSP00000325738,TNP2,10
5946,9606.ENSP00000325748,STK25,16
5947,9606.ENSP00000325775,GJC3,25
5948,9606.ENSP00000325785,SPECC1L,84
5949,9606.ENSP00000325819,NR2F1,56
5950,9606.ENSP00000325822,CYP11B2,32
5951,9606.ENSP00000325827,SEC16A,30
5952,9606.ENSP00000325836,DIRAS1,31
5953,9606.ENSP00000325863,MRE11,8
5954,9606.ENSP00000325868,ODF3,35
5955,9606.ENSP00000325905,SRSF7,30
5956,9606.ENSP00000325917,PCSK7,32
5957,9606.ENSP00000325919,PSMG2,16
5958,9606.ENSP00000325929,LNX2,25
5959,9606.ENSP00000325941,RIC8A,38
5960,9606.ENSP00000325954,CDHR3,74
5961,9606.ENSP00000325958,PTPMT1,34
5962,9606.ENSP00000325978,LRRC31,36
5963,9606.ENSP00000326003,PUS10,75
5964,9606.ENSP00000326018,PRX,59
5965,9606.ENSP00000326022,FHL5,10
5966,9606.ENSP00000326031,PPP1CA,36
5967,9606.ENSP00000326042,TUBA3D,10
5968,9606.ENSP00000326052,COX14,58
5969,9606.ENSP00000326070,SLC41A3,19
5970,9606.ENSP00000326095,RNF166,49
5971,9606.ENSP00000326110,C5orf30,54
5972,9606.ENSP00000326119,PMAIP1,69
5973,9606.ENSP00000326128,LARP4B,50
5974,9606.ENSP00000326159,KLK4,72
5975,9606.ENSP00000326170,RFFL,14
5976,9606.ENSP00000326219,DHRS4,57
5977,9606.ENSP00000326227,GANC,16
5978,9606.ENSP00000326232,OR52D1,21
5979,9606.ENSP00000326238,CAPZA3,12
5980,9606.ENSP00000326240,MYNN,32
5981,9606.ENSP00000326247,SAMD9L,100
5982,9606.ENSP00000326261,SRRM1,40
5983,9606.ENSP00000326272,FOXL1,40
5984,9606.ENSP00000326305,SLC25A20,6
5985,9606.ENSP00000326309,DEFB124,10
5986,9606.ENSP00000326324,LRRC37A,100
5987,9606.ENSP00000326340,ATG16L2,36
5988,9606.ENSP00000326342,ELMOD2,134
5989,9606.ENSP00000326366,PSEN1,18
5990,9606.ENSP00000326381,EIF4A2,12
5991,9606.ENSP00000326407,CLEC1A,110
5992,9606.ENSP00000326411,CWF19L1,11
5993,9606.ENSP00000326424,NADSYN1,33
5994,9606.ENSP00000326432,CCR8,55
5995,9606.ENSP00000326491,ABHD1,47
5996,9606.ENSP00000326519,PAGR1,41
5997,9606.ENSP00000326531,THOC6,21
5998,9606.ENSP00000326550,TACC3,48
5999,9606.ENSP00000326563,KDM3B,43
6000,9606.ENSP00000326570,FKRP,26
6001,9606.ENSP00000326581,PEG3,144
6002,9606.ENSP00000326598,PRSS50,13
6003,9606.ENSP00000326603,SMCHD1,69
6004,9606.ENSP00000326604,LMBR1,2
6005,9606.ENSP00000326630,ZFPM1,29
6006,9606.ENSP00000326649,HPS1,90
6007,9606.ENSP00000326671,SLC47A2,26
6008,9606.ENSP00000326693,SLC25A42,2
6009,9606.ENSP00000326706,PLEKHO2,55
6010,9606.ENSP00000326718,OR10A7,35
6011,9606.ENSP00000326737,TNFRSF12A,9
6012,9606.ENSP00000326759,LRIG3,48
6013,9606.ENSP00000326767,MED25,6
6014,9606.ENSP00000326804,CUL1,12
6015,9606.ENSP00000326806,NCBP2,13
6016,9606.ENSP00000326813,YOD1,1
6017,9606.ENSP00000326817,LRRC57,14
6018,9606.ENSP00000326869,ORMDL1,5
6019,9606.ENSP00000326879,C5orf22,7
6020,9606.ENSP00000326888,LIMS2,7
6021,9606.ENSP00000326948,FTSJ1,11
6022,9606.ENSP00000326981,IMP3,18
6023,9606.ENSP00000327009,CLIP4,6
6024,9606.ENSP00000327025,RORC,4
6025,9606.ENSP00000327048,MAF,16
6026,9606.ENSP00000327054,LMNB2,4
6027,9606.ENSP00000327070,MDH2,11
6028,9606.ENSP00000327077,PCM1,3
6029,9606.ENSP00000327116,EHD3,3
6030,9606.ENSP00000327145,FLNC,8
6031,9606.ENSP00000327168,PRR7,10
6032,9606.ENSP00000327179,UTP4,3
6033,9606.ENSP00000327191,CCT6B,2
6034,9606.ENSP00000327197,SENP5,44
6035,9606.ENSP00000327213,NRIP1,27
6036,9606.ENSP00000327214,ATP13A2,44
6037,9606.ENSP00000327246,VIPR1,14
6038,9606.ENSP00000327251,NOS2,42
6039,9606.ENSP00000327255,PPM1A,31
6040,9606.ENSP00000327268,NDUFV2,5
6041,9606.ENSP00000327290,ITGA11,17
6042,9606.ENSP00000327323,THNSL2,11
6043,9606.ENSP00000327336,BGN,27
6044,9606.ENSP00000327368,COL10A1,36
6045,9606.ENSP00000327417,GPR39,9
6046,9606.ENSP00000327431,HBG1,46
6047,9606.ENSP00000327436,SETD3,10
6048,9606.ENSP00000327440,BMP8A,59
6049,9606.ENSP00000327453,ACSM2B,48
6050,9606.ENSP00000327459,APOBEC3B,30
6051,9606.ENSP00000327467,SMDT1,10
6052,9606.ENSP00000327487,TSEN54,12
6053,9606.ENSP00000327506,C16orf54,6
6054,9606.ENSP00000327509,STAC2,2
6055,9606.ENSP00000327513,CSF1,11
6056,9606.ENSP00000327545,NPTXR,7
6057,9606.ENSP00000327557,ACP7,4
6058,9606.ENSP00000327589,GLUD2,4
6059,9606.ENSP00000327599,CLEC4G,29
6060,9606.ENSP00000327604,TRIM49,22
6061,9606.ENSP00000327608,ADAMTSL5,30
6062,9606.ENSP00000327611,KCNK12,35
6063,9606.ENSP00000327650,VPS33B,78
6064,9606.ENSP00000327687,GRIK1,39
6065,9606.ENSP00000327694,AP2A2,4
6066,9606.ENSP00000327724,TAS2R60,37
6067,9606.ENSP00000327732,C7orf61,31
6068,9606.ENSP00000327758,NKX2-5,42
6069,9606.ENSP00000327760,CLASP2,33
6070,9606.ENSP00000327763,NLRP10,24
6071,9606.ENSP00000327786,IZUMO1,27
6072,9606.ENSP00000327796,DCAF4L1,29
6073,9606.ENSP00000327801,P4HB,42
6074,9606.ENSP00000327821,XPOT,53
6075,9606.ENSP00000327824,IFNLR1,32
6076,9606.ENSP00000327832,ATAT1,34
6077,9606.ENSP00000327889,INTS5,16
6078,9606.ENSP00000327890,IL3RA,30
6079,9606.ENSP00000327916,ACSM5,36
6080,9606.ENSP00000327943,SLC5A2,50
6081,9606.ENSP00000327950,C19orf71,23
6082,9606.ENSP00000327959,TGIF1,33
6083,9606.ENSP00000327994,TRIM50,74
6084,9606.ENSP00000328004,YAF2,36
6085,9606.ENSP00000328023,SRPRA,30
6086,9606.ENSP00000328059,RLIM,26
6087,9606.ENSP00000328069,C6orf58,11
6088,9606.ENSP00000328079,WDR53,34
6089,9606.ENSP00000328083,ARHGEF37,47
6090,9606.ENSP00000328088,PAWR,53
6091,9606.ENSP00000328111,IL25,64
6092,9606.ENSP00000328133,IL20RB,15
6093,9606.ENSP00000328137,MT1E,40
6094,9606.ENSP00000328169,JAG2,37
6095,9606.ENSP00000328174,PIF1,14
6096,9606.ENSP00000328181,NOG,42
6097,9606.ENSP00000328182,CLN8,33
6098,9606.ENSP00000328187,FBXO21,6
6099,9606.ENSP00000328203,TRAIP,74
6100,9606.ENSP00000328207,TNFRSF18,56
6101,9606.ENSP00000328215,OR56A4,40
6102,9606.ENSP00000328228,CDCA2,54
6103,9606.ENSP00000328230,FFAR3,14
6104,9606.ENSP00000328236,KNTC1,25
6105,9606.ENSP00000328245,ZNF71,27
6106,9606.ENSP00000328251,RIOX2,24
6107,9606.ENSP00000328269,HMG20B,15
6108,9606.ENSP00000328270,KRTAP4-6,28
6109,9606.ENSP00000328277,B4GALNT4,12
6110,9606.ENSP00000328287,RNF123,11
6111,9606.ENSP00000328325,PTTG1IP,17
6112,9606.ENSP00000328326,XKR4,13
6113,9606.ENSP00000328327,ASB7,38
6114,9606.ENSP00000328340,RNF135,5
6115,9606.ENSP00000328347,FAM110C,46
6116,9606.ENSP00000328359,DEFA3,63
6117,9606.ENSP00000328364,MAFA,25
6118,9606.ENSP00000328412,PDE6G,26
6119,9606.ENSP00000328423,REC114,28
6120,9606.ENSP00000328426,TASOR2,35
6121,9606.ENSP00000328444,KRTAP4-8,1
6122,9606.ENSP00000328472,S1PR5,38
6123,9606.ENSP00000328478,CNGA2,34
6124,9606.ENSP00000328484,H2AC14,35
6125,9606.ENSP00000328511,KCNA4,36
6126,9606.ENSP00000328524,DENND5A,38
6127,9606.ENSP00000328547,DNMT3B,37
6128,9606.ENSP00000328551,RAB28,26
6129,9606.ENSP00000328570,GLRX5,40
6130,9606.ENSP00000328596,SIX6,42
6131,9606.ENSP00000328598,HOXD1,17
6132,9606.ENSP00000328625,NRROS,42
6133,9606.ENSP00000328694,MOB2,49
6134,9606.ENSP00000328708,RXFP3,26
6135,9606.ENSP00000328720,FOXK1,42
6136,9606.ENSP00000328729,SELENOF,39
6137,9606.ENSP00000328773,HEXIM1,35
6138,9606.ENSP00000328777,EFNA5,33
6139,9606.ENSP00000328813,KCNH8,35
6140,9606.ENSP00000328818,GPR132,50
6141,9606.ENSP00000328835,TOP1MT,37
6142,9606.ENSP00000328848,RBM10,42
6143,9606.ENSP00000328854,NOC4L,53
6144,9606.ENSP00000328875,TRAK2,17
6145,9606.ENSP00000328878,OR52E6,22
6146,9606.ENSP00000328928,HOXB4,6
6147,9606.ENSP00000328938,AFMID,4
6148,9606.ENSP00000328940,SLX1B,3
6149,9606.ENSP00000328968,SCN5A,80
6150,9606.ENSP00000328977,RPH3AL,18
6151,9606.ENSP00000328983,CHST6,81
6152,9606.ENSP00000328992,PAXBP1,4
6153,9606.ENSP00000328998,TRAK1,15
6154,9606.ENSP00000329002,HAX1,12
6155,9606.ENSP00000329033,SLC25A18,85
6156,9606.ENSP00000329056,OR4C46,25
6157,9606.ENSP00000329093,TPH2,5
6158,9606.ENSP00000329097,PHF6,52
6159,9606.ENSP00000329102,LIN9,19
6160,9606.ENSP00000329106,BPY2,27
6161,9606.ENSP00000329127,PRKCH,2
6162,9606.ENSP00000329140,CREB3L2,7
6163,9606.ENSP00000329158,CLRN1,83
6164,9606.ENSP00000329170,POU3F2,5
6165,9606.ENSP00000329200,STAC3,19
6166,9606.ENSP00000329213,SIVA1,6
6167,9606.ENSP00000329214,ST6GALNAC3,3
6168,9606.ENSP00000329219,FMNL1,52
6169,9606.ENSP00000329243,KRT7,40
6170,9606.ENSP00000329292,GKN2,10
6171,9606.ENSP00000329295,NXPH3,15
6172,9606.ENSP00000329312,IGLL1,4
6173,9606.ENSP00000329357,SP1,48
6174,9606.ENSP00000329360,CCDC137,145
6175,9606.ENSP00000329374,SERPINA7,1
6176,9606.ENSP00000329380,GP1BA,81
6177,9606.ENSP00000329403,PCP4,49
6178,9606.ENSP00000329419,COPB2,36
6179,9606.ENSP00000329452,SLC25A21,4
6180,9606.ENSP00000329466,SIRT7,3
6181,9606.ENSP00000329471,KDELR1,15
6182,9606.ENSP00000329507,CD300C,7
6183,9606.ENSP00000329522,SPDYE4,23
6184,9606.ENSP00000329548,TRARG1,32
6185,9606.ENSP00000329558,GRPEL2,2
6186,9606.ENSP00000329565,SPDYE3,40
6187,9606.ENSP00000329614,YBEY,35
6188,9606.ENSP00000329647,ACTL10,9
6189,9606.ENSP00000329654,GALNT17,11
6190,9606.ENSP00000329662,H1-10,7
6191,9606.ENSP00000329668,SHC4,15
6192,9606.ENSP00000329684,GALR2,33
6193,9606.ENSP00000329697,PLPP2,14
6194,9606.ENSP00000329715,DRG1,11
6195,9606.ENSP00000329757,ATP6V0C,30
6196,9606.ENSP00000329794,TCEAL7,20
6197,9606.ENSP00000329797,CADM1,55
6198,9606.ENSP00000329803,ZAR1,32
6199,9606.ENSP00000329846,GALNT9,9
6200,9606.ENSP00000329858,TRMT12,7
6201,9606.ENSP00000329869,TPO,22
6202,9606.ENSP00000329880,PHACTR1,63
6203,9606.ENSP00000329890,DEFA5,24
6204,9606.ENSP00000329915,PSMG1,59
6205,9606.ENSP00000329918,MEX3B,12
6206,9606.ENSP00000329926,CALHM1,17
6207,9606.ENSP00000329932,LGALS9C,6
6208,9606.ENSP00000329933,PHF12,6
6209,9606.ENSP00000329967,TBK1,10
6210,9606.ENSP00000329982,OR4F16,45
6211,9606.ENSP00000329991,IFNL1,29
6212,9606.ENSP00000330031,PIWIL3,12
6213,9606.ENSP00000330032,UPP1,10
6214,9606.ENSP00000330049,OR4Q3,9
6215,9606.ENSP00000330074,H1-5,7
6216,9606.ENSP00000330098,FBXL6,26
6217,9606.ENSP00000330101,KRT76,6
6218,9606.ENSP00000330148,GRID1,28
6219,9606.ENSP00000330188,RSRC2,10
6220,9606.ENSP00000330199,SLC6A17,8
6221,9606.ENSP00000330200,BTNL9,24
6222,9606.ENSP00000330218,SOX1,36
6223,9606.ENSP00000330221,SPSB1,21
6224,9606.ENSP00000330237,CASP9,8
6225,9606.ENSP00000330240,CCDC34,7
6226,9606.ENSP00000330284,NPBWR1,7
6227,9606.ENSP00000330289,TRAPPC6B,6
6228,9606.ENSP00000330338,OR52L1,11
6229,9606.ENSP00000330341,SOCS3,6
6230,9606.ENSP00000330349,DDX41,7
6231,9606.ENSP00000330361,C8orf33,9
6232,9606.ENSP00000330381,WDR5B,15
6233,9606.ENSP00000330382,PDGFB,29
6234,9606.ENSP00000330391,SPRR3,46
6235,9606.ENSP00000330393,LEPR,10
6236,9606.ENSP00000330426,C1QTNF8,35
6237,9606.ENSP00000330433,TM2D3,34
6238,9606.ENSP00000330442,PLB1,22
6239,9606.ENSP00000330475,TMPRSS11B,11
6240,9606.ENSP00000330484,AMY1B,9
6241,9606.ENSP00000330523,CTHRC1,44
6242,9606.ENSP00000330572,MAPK8IP2,15
6243,9606.ENSP00000330587,MT1H,18
6244,9606.ENSP00000330606,HS3ST4,11
6245,9606.ENSP00000330612,MRGPRG,21
6246,9606.ENSP00000330631,RTN4RL1,21
6247,9606.ENSP00000330633,CNTN2,10
6248,9606.ENSP00000330658,PAPPA,6
6249,9606.ENSP00000330694,NSMCE3,2
6250,9606.ENSP00000330696,P2RX7,15
6251,9606.ENSP00000330720,KRTAP11-1,17
6252,9606.ENSP00000330730,COA5,10
6253,9606.ENSP00000330737,NDUFA12,4
6254,9606.ENSP00000330746,KRTAP20-2,40
6255,9606.ENSP00000330753,BRWD1,24
6256,9606.ENSP00000330808,OTOL1,52
6257,9606.ENSP00000330825,IFITM1,45
6258,9606.ENSP00000330842,RGPD6,13
6259,9606.ENSP00000330862,OPCML,15
6260,9606.ENSP00000330875,FANCF,73
6261,9606.ENSP00000330878,KPNA7,14
6262,9606.ENSP00000330898,POLR2J2,102
6263,9606.ENSP00000330904,OR2T34,13
6264,9606.ENSP00000330918,PGP,121
6265,9606.ENSP00000330945,TMED9,34
6266,9606.ENSP00000330959,IL1R2,56
6267,9606.ENSP00000331019,RPS27L,38
6268,9606.ENSP00000331040,OLIG2,1
6269,9606.ENSP00000331044,ENKUR,4
6270,9606.ENSP00000331086,ODF4,6
6271,9606.ENSP00000331087,TSSC4,96
6272,9606.ENSP00000331103,IP6K2,14
6273,9606.ENSP00000331106,PEX26,97
6274,9606.ENSP00000331111,ZNRD1,21
6275,9606.ENSP00000331127,BOLA2,40
6276,9606.ENSP00000331152,MXI1,95
6277,9606.ENSP00000331172,CD8B,10
6278,9606.ENSP00000331201,HGS,106
6279,9606.ENSP00000331210,BCAN,46
6280,9606.ENSP00000331211,RBM43,15
6281,9606.ENSP00000331242,KREMEN1,31
6282,9606.ENSP00000331258,POMK,17
6283,9606.ENSP00000331268,ANKRD45,34
6284,9606.ENSP00000331302,ELOA2,42
6285,9606.ENSP00000331305,TOB2,15
6286,9606.ENSP00000331310,MORF4L1,17
6287,9606.ENSP00000331313,GNB1L,160
6288,9606.ENSP00000331342,RAB11FIP1,25
6289,9606.ENSP00000331358,GAST,21
6290,9606.ENSP00000331369,BOLA3,30
6291,9606.ENSP00000331411,FBLN7,18
6292,9606.ENSP00000331435,MBD3L5,30
6293,9606.ENSP00000331462,ZNF704,22
6294,9606.ENSP00000331474,SYNDIG1L,12
6295,9606.ENSP00000331479,CYB5D1,9
6296,9606.ENSP00000331487,NPLOC4,10
6297,9606.ENSP00000331504,FES,43
6298,9606.ENSP00000331532,SPATA32,29
6299,9606.ENSP00000331544,FBLN1,18
6300,9606.ENSP00000331545,OR1G1,78
6301,9606.ENSP00000331577,ZNF397,7
6302,9606.ENSP00000331600,GPR173,2
6303,9606.ENSP00000331602,PRKCD,11
6304,9606.ENSP00000331608,IRX3,20
6305,9606.ENSP00000331614,IKZF1,33
6306,9606.ENSP00000331636,CAPN12,2
6307,9606.ENSP00000331640,TMEM186,13
6308,9606.ENSP00000331678,PKP3,42
6309,9606.ENSP00000331681,DGCR6,74
6310,9606.ENSP00000331682,KLHL22,17
6311,9606.ENSP00000331704,XKR3,6
6312,9606.ENSP00000331727,KCNH7,7
6313,9606.ENSP00000331736,SELE,7
6314,9606.ENSP00000331741,HOXB2,38
6315,9606.ENSP00000331745,GDF3,55
6316,9606.ENSP00000331746,CALCA,23
6317,9606.ENSP00000331748,RAB12,5
6318,9606.ENSP00000331791,TBX1,8
6319,9606.ENSP00000331823,OR5P2,2
6320,9606.ENSP00000331831,GAS6,7
6321,9606.ENSP00000331843,NPIPA1,10
6322,9606.ENSP00000331845,PRR14L,36
6323,9606.ENSP00000331849,MRPL54,21
6324,9606.ENSP00000331857,NLRP9,125
6325,9606.ENSP00000331867,TAS1R1,18
6326,9606.ENSP00000331879,PRMT3,46
6327,9606.ENSP00000331897,IDH2,49
6328,9606.ENSP00000331901,EEF1G,20
6329,9606.ENSP00000331902,COL4A5,21
6330,9606.ENSP00000331907,DHX34,37
6331,9606.ENSP00000331915,RFLNB,22
6332,9606.ENSP00000331944,AEN,19
6333,9606.ENSP00000331983,CARMIL1,12
6334,9606.ENSP00000332013,ZGPAT,21
6335,9606.ENSP00000332049,CD86,33
6336,9606.ENSP00000332062,SNX20,14
6337,9606.ENSP00000332073,MGAT1,35
6338,9606.ENSP00000332103,NAA38,21
6339,9606.ENSP00000332118,EPHB3,2
6340,9606.ENSP00000332134,PRAMEF1,20
6341,9606.ENSP00000332148,DZIP1L,24
6342,9606.ENSP00000332163,SPRR4,22
6343,9606.ENSP00000332164,SLIT3,22
6344,9606.ENSP00000332194,H2AC20,43
6345,9606.ENSP00000332198,NOP10,38
6346,9606.ENSP00000332208,RFX6,44
6347,9606.ENSP00000332215,PSG3,37
6348,9606.ENSP00000332225,PMCH,54
6349,9606.ENSP00000332247,ATP6V0A2,43
6350,9606.ENSP00000332256,ALDH1A3,31
6351,9606.ENSP00000332287,SYNGR1,38
6352,9606.ENSP00000332293,ASCL2,5
6353,9606.ENSP00000332296,RARB,26
6354,9606.ENSP00000332325,ZNF703,48
6355,9606.ENSP00000332340,DDX28,17
6356,9606.ENSP00000332353,PTCH1,29
6357,9606.ENSP00000332371,COL7A1,90
6358,9606.ENSP00000332404,TMIGD1,59
6359,9606.ENSP00000332407,SDR42E1,30
6360,9606.ENSP00000332433,ZSCAN22,2
6361,9606.ENSP00000332444,CSTF2T,26
6362,9606.ENSP00000332448,ADAT3,33
6363,9606.ENSP00000332449,CRIP1,18
6364,9606.ENSP00000332454,RIPK4,41
6365,9606.ENSP00000332504,CCR10,1
6366,9606.ENSP00000332513,SH3BGR,12
6367,9606.ENSP00000332530,RNLS,2
6368,9606.ENSP00000332549,GRIN2A,2
6369,9606.ENSP00000332565,SULT4A1,14
6370,9606.ENSP00000332576,OSBP2,4
6371,9606.ENSP00000332591,NPY2R,7
6372,9606.ENSP00000332592,SPAG16,6
6373,9606.ENSP00000332595,ZNF92,1
6374,9606.ENSP00000332602,CTAG1B,4
6375,9606.ENSP00000332604,EIF3C,5
6376,9606.ENSP00000332646,MFSD10,23
6377,9606.ENSP00000332656,ENPP7,19
6378,9606.ENSP00000332659,CCR4,7
6379,9606.ENSP00000332679,CYP2A13,20
6380,9606.ENSP00000332681,LRP2BP,64
6381,9606.ENSP00000332690,KRTAP6-1,12
6382,9606.ENSP00000332706,PURA,54
6383,9606.ENSP00000332723,COLEC10,45
6384,9606.ENSP00000332737,UNC5A,21
6385,9606.ENSP00000332750,ZKSCAN8,10
6386,9606.ENSP00000332756,ATP11C,2
6387,9606.ENSP00000332766,NPB,10
6388,9606.ENSP00000332771,CLCNKA,29
6389,9606.ENSP00000332772,YIPF7,58
6390,9606.ENSP00000332773,IGDCC3,36
6391,9606.ENSP00000332790,H2AC21,14
6392,9606.ENSP00000332791,KLHL15,10
6393,9606.ENSP00000332805,KRTAP8-1,64
6394,9606.ENSP00000332809,PCARE,2
6395,9606.ENSP00000332812,PTGDR2,43
6396,9606.ENSP00000332875,FAM166C,23
6397,9606.ENSP00000332879,FLRT2,83
6398,9606.ENSP00000332886,FREM3,46
6399,9606.ENSP00000332887,UQCR10,14
6400,9606.ENSP00000332900,ADGRG3,60
6401,9606.ENSP00000332963,IZUMO1R,70
6402,9606.ENSP00000332973,SMAD3,13
6403,9606.ENSP00000332979,BACE2,16
6404,9606.ENSP00000332983,WBP2NL,5
6405,9606.ENSP00000333012,SS18L1,20
6406,9606.ENSP00000333018,TTC32,8
6407,9606.ENSP00000333019,ADSS1,64
6408,9606.ENSP00000333024,PHF7,16
6409,9606.ENSP00000333037,ACTRT3,18
6410,9606.ENSP00000333097,FIGLA,32
6411,9606.ENSP00000333142,PLA2G6,22
6412,9606.ENSP00000333157,GH2,15
6413,9606.ENSP00000333181,MARCHF11,37
6414,9606.ENSP00000333183,MBD3L3,2
6415,9606.ENSP00000333203,SERPINA5,2
6416,9606.ENSP00000333212,CYP2U1,35
6417,9606.ENSP00000333234,DEFB108B,3
6418,9606.ENSP00000333262,INPP5J,49
6419,9606.ENSP00000333266,UBA7,8
6420,9606.ENSP00000333275,NR2C1,13
6421,9606.ENSP00000333277,H3C13,25
6422,9606.ENSP00000333283,FAAP100,7
6423,9606.ENSP00000333292,SPNS2,40
6424,9606.ENSP00000333298,LAMP1,30
6425,9606.ENSP00000333300,HSD17B13,7
6426,9606.ENSP00000333310,SULT1C3,36
6427,9606.ENSP00000333326,TUBA8,5
6428,9606.ENSP00000333329,USP17L2,31
6429,9606.ENSP00000333363,DNAH8,56
6430,9606.ENSP00000333376,USP45,23
6431,9606.ENSP00000333395,ARSI,55
6432,9606.ENSP00000333401,MRPL40,42
6433,9606.ENSP00000333433,SKA2,23
6434,9606.ENSP00000333487,MAGEA2B,31
6435,9606.ENSP00000333496,KCND2,20
6436,9606.ENSP00000333534,CYP2F1,33
6437,9606.ENSP00000333539,MIPOL1,62
6438,9606.ENSP00000333547,RAB11B,42
6439,9606.ENSP00000333551,PLPBP,23
6440,9606.ENSP00000333591,SLC35D3,11
6441,9606.ENSP00000333593,NXPH4,6
6442,9606.ENSP00000333633,MTA1,3
6443,9606.ENSP00000333639,IFNL2,27
6444,9606.ENSP00000333640,EYA2,3
6445,9606.ENSP00000333657,MX2,5
6446,9606.ENSP00000333664,ACAA1,3
6447,9606.ENSP00000333666,ADI1,3
6448,9606.ENSP00000333667,SHMT2,12
6449,9606.ENSP00000333680,NFAM1,47
6450,9606.ENSP00000333685,MAPK11,14
6451,9606.ENSP00000333697,TMEM179B,25
6452,9606.ENSP00000333724,OR6X1,7
6453,9606.ENSP00000333735,NPAP1,8
6454,9606.ENSP00000333769,BSG,40
6455,9606.ENSP00000333779,EVI2B,10
6456,9606.ENSP00000333800,MRGPRX2,3
6457,9606.ENSP00000333813,ALG12,49
6458,9606.ENSP00000333821,MC2R,51
6459,9606.ENSP00000333833,CMTM4,9
6460,9606.ENSP00000333837,MRPL12,10
6461,9606.ENSP00000333845,C11orf88,17
6462,9606.ENSP00000333887,KRTAP22-1,36
6463,9606.ENSP00000333896,RPS6KA4,13
6464,9606.ENSP00000333919,BTLA,44
6465,9606.ENSP00000333920,TTF1,35
6466,9606.ENSP00000333926,ABCC5,5
6467,9606.ENSP00000333934,TRMT11,28
6468,9606.ENSP00000333938,NEXN,5
6469,9606.ENSP00000333942,KIF9,25
6470,9606.ENSP00000333946,COQ6,62
6471,9606.ENSP00000333947,CHST15,41
6472,9606.ENSP00000333948,RPS19BP1,22
6473,9606.ENSP00000333952,LCE5A,5
6474,9606.ENSP00000333956,SELENOV,22
6475,9606.ENSP00000333982,NDEL1,85
6476,9606.ENSP00000333984,TRDN,5
6477,9606.ENSP00000333993,KRTAP17-1,94
6478,9606.ENSP00000334002,HAP1,6
6479,9606.ENSP00000334003,INTU,1
6480,9606.ENSP00000334008,PARVA,26
6481,9606.ENSP00000334037,EMC10,2
6482,9606.ENSP00000334042,TAC4,22
6483,9606.ENSP00000334044,UBL4B,47
6484,9606.ENSP00000334050,TAS2R42,11
6485,9606.ENSP00000334051,GNAL,58
6486,9606.ENSP00000334072,TMEM212,4
6487,9606.ENSP00000334100,EXOC7,17
6488,9606.ENSP00000334113,DHRSX,61
6489,9606.ENSP00000334122,FGF3,20
6490,9606.ENSP00000334128,CYP27C1,8
6491,9606.ENSP00000334134,RGS9BP,17
6492,9606.ENSP00000334140,KLHDC10,30
6493,9606.ENSP00000334145,F3,5
6494,9606.ENSP00000334148,WDR25,7
6495,9606.ENSP00000334181,KDM4D,20
6496,9606.ENSP00000334186,VWCE,5
6497,9606.ENSP00000334187,LCE1F,11
6498,9606.ENSP00000334197,KRTAP10-11,13
6499,9606.ENSP00000334198,CACNA1H,6
6500,9606.ENSP00000334216,ATP4B,10
6501,9606.ENSP00000334223,SLC36A2,24
6502,9606.ENSP00000334246,CYP4Z1,11
6503,9606.ENSP00000334276,UGT2B28,12
6504,9606.ENSP00000334287,KRTAP21-2,20
6505,9606.ENSP00000334300,ACTL7A,14
6506,9606.ENSP00000334308,SYNE3,28
6507,9606.ENSP00000334314,EML1,16
6508,9606.ENSP00000334319,PCLO,6
6509,9606.ENSP00000334329,UNC5B,6
6510,9606.ENSP00000334330,DEFB105A,11
6511,9606.ENSP00000334364,DEFB106B,9
6512,9606.ENSP00000334373,KPNA4,6
6513,9606.ENSP00000334374,SLITRK2,69
6514,9606.ENSP00000334379,C2CD3,16
6515,9606.ENSP00000334382,HOMER1,24
6516,9606.ENSP00000334410,PRAMEF14,27
6517,9606.ENSP00000334415,FAM183A,26
6518,9606.ENSP00000334437,NUDT17,21
6519,9606.ENSP00000334441,OR10J5,18
6520,9606.ENSP00000334448,GNG2,31
6521,9606.ENSP00000334463,LYPD6,12
6522,9606.ENSP00000334472,FOXE3,17
6523,9606.ENSP00000334474,ZMIZ1,18
6524,9606.ENSP00000334538,SREK1,3
6525,9606.ENSP00000334547,TAL2,18
6526,9606.ENSP00000334560,KRTAP6-2,25
6527,9606.ENSP00000334564,POLR3C,14
6528,9606.ENSP00000334592,CYP2R1,28
6529,9606.ENSP00000334642,PDZD8,66
6530,9606.ENSP00000334644,LCE3C,22
6531,9606.ENSP00000334650,KCNK18,18
6532,9606.ENSP00000334657,TRIM46,30
6533,9606.ENSP00000334665,FSCN2,49
6534,9606.ENSP00000334675,ERCC6L,10
6535,9606.ENSP00000334681,DEFB107A,27
6536,9606.ENSP00000334767,CCDC84,39
6537,9606.ENSP00000334785,TESC,3
6538,9606.ENSP00000334801,DHRS4L2,40
6539,9606.ENSP00000334805,H1-7,33
6540,9606.ENSP00000334808,USP16,64
6541,9606.ENSP00000334836,BMP2K,18
6542,9606.ENSP00000334844,TMEM216,32
6543,9606.ENSP00000334851,RGS7BP,56
6544,9606.ENSP00000334853,ZNF555,13
6545,9606.ENSP00000334854,ZACN,25
6546,9606.ENSP00000334866,KRTAP15-1,18
6547,9606.ENSP00000334869,LCE1A,16
6548,9606.ENSP00000334872,MT1F,8
6549,9606.ENSP00000334876,GRK1,15
6550,9606.ENSP00000334910,PDE2A,41
6551,9606.ENSP00000334922,KRTAP9-4,9
6552,9606.ENSP00000334928,PTPRB,34
6553,9606.ENSP00000334938,UPK3B,21
6554,9606.ENSP00000334940,GGN,36
6555,9606.ENSP00000334941,PTPRU,37
6556,9606.ENSP00000334952,ADGRA3,37
6557,9606.ENSP00000334958,CARMIL2,42
6558,9606.ENSP00000335006,LCE3A,35
6559,9606.ENSP00000335008,SPIN2B,26
6560,9606.ENSP00000335024,SERPINA11,28
6561,9606.ENSP00000335025,OR5D18,29
6562,9606.ENSP00000335029,RASA3,29
6563,9606.ENSP00000335040,NIBAN3,30
6564,9606.ENSP00000335044,ARID2,6
6565,9606.ENSP00000335055,WASF3,39
6566,9606.ENSP00000335060,HPDL,32
6567,9606.ENSP00000335062,PDCD1,4
6568,9606.ENSP00000335074,GHRL,43
6569,9606.ENSP00000335076,EDARADD,32
6570,9606.ENSP00000335082,FAM91A1,27
6571,9606.ENSP00000335091,ZNRF1,37
6572,9606.ENSP00000335094,TMEM17,34
6573,9606.ENSP00000335147,ANKRD37,43
6574,9606.ENSP00000335153,HSP90AA1,26
6575,9606.ENSP00000335158,GPR142,10
6576,9606.ENSP00000335193,VPS39,39
6577,9606.ENSP00000335196,GLDN,39
6578,9606.ENSP00000335201,BCDIN3D,24
6579,9606.ENSP00000335203,ATP5IF1,14
6580,9606.ENSP00000335246,ENTPD5,33
6581,9606.ENSP00000335247,STARD10,6
6582,9606.ENSP00000335255,ANGPTL5,39
6583,9606.ENSP00000335261,TMLHE,33
6584,9606.ENSP00000335281,DEFB105B,43
6585,9606.ENSP00000335292,SLC51B,40
6586,9606.ENSP00000335304,DLST,29
6587,9606.ENSP00000335306,DPPA4,28
6588,9606.ENSP00000335307,DEFB106A,26
6589,9606.ENSP00000335320,BCL9L,55
6590,9606.ENSP00000335321,SF3B1,10
6591,9606.ENSP00000335325,CCDC73,15
6592,9606.ENSP00000335357,CDKN3,40
6593,9606.ENSP00000335358,LCE3B,18
6594,9606.ENSP00000335371,TRAPPC11,29
6595,9606.ENSP00000335382,DEFB128,25
6596,9606.ENSP00000335384,ZPBP2,4
6597,9606.ENSP00000335397,RTN4RL2,42
6598,9606.ENSP00000335463,KNL1,11
6599,9606.ENSP00000335481,EMID1,28
6600,9606.ENSP00000335503,KRTAP20-1,9
6601,9606.ENSP00000335538,DEFB131A,28
6602,9606.ENSP00000335557,SLX4IP,17
6603,9606.ENSP00000335560,ARHGEF25,11
6604,9606.ENSP00000335565,KRTAP10-8,14
6605,9606.ENSP00000335566,KRTAP21-1,57
6606,9606.ENSP00000335578,ARGFX,11
6607,9606.ENSP00000335595,TCP11L1,6
6608,9606.ENSP00000335605,CMTM7,4
6609,9606.ENSP00000335614,PPFIA3,4
6610,9606.ENSP00000335615,BTBD7,8
6611,9606.ENSP00000335620,GSTA1,15
6612,9606.ENSP00000335628,SPDYA,25
6613,9606.ENSP00000335632,CHP1,24
6614,9606.ENSP00000335636,NAA20,30
6615,9606.ENSP00000335655,FMNL3,58
6616,9606.ENSP00000335660,KRTAP19-2,27
6617,9606.ENSP00000335677,FOXK2,38
6618,9606.ENSP00000335808,PSME3IP1,21
6619,9606.ENSP00000336127,TTC7B,23
6620,9606.ENSP00000336524,CEP63,44
6621,9606.ENSP00000336528,NR1I2,16
6622,9606.ENSP00000336571,CLDN2,37
6623,9606.ENSP00000336587,CDR2L,32
6624,9606.ENSP00000336606,RAD54B,1
6625,9606.ENSP00000336655,STRADA,95
6626,9606.ENSP00000336666,AP1S1,22
6627,9606.ENSP00000336687,CBX3,50
6628,9606.ENSP00000336701,RAD51C,2
6629,9606.ENSP00000336702,EIF5A,22
6630,9606.ENSP00000336712,TNPO1,18
6631,9606.ENSP00000336721,LARP1,34
6632,9606.ENSP00000336724,TBC1D22A,25
6633,9606.ENSP00000336729,GALNT16,16
6634,9606.ENSP00000336733,ST6GALNAC4,8
6635,9606.ENSP00000336740,LIMK1,7
6636,9606.ENSP00000336741,DHX15,11
6637,9606.ENSP00000336747,HIP1,22
6638,9606.ENSP00000336750,SUPT7L,15
6639,9606.ENSP00000336752,FIP1L1,10
6640,9606.ENSP00000336762,ANG,15
6641,9606.ENSP00000336769,KIR2DL1,2
6642,9606.ENSP00000336775,SYNM,18
6643,9606.ENSP00000336783,TNRC6C,38
6644,9606.ENSP00000336790,ATF4,8
6645,9606.ENSP00000336799,TUBA1B,16
6646,9606.ENSP00000336800,KLHL25,6
6647,9606.ENSP00000336817,LUZP2,14
6648,9606.ENSP00000336829,FGG,5
6649,9606.ENSP00000336831,PLS1,7
6650,9606.ENSP00000336842,ACTR8,1
6651,9606.ENSP00000336861,IQCH,18
6652,9606.ENSP00000336866,RBBP9,21
6653,9606.ENSP00000336868,CENPA,36
6654,9606.ENSP00000336887,SLC39A9,51
6655,9606.ENSP00000336894,NAB1,31
6656,9606.ENSP00000336914,FGD3,14
6657,9606.ENSP00000336923,ARHGAP10,24
6658,9606.ENSP00000336931,PNRC1,22
6659,9606.ENSP00000337014,HJV,29
6660,9606.ENSP00000337040,UNC119,30
6661,9606.ENSP00000337053,SEL1L,1
6662,9606.ENSP00000337060,NME1,7
6663,9606.ENSP00000337065,CXCL14,2
6664,9606.ENSP00000337088,MEN1,1
6665,9606.ENSP00000337103,CHAT,6
6666,9606.ENSP00000337122,ZNF354A,3
6667,9606.ENSP00000337128,EDN3,4
6668,9606.ENSP00000337133,SERPINA9,5
6669,9606.ENSP00000337168,EPB41L1,3
6670,9606.ENSP00000337180,AZIN1,3
6671,9606.ENSP00000337194,PRPF4B,15
6672,9606.ENSP00000337224,LRAT,5
6673,9606.ENSP00000337226,CDCA4,13
6674,9606.ENSP00000337261,ARHGEF1,18
6675,9606.ENSP00000337289,CENPQ,28
6676,9606.ENSP00000337332,SIRT6,10
6677,9606.ENSP00000337335,SLC22A8,27
6678,9606.ENSP00000337353,TDP1,72
6679,9606.ENSP00000337354,LIPA,26
6680,9606.ENSP00000337358,HDHD5,13
6681,9606.ENSP00000337368,ZNF224,22
6682,9606.ENSP00000337383,NLRP3,46
6683,9606.ENSP00000337386,ZFP36L1,34
6684,9606.ENSP00000337393,UXT,58
6685,9606.ENSP00000337425,HYAL3,60
6686,9606.ENSP00000337432,IL17F,16
6687,9606.ENSP00000337439,DACT1,41
6688,9606.ENSP00000337443,NXN,9
6689,9606.ENSP00000337445,ELAC2,44
6690,9606.ENSP00000337446,STARD3,34
6691,9606.ENSP00000337450,CYP3A7,6
6692,9606.ENSP00000337451,EPHA3,57
6693,9606.ENSP00000337452,NIPA1,7
6694,9606.ENSP00000337477,SINHCAF,37
6695,9606.ENSP00000337478,ARL17A,27
6696,9606.ENSP00000337500,PCGF5,48
6697,9606.ENSP00000337510,FBXO40,44
6698,9606.ENSP00000337512,CMTR2,45
6699,9606.ENSP00000337513,SRA1,36
6700,9606.ENSP00000337572,DGKH,23
6701,9606.ENSP00000337587,GGTLC1,1
6702,9606.ENSP00000337598,LIMS1,2
6703,9606.ENSP00000337618,NIPA2,37
6704,9606.ENSP00000337623,RNASEH2B,72
6705,9606.ENSP00000337632,SARNP,51
6706,9606.ENSP00000337641,PPP2R5E,23
6707,9606.ENSP00000337675,EBAG9,36
6708,9606.ENSP00000337688,SEC62,20
6709,9606.ENSP00000337691,MAPK15,24
6710,9606.ENSP00000337701,PNPLA2,29
6711,9606.ENSP00000337731,CIDEB,7
6712,9606.ENSP00000337732,RUNDC3B,47
6713,9606.ENSP00000337733,KLK5,43
6714,9606.ENSP00000337746,ISYNA1,23
6715,9606.ENSP00000337797,PIDD1,24
6716,9606.ENSP00000337804,SPAG17,69
6717,9606.ENSP00000337816,MMP25,28
6718,9606.ENSP00000337838,RTN4,18
6719,9606.ENSP00000337850,KPTN,62
6720,9606.ENSP00000337852,ZNF576,31
6721,9606.ENSP00000337854,HEXD,24
6722,9606.ENSP00000337889,MXD4,39
6723,9606.ENSP00000337907,MPP7,22
6724,9606.ENSP00000337946,PACRG,26
6725,9606.ENSP00000337949,HTR7,3
6726,9606.ENSP00000337972,GDPD5,27
6727,9606.ENSP00000337976,SUV39H1,15
6728,9606.ENSP00000337991,SPTY2D1,25
6729,9606.ENSP00000337998,NCKAP5L,30
6730,9606.ENSP00000338010,IL21R,8
6731,9606.ENSP00000338019,DNAJB2,13
6732,9606.ENSP00000338030,STARD7,22
6733,9606.ENSP00000338034,SPRYD4,11
6734,9606.ENSP00000338039,PSMF1,28
6735,9606.ENSP00000338057,MRPL30,9
6736,9606.ENSP00000338082,HBG2,28
6737,9606.ENSP00000338093,TARS3,25
6738,9606.ENSP00000338127,TESK1,62
6739,9606.ENSP00000338130,KLRD1,14
6740,9606.ENSP00000338157,ZBTB16,24
6741,9606.ENSP00000338171,SKAP1,18
6742,9606.ENSP00000338173,PUM2,30
6743,9606.ENSP00000338185,PLCB1,19
6744,9606.ENSP00000338186,EED,9
6745,9606.ENSP00000338191,SNTB2,11
6746,9606.ENSP00000338207,LMO1,4
6747,9606.ENSP00000338217,ZNF532,31
6748,9606.ENSP00000338235,MTDH,9
6749,9606.ENSP00000338258,CDC42EP4,9
6750,9606.ENSP00000338260,APOL4,11
6751,9606.ENSP00000338272,HEY1,6
6752,9606.ENSP00000338276,CRISP1,2
6753,9606.ENSP00000338283,NPAS2,9
6754,9606.ENSP00000338330,PAQR6,44
6755,9606.ENSP00000338343,SGCD,8
6756,9606.ENSP00000338348,UBE2G2,4
6757,9606.ENSP00000338369,CELA3B,2
6758,9606.ENSP00000338389,MRPL35,36
6759,9606.ENSP00000338413,UBA1,14
6760,9606.ENSP00000338487,MGAT4B,2
6761,9606.ENSP00000338512,AGTPBP1,13
6762,9606.ENSP00000338533,TTC33,8
6763,9606.ENSP00000338562,STX3,4
6764,9606.ENSP00000338572,ZNF212,10
6765,9606.ENSP00000338613,CRYGN,90
6766,9606.ENSP00000338624,TASP1,12
6767,9606.ENSP00000338627,SLC6A16,32
6768,9606.ENSP00000338629,RERE,16
6769,9606.ENSP00000338641,PWWP3B,11
6770,9606.ENSP00000338648,MS4A4A,16
6771,9606.ENSP00000338671,RHOBTB1,10
6772,9606.ENSP00000338673,CDK10,3
6773,9606.ENSP00000338703,UGP2,6
6774,9606.ENSP00000338727,LRRFIP2,8
6775,9606.ENSP00000338728,CCDC88A,31
6776,9606.ENSP00000338766,NPHP3,8
6777,9606.ENSP00000338769,ASAP3,10
6778,9606.ENSP00000338770,ZNF420,45
6779,9606.ENSP00000338777,AP3S2,22
6780,9606.ENSP00000338783,CHST5,11
6781,9606.ENSP00000338785,STARD13,5
6782,9606.ENSP00000338788,ZC3H15,12
6783,9606.ENSP00000338796,SSX2,21
6784,9606.ENSP00000338806,NFAT5,19
6785,9606.ENSP00000338812,C1QTNF6,15
6786,9606.ENSP00000338814,BAG5,15
6787,9606.ENSP00000338844,SEC23B,8
6788,9606.ENSP00000338860,ZNF444,24
6789,9606.ENSP00000338862,BRIX1,27
6790,9606.ENSP00000338864,RASGRP2,12
6791,9606.ENSP00000338887,LRRC8D,13
6792,9606.ENSP00000338927,ZNF385A,41
6793,9606.ENSP00000338934,EZR,13
6794,9606.ENSP00000338964,GGT7,17
6795,9606.ENSP00000338967,ARHGAP6,6
6796,9606.ENSP00000338988,PRELID3A,20
6797,9606.ENSP00000338990,ATG101,18
6798,9606.ENSP00000339001,TUBB,27
6799,9606.ENSP00000339004,FOXG1,27
6800,9606.ENSP00000339017,ATAD1,22
6801,9606.ENSP00000339030,ZFP91,3
6802,9606.ENSP00000339063,EEF1A1,77
6803,9606.ENSP00000339090,RBMX2,25
6804,9606.ENSP00000339109,ANAPC1,2
6805,9606.ENSP00000339115,ESPNL,8
6806,9606.ENSP00000339145,RRP1B,5
6807,9606.ENSP00000339157,CPM,32
6808,9606.ENSP00000339179,TSSK4,7
6809,9606.ENSP00000339186,GRAP2,30
6810,9606.ENSP00000339191,CAV1,11
6811,9606.ENSP00000339208,DPP8,20
6812,9606.ENSP00000339238,KRTAP24-1,33
6813,9606.ENSP00000339250,DPPA3,28
6814,9606.ENSP00000339251,KRTDAP,45
6815,9606.ENSP00000339260,SLC6A13,29
6816,9606.ENSP00000339280,CCDC30,26
6817,9606.ENSP00000339299,TRIO,25
6818,9606.ENSP00000339314,ZNF70,29
6819,9606.ENSP00000339328,PLAUR,30
6820,9606.ENSP00000339381,RGS12,17
6821,9606.ENSP00000339389,OTUD6A,34
6822,9606.ENSP00000339398,HLA-DQA1,68
6823,9606.ENSP00000339404,ASCC1,7
6824,9606.ENSP00000339435,SRR,1
6825,9606.ENSP00000339449,CFAP52,7
6826,9606.ENSP00000339467,RHOG,36
6827,9606.ENSP00000339477,ICOSLG,4
6828,9606.ENSP00000339479,NT5C2,40
6829,9606.ENSP00000339495,NELFB,24
6830,9606.ENSP00000339524,DFFB,4
6831,9606.ENSP00000339527,FOXO3,26
6832,9606.ENSP00000339532,THUMPD3,12
6833,9606.ENSP00000339566,H1-2,15
6834,9606.ENSP00000339577,RHD,8
6835,9606.ENSP00000339587,GSDME,10
6836,9606.ENSP00000339613,POFUT2,1
6837,9606.ENSP00000339621,LCN6,4
6838,9606.ENSP00000339634,KIR2DL4,10
6839,9606.ENSP00000339637,BRAT1,7
6840,9606.ENSP00000339659,TRIM2,7
6841,9606.ENSP00000339692,RASSF4,1
6842,9606.ENSP00000339720,NDUFA4,19
6843,9606.ENSP00000339723,CIR1,34
6844,9606.ENSP00000339726,OR14I1,60
6845,9606.ENSP00000339730,THBS4,35
6846,9606.ENSP00000339754,ARL4C,6
6847,9606.ENSP00000339764,PRDM8,11
6848,9606.ENSP00000339787,ACSL4,42
6849,9606.ENSP00000339795,RPL7,17
6850,9606.ENSP00000339801,IDS,3
6851,9606.ENSP00000339804,TSLP,8
6852,9606.ENSP00000339813,TPST2,3
6853,9606.ENSP00000339824,FGFR3,1
6854,9606.ENSP00000339826,PIK3AP1,16
6855,9606.ENSP00000339834,SNRNP48,7
6856,9606.ENSP00000339835,H3-5,37
6857,9606.ENSP00000339844,MRPL43,48
6858,9606.ENSP00000339850,DPYSL4,18
6859,9606.ENSP00000339867,CLCN1,36
6860,9606.ENSP00000339881,MIOS,39
6861,9606.ENSP00000339883,LBR,27
6862,9606.ENSP00000339912,FLRT3,9
6863,9606.ENSP00000339916,LIMK2,23
6864,9606.ENSP00000339917,TAF9B,44
6865,9606.ENSP00000339918,XRRA1,6
6866,9606.ENSP00000339933,PKLR,8
6867,9606.ENSP00000339976,TAF1A,9
6868,9606.ENSP00000339992,MYB,7
6869,9606.ENSP00000340019,HSPD1,125
6870,9606.ENSP00000340088,THEG,6
6871,9606.ENSP00000340125,PPP1R17,16
6872,9606.ENSP00000340132,ZNF383,6
6873,9606.ENSP00000340176,RBPMS,25
6874,9606.ENSP00000340200,GLYAT,42
6875,9606.ENSP00000340211,CORO1B,9
6876,9606.ENSP00000340220,C7orf26,29
6877,9606.ENSP00000340226,LMX1A,34
6878,9606.ENSP00000340243,SERINC3,6
6879,9606.ENSP00000340271,TAF3,9
6880,9606.ENSP00000340278,PARK7,43
6881,9606.ENSP00000340279,SSX2IP,30
6882,9606.ENSP00000340292,DLK1,8
6883,9606.ENSP00000340296,ACSM6,28
6884,9606.ENSP00000340305,UBE2V1,17
6885,9606.ENSP00000340328,NYX,23
6886,9606.ENSP00000340329,CAPRIN1,34
6887,9606.ENSP00000340330,KAT5,20
6888,9606.ENSP00000340347,TCF7,36
6889,9606.ENSP00000340361,ACVR2B,20
6890,9606.ENSP00000340373,DYRK1A,29
6891,9606.ENSP00000340402,SLC15A5,33
6892,9606.ENSP00000340409,SMPD1,93
6893,9606.ENSP00000340454,RAP1GDS1,43
6894,9606.ENSP00000340466,GANAB,100
6895,9606.ENSP00000340494,ZNF395,63
6896,9606.ENSP00000340505,SENP8,53
6897,9606.ENSP00000340507,TRIM24,57
6898,9606.ENSP00000340510,PPL,118
6899,9606.ENSP00000340519,LRRC37B,122
6900,9606.ENSP00000340526,UTS2B,107
6901,9606.ENSP00000340546,KRTAP4-5,109
6902,9606.ENSP00000340568,COX8C,97
6903,9606.ENSP00000340578,RASSF6,105
6904,9606.ENSP00000340596,UBE3B,98
6905,9606.ENSP00000340608,SGK2,95
6906,9606.ENSP00000340644,TERB2,107
6907,9606.ENSP00000340648,HUWE1,145
6908,9606.ENSP00000340672,ARMCX3,42
6909,9606.ENSP00000340677,WNT8B,10
6910,9606.ENSP00000340684,MAOA,95
6911,9606.ENSP00000340688,ADGRL1,103
6912,9606.ENSP00000340691,EIF4EBP1,103
6913,9606.ENSP00000340736,GYG1,17
6914,9606.ENSP00000340748,OR13H1,100
6915,9606.ENSP00000340796,ZNF326,166
6916,9606.ENSP00000340820,MAPT,107
6917,9606.ENSP00000340823,GTF2F2,175
6918,9606.ENSP00000340836,OSTF1,104
6919,9606.ENSP00000340841,ZNF621,114
6920,9606.ENSP00000340864,C1QTNF1,24
6921,9606.ENSP00000340874,MEF2C,44
6922,9606.ENSP00000340883,SMARCB1,17
6923,9606.ENSP00000340896,ASH2L,25
6924,9606.ENSP00000340900,MIA3,94
6925,9606.ENSP00000340913,TRPC6,21
6926,9606.ENSP00000340935,DMP1,103
6927,9606.ENSP00000340939,CLDN18,68
6928,9606.ENSP00000340943,CRHR2,42
6929,9606.ENSP00000340982,SPAG8,43
6930,9606.ENSP00000340983,LRRC25,42
6931,9606.ENSP00000340989,SFN,37
6932,9606.ENSP00000340998,NTN4,97
6933,9606.ENSP00000341013,AMTN,104
6934,9606.ENSP00000341021,NANOS2,5
6935,9606.ENSP00000341030,CSN2,106
6936,9606.ENSP00000341032,WNT7B,99
6937,9606.ENSP00000341044,ACACB,99
6938,9606.ENSP00000341045,UGT2B15,101
6939,9606.ENSP00000341051,CLEC18B,100
6940,9606.ENSP00000341071,ARHGEF3,115
6941,9606.ENSP00000341082,MRPL20,98
6942,9606.ENSP00000341083,NPR2,149
6943,9606.ENSP00000341094,H2AC7,34
6944,9606.ENSP00000341117,SDSL,97
6945,9606.ENSP00000341141,SIGLEC1,56
6946,9606.ENSP00000341159,CERKL,105
6947,9606.ENSP00000341170,PTN,101
6948,9606.ENSP00000341171,MTSS2,142
6949,9606.ENSP00000341189,PTK2,153
6950,9606.ENSP00000341198,NEO1,85
6951,9606.ENSP00000341206,CHST4,139
6952,9606.ENSP00000341208,STAT5A,23
6953,9606.ENSP00000341213,RAB5IF,98
6954,9606.ENSP00000341214,H1-6,66
6955,9606.ENSP00000341243,RBPJL,10
6956,9606.ENSP00000341247,GSPT2,43
6957,9606.ENSP00000341268,TRADD,33
6958,9606.ENSP00000341280,JARID2,36
6959,9606.ENSP00000341289,TUBB4B,32
6960,9606.ENSP00000341292,WNK1,14
6961,9606.ENSP00000341324,SRFBP1,15
6962,9606.ENSP00000341342,KLHL6,8
6963,9606.ENSP00000341346,TEKT1,39
6964,9606.ENSP00000341351,DCAF5,22
6965,9606.ENSP00000341361,RNF13,30
6966,9606.ENSP00000341364,TMEM230,18
6967,9606.ENSP00000341382,SMC4,18
6968,9606.ENSP00000341422,P4HTM,23
6969,9606.ENSP00000341442,SNTN,109
6970,9606.ENSP00000341483,RANBP3,9
6971,9606.ENSP00000341490,ISM2,23
6972,9606.ENSP00000341524,SEPTIN6,1
6973,9606.ENSP00000341550,SLC24A5,2
6974,9606.ENSP00000341551,SMAD4,46
6975,9606.ENSP00000341562,B4GALNT1,34
6976,9606.ENSP00000341564,PAQR9,41
6977,9606.ENSP00000341610,C15orf48,65
6978,9606.ENSP00000341625,CYB5A,34
6979,9606.ENSP00000341637,NCR3LG1,26
6980,9606.ENSP00000341657,THYN1,34
6981,9606.ENSP00000341662,AGMO,56
6982,9606.ENSP00000341677,TPD52L3,47
6983,9606.ENSP00000341680,DTNBP1,57
6984,9606.ENSP00000341743,ENSA,50
6985,9606.ENSP00000341765,SPATA16,44
6986,9606.ENSP00000341779,PPP1CC,34
6987,9606.ENSP00000341785,ADIPOR1,30
6988,9606.ENSP00000341787,BTNL3,58
6989,9606.ENSP00000341803,TCTEX1D4,30
6990,9606.ENSP00000341805,PHF10,23
6991,9606.ENSP00000341815,SOX18,41
6992,9606.ENSP00000341819,VWC2,32
6993,9606.ENSP00000341821,FPR3,40
6994,9606.ENSP00000341826,HNRNPA1,44
6995,9606.ENSP00000341838,TNNI3,26
6996,9606.ENSP00000341843,ETV7,3
6997,9606.ENSP00000341874,RIOK3,1
6998,9606.ENSP00000341885,RPS2,33
6999,9606.ENSP00000341905,RASAL3,31
7000,9606.ENSP00000341911,PALM,13
7001,9606.ENSP00000341940,CAV3,27
7002,9606.ENSP00000341947,LIN54,8
7003,9606.ENSP00000341957,TP53BP2,22
7004,9606.ENSP00000341963,RSC1A1,50
7005,9606.ENSP00000341992,NANOS3,61
7006,9606.ENSP00000342002,ZNF93,42
7007,9606.ENSP00000342007,CYP1A2,19
7008,9606.ENSP00000342012,DMKN,9
7009,9606.ENSP00000342015,COX19,7
7010,9606.ENSP00000342023,FBXO38,3
7011,9606.ENSP00000342026,PRDX6,29
7012,9606.ENSP00000342056,CS,15
7013,9606.ENSP00000342082,SLPI,7
7014,9606.ENSP00000342097,OBP2A,12
7015,9606.ENSP00000342098,SPINT1,10
7016,9606.ENSP00000342105,DYRK2,2
7017,9606.ENSP00000342109,SERPINA12,6
7018,9606.ENSP00000342114,ICAM4,11
7019,9606.ENSP00000342136,CREB3,14
7020,9606.ENSP00000342143,PDZK1,54
7021,9606.ENSP00000342144,EVC2,41
7022,9606.ENSP00000342156,NCR3,28
7023,9606.ENSP00000342169,TEX9,22
7024,9606.ENSP00000342188,LRRIQ4,1
7025,9606.ENSP00000342197,BTNL8,47
7026,9606.ENSP00000342215,KIR2DL3,47
7027,9606.ENSP00000342216,ABCA9,13
7028,9606.ENSP00000342222,TRPV2,1
7029,9606.ENSP00000342235,ERBB4,21
7030,9606.ENSP00000342262,NUP43,3
7031,9606.ENSP00000342267,SLC25A15,8
7032,9606.ENSP00000342276,SNX18,86
7033,9606.ENSP00000342278,OAS2,26
7034,9606.ENSP00000342295,ANKRD55,28
7035,9606.ENSP00000342307,FOXM1,45
7036,9606.ENSP00000342331,BORCS7,33
7037,9606.ENSP00000342351,NRF1,27
7038,9606.ENSP00000342356,OSTN,24
7039,9606.ENSP00000342374,SNRPD2,42
7040,9606.ENSP00000342385,PTGES,55
7041,9606.ENSP00000342392,MESP2,30
7042,9606.ENSP00000342434,BAZ1B,41
7043,9606.ENSP00000342501,MFSD2B,2
7044,9606.ENSP00000342502,PYCR2,53
7045,9606.ENSP00000342510,CEP97,26
7046,9606.ENSP00000342513,IFI6,46
7047,9606.ENSP00000342538,STMN4,21
7048,9606.ENSP00000342560,HRH3,1
7049,9606.ENSP00000342570,TREML4,20
7050,9606.ENSP00000342604,FAM184A,38
7051,9606.ENSP00000342609,ACER2,18
7052,9606.ENSP00000342637,PDE4B,61
7053,9606.ENSP00000342676,AURKAIP1,43
7054,9606.ENSP00000342680,EZHIP,14
7055,9606.ENSP00000342681,CD5,4
7056,9606.ENSP00000342699,CFAP36,35
7057,9606.ENSP00000342710,KRT77,15
7058,9606.ENSP00000342755,RNF41,23
7059,9606.ENSP00000342778,PPM1G,10
7060,9606.ENSP00000342793,PLD1,9
7061,9606.ENSP00000342812,USP9Y,18
7062,9606.ENSP00000342828,NKX2-3,30
7063,9606.ENSP00000342836,OR6C74,48
7064,9606.ENSP00000342848,NOXA1,21
7065,9606.ENSP00000342850,SERPINA6,26
7066,9606.ENSP00000342858,FERMT2,41
7067,9606.ENSP00000342889,POLR2K,16
7068,9606.ENSP00000342924,MCPH1,27
7069,9606.ENSP00000342931,POU1F1,47
7070,9606.ENSP00000342938,UPK3BL1,20
7071,9606.ENSP00000342952,ADCY2,36
7072,9606.ENSP00000342974,ZNF791,1
7073,9606.ENSP00000342981,ADGRG5,2
7074,9606.ENSP00000343001,UBE4B,49
7075,9606.ENSP00000343002,B3GLCT,17
7076,9606.ENSP00000343023,SP100,48
7077,9606.ENSP00000343054,RBM5,22
7078,9606.ENSP00000343064,GOLGA8B,13
7079,9606.ENSP00000343081,PUS7L,20
7080,9606.ENSP00000343103,PRMT7,34
7081,9606.ENSP00000343118,LAMTOR4,14
7082,9606.ENSP00000343129,TRIM29,1
7083,9606.ENSP00000343140,XIRP1,24
7084,9606.ENSP00000343144,PARD6G,43
7085,9606.ENSP00000343158,EPB41L3,17
7086,9606.ENSP00000343190,PPCDC,102
7087,9606.ENSP00000343200,SKOR1,13
7088,9606.ENSP00000343223,TCL1B,2
7089,9606.ENSP00000343273,KLHL7,18
7090,9606.ENSP00000343288,FOXN3,20
7091,9606.ENSP00000343290,CFAP77,1
7092,9606.ENSP00000343325,PKN1,26
7093,9606.ENSP00000343331,LIPI,1
7094,9606.ENSP00000343339,P2RX2,2
7095,9606.ENSP00000343377,CCDC18,33
7096,9606.ENSP00000343405,SEC24C,23
7097,9606.ENSP00000343412,BABAM2,21
7098,9606.ENSP00000343428,GPR18,25
7099,9606.ENSP00000343435,YIF1B,2
7100,9606.ENSP00000343445,SERPINB4,20
7101,9606.ENSP00000343479,NBR1,39
7102,9606.ENSP00000343490,LCTL,4
7103,9606.ENSP00000343497,NOSIP,4
7104,9606.ENSP00000343505,TNFSF13,4
7105,9606.ENSP00000343507,TMEM198,1
7106,9606.ENSP00000343515,TCEA2,11
7107,9606.ENSP00000343526,USP1,4
7108,9606.ENSP00000343535,USP7,20
7109,9606.ENSP00000343552,ICMT,11
7110,9606.ENSP00000343577,TPSAB1,50
7111,9606.ENSP00000343619,HOXA9,5
7112,9606.ENSP00000343629,PRRC2C,29
7113,9606.ENSP00000343633,FOXN2,28
7114,9606.ENSP00000343635,MEAK7,4
7115,9606.ENSP00000343636,GFRAL,38
7116,9606.ENSP00000343656,RAPGEF5,60
7117,9606.ENSP00000343657,MCCC2,32
7118,9606.ENSP00000343658,MAP4K4,6
7119,9606.ENSP00000343674,ASTL,52
7120,9606.ENSP00000343676,GJA4,25
7121,9606.ENSP00000343690,DPYSL3,38
7122,9606.ENSP00000343701,KPNA1,11
7123,9606.ENSP00000343706,MAGEH1,7
7124,9606.ENSP00000343741,ATR,28
7125,9606.ENSP00000343742,BROX,17
7126,9606.ENSP00000343746,CORO2A,24
7127,9606.ENSP00000343782,ADRB3,16
7128,9606.ENSP00000343818,CDK5RAP2,6
7129,9606.ENSP00000343838,UGT1A10,1
7130,9606.ENSP00000343847,NEK10,13
7131,9606.ENSP00000343867,MRRF,16
7132,9606.ENSP00000343885,PPA2,70
7133,9606.ENSP00000343890,CPTP,2
7134,9606.ENSP00000343891,NLRP13,1
7135,9606.ENSP00000343896,SMARCA4,2
7136,9606.ENSP00000343899,FRMD6,49
7137,9606.ENSP00000343900,CPSF4L,125
7138,9606.ENSP00000343924,PRELP,61
7139,9606.ENSP00000343925,ESR2,60
7140,9606.ENSP00000343930,KLHL17,67
7141,9606.ENSP00000343952,CCR6,42
7142,9606.ENSP00000343957,IFNAR2,94
7143,9606.ENSP00000343966,PSPC1,94
7144,9606.ENSP00000344087,AUTS2,49
7145,9606.ENSP00000344125,POMGNT2,41
7146,9606.ENSP00000344140,PPP1R32,10
7147,9606.ENSP00000344155,ABCA2,20
7148,9606.ENSP00000344166,TMEM189-UBE2V1,20
7149,9606.ENSP00000344208,TRIM14,7
7150,9606.ENSP00000344215,TP53INP1,20
7151,9606.ENSP00000344220,PDPK1,9
7152,9606.ENSP00000344223,MBTPS1,11
7153,9606.ENSP00000344241,ZMAT5,2
7154,9606.ENSP00000344260,GALNT15,10
7155,9606.ENSP00000344285,BSX,7
7156,9606.ENSP00000344299,PTAR1,4
7157,9606.ENSP00000344314,OFD1,2
7158,9606.ENSP00000344352,ATF3,32
7159,9606.ENSP00000344392,CLUAP1,25
7160,9606.ENSP00000344393,FCF1,20
7161,9606.ENSP00000344401,LIN28B,43
7162,9606.ENSP00000344411,TAS1R3,29
7163,9606.ENSP00000344420,KRTAP1-3,38
7164,9606.ENSP00000344431,DNAJB13,34
7165,9606.ENSP00000344432,DOK7,40
7166,9606.ENSP00000344446,FGD6,78
7167,9606.ENSP00000344458,PROZ,25
7168,9606.ENSP00000344465,PEAR1,8
7169,9606.ENSP00000344468,SDC3,10
7170,9606.ENSP00000344479,NR4A2,11
7171,9606.ENSP00000344488,JPH1,20
7172,9606.ENSP00000344503,TMEM201,54
7173,9606.ENSP00000344504,H1-0,19
7174,9606.ENSP00000344544,IKZF3,8
7175,9606.ENSP00000344547,PTMA,24
7176,9606.ENSP00000344562,CORO6,44
7177,9606.ENSP00000344563,CLEC12B,14
7178,9606.ENSP00000344572,FIBP,24
7179,9606.ENSP00000344579,FSCB,53
7180,9606.ENSP00000344609,BTG3,47
7181,9606.ENSP00000344635,CCNG1,2
7182,9606.ENSP00000344666,NF2,9
7183,9606.ENSP00000344674,DHRS2,46
7184,9606.ENSP00000344741,INSIG1,33
7185,9606.ENSP00000344749,CFAP100,23
7186,9606.ENSP00000344758,ECM2,38
7187,9606.ENSP00000344782,GFI1B,36
7188,9606.ENSP00000344786,NFASC,25
7189,9606.ENSP00000344794,MOCS1,22
7190,9606.ENSP00000344819,CMTM5,28
7191,9606.ENSP00000344820,KCNK7,20
7192,9606.ENSP00000344855,FBXL14,38
7193,9606.ENSP00000344866,FBXL5,33
7194,9606.ENSP00000344903,MAFK,4
7195,9606.ENSP00000344929,BPIFB6,16
7196,9606.ENSP00000344942,UNC119B,25
7197,9606.ENSP00000344967,SPRY4,35
7198,9606.ENSP00000344989,DALRD3,22
7199,9606.ENSP00000345001,CRTC1,30
7200,9606.ENSP00000345008,FBLN5,13
7201,9606.ENSP00000345023,GSTO2,49
7202,9606.ENSP00000345055,KCNQ5,22
7203,9606.ENSP00000345064,PRICKLE1,42
7204,9606.ENSP00000345083,MAP2K3,25
7205,9606.ENSP00000345096,IMPDH1,31
7206,9606.ENSP00000345107,C2orf88,13
7207,9606.ENSP00000345147,NKX2-4,96
7208,9606.ENSP00000345151,RFPL4AL1,74
7209,9606.ENSP00000345179,APOD,48
7210,9606.ENSP00000345192,OLFM3,33
7211,9606.ENSP00000345193,SHANK2,43
7212,9606.ENSP00000345195,UBQLN2,6
7213,9606.ENSP00000345206,RBPJ,20
7214,9606.ENSP00000345229,DNER,17
7215,9606.ENSP00000345243,SIGLEC10,12
7216,9606.ENSP00000345259,EPB41,14
7217,9606.ENSP00000345268,ZDHHC3,31
7218,9606.ENSP00000345270,MGAT3,21
7219,9606.ENSP00000345282,GPT2,11
7220,9606.ENSP00000345292,NDRG3,28
7221,9606.ENSP00000345333,ZNF69,37
7222,9606.ENSP00000345341,PTGES2,4
7223,9606.ENSP00000345344,CTSL,46
7224,9606.ENSP00000345347,HMGB1,39
7225,9606.ENSP00000345359,PODXL2,23
7226,9606.ENSP00000345361,ARPC5L,10
7227,9606.ENSP00000345412,CPSF7,16
7228,9606.ENSP00000345420,ASCL4,11
7229,9606.ENSP00000345436,CASKIN1,9
7230,9606.ENSP00000345445,SAMM50,12
7231,9606.ENSP00000345464,NHLRC1,19
7232,9606.ENSP00000345470,CCDC38,15
7233,9606.ENSP00000345492,SH2B3,14
7234,9606.ENSP00000345494,PLSCR1,33
7235,9606.ENSP00000345502,PDE4D,21
7236,9606.ENSP00000345555,ENO4,49
7237,9606.ENSP00000345571,E2F1,27
7238,9606.ENSP00000345575,DNAJB12,35
7239,9606.ENSP00000345656,VAPA,54
7240,9606.ENSP00000345659,CA7,52
7241,9606.ENSP00000345667,ILDR1,36
7242,9606.ENSP00000345672,CTSB,24
7243,9606.ENSP00000345681,GATA2,14
7244,9606.ENSP00000345702,NFYA,29
7245,9606.ENSP00000345708,KCNJ11,4
7246,9606.ENSP00000345716,NKAPL,11
7247,9606.ENSP00000345719,TOR1A,12
7248,9606.ENSP00000345728,ATP7A,9
7249,9606.ENSP00000345731,DLG1,8
7250,9606.ENSP00000345751,SCNN1B,8
7251,9606.ENSP00000345752,MTMR2,6
7252,9606.ENSP00000345767,ANKRD6,18
7253,9606.ENSP00000345772,TEAD3,17
7254,9606.ENSP00000345774,ALDH3A2,31
7255,9606.ENSP00000345785,FZD9,30
7256,9606.ENSP00000345793,ZC3H7B,11
7257,9606.ENSP00000345797,KRBOX4,3
7258,9606.ENSP00000345808,ARHGAP12,12
7259,9606.ENSP00000345809,ZNF197,21
7260,9606.ENSP00000345824,TSPOAP1,17
7261,9606.ENSP00000345826,PMEPA1,25
7262,9606.ENSP00000345837,DPY30,21
7263,9606.ENSP00000345848,ANP32B,27
7264,9606.ENSP00000345849,SPAM1,12
7265,9606.ENSP00000345853,DUSP9,6
7266,9606.ENSP00000345868,GJB4,30
7267,9606.ENSP00000345873,SLC26A3,1
7268,9606.ENSP00000345895,NUP50,5
7269,9606.ENSP00000345917,LYAR,5
7270,9606.ENSP00000345957,RPS21,4
7271,9606.ENSP00000345984,TRAF3IP2,10
7272,9606.ENSP00000345985,LRFN2,3
7273,9606.ENSP00000345988,PLCH1,29
7274,9606.ENSP00000345997,DMPK,36
7275,9606.ENSP00000346001,RPL3,32
7276,9606.ENSP00000346012,RPL36AL,34
7277,9606.ENSP00000346015,RPL27A,14
7278,9606.ENSP00000346027,RPL21,36
7279,9606.ENSP00000346032,ANXA2,34
7280,9606.ENSP00000346037,RPLP1,35
7281,9606.ENSP00000346050,RPS3A,30
7282,9606.ENSP00000346065,TDRD6,37
7283,9606.ENSP00000346080,RPL22L1,33
7284,9606.ENSP00000346088,RPL22,48
7285,9606.ENSP00000346103,GPX4,29
7286,9606.ENSP00000346112,SLC12A6,28
7287,9606.ENSP00000346120,DDX21,37
7288,9606.ENSP00000346130,SVIP,31
7289,9606.ENSP00000346139,TBC1D20,41
7290,9606.ENSP00000346148,PRKAA1,36
7291,9606.ENSP00000346151,MAGI2,25
7292,9606.ENSP00000346155,UCKL1,10
7293,9606.ENSP00000346158,REG4,33
7294,9606.ENSP00000346160,DUSP19,19
7295,9606.ENSP00000346173,ETFB,2
7296,9606.ENSP00000346175,SETDB2,1
7297,9606.ENSP00000346196,NDUFV3,10
7298,9606.ENSP00000346206,TAP1,13
7299,9606.ENSP00000346240,FBXO2,13
7300,9606.ENSP00000346251,BPIFA1,9
7301,9606.ENSP00000346255,PPTC7,7
7302,9606.ENSP00000346265,SYT5,41
7303,9606.ENSP00000346275,PRAMEF20,10
7304,9606.ENSP00000346298,SLC6A20,31
7305,9606.ENSP00000346300,CRKL,15
7306,9606.ENSP00000346335,NRDE2,14
7307,9606.ENSP00000346340,COPS8,10
7308,9606.ENSP00000346342,RFPL1,6
7309,9606.ENSP00000346359,KIAA0586,9
7310,9606.ENSP00000346378,APBB3,9
7311,9606.ENSP00000346414,LRRIQ3,12
7312,9606.ENSP00000346437,ATG7,12
7313,9606.ENSP00000346442,LRMP,36
7314,9606.ENSP00000346453,IPO4,17
7315,9606.ENSP00000346464,VPS72,10
7316,9606.ENSP00000346466,WDR91,13
7317,9606.ENSP00000346478,ADAMTSL2,12
7318,9606.ENSP00000346483,DDRGK1,32
7319,9606.ENSP00000346484,MAK,19
7320,9606.ENSP00000346508,PDGFA,22
7321,9606.ENSP00000346509,H2AB2,25
7322,9606.ENSP00000346534,SCN8A,12
7323,9606.ENSP00000346550,ANXA6,19
7324,9606.ENSP00000346577,AK5,35
7325,9606.ENSP00000346599,STYX,10
7326,9606.ENSP00000346627,TYW5,12
7327,9606.ENSP00000346634,THRAP3,5
7328,9606.ENSP00000346635,ERO1B,24
7329,9606.ENSP00000346643,HKDC1,33
7330,9606.ENSP00000346659,OCA2,53
7331,9606.ENSP00000346667,WNK3,9
7332,9606.ENSP00000346671,FYN,47
7333,9606.ENSP00000346693,ELOVL2,23
7334,9606.ENSP00000346694,HNRNPA2B1,12
7335,9606.ENSP00000346697,BMF,24
7336,9606.ENSP00000346725,PES1,43
7337,9606.ENSP00000346729,ZNF589,28
7338,9606.ENSP00000346762,SND1,39
7339,9606.ENSP00000346768,UGT1A9,23
7340,9606.ENSP00000346805,CRYBA4,15
7341,9606.ENSP00000346809,PGAP1,22
7342,9606.ENSP00000346827,ALDH9A1,28
7343,9606.ENSP00000346829,WLS,35
7344,9606.ENSP00000346839,FN1,26
7345,9606.ENSP00000346874,FAR1,71
7346,9606.ENSP00000346879,NKX2-1,12
7347,9606.ENSP00000346886,GABPA,43
7348,9606.ENSP00000346890,NRDC,26
7349,9606.ENSP00000346892,SERF1A,11
7350,9606.ENSP00000346901,FMO1,21
7351,9606.ENSP00000346916,TRIM6-TRIM34,25
7352,9606.ENSP00000346927,NAA80,33
7353,9606.ENSP00000346931,C6orf120,48
7354,9606.ENSP00000346955,SLC25A26,6
7355,9606.ENSP00000346964,EGFLAM,8
7356,9606.ENSP00000346981,TMEM207,27
7357,9606.ENSP00000346986,WAC,9
7358,9606.ENSP00000346990,SCARA5,7
7359,9606.ENSP00000346997,SUV39H2,5
7360,9606.ENSP00000347005,LUC7L2,11
7361,9606.ENSP00000347032,PIP4K2C,19
7362,9606.ENSP00000347041,FMOD,17
7363,9606.ENSP00000347043,ZNF649,9
7364,9606.ENSP00000347046,PDE5A,11
7365,9606.ENSP00000347055,MYL4,23
7366,9606.ENSP00000347088,LARGE1,6
7367,9606.ENSP00000347119,H2BW2,24
7368,9606.ENSP00000347134,NET1,30
7369,9606.ENSP00000347140,ASGR2,25
7370,9606.ENSP00000347152,ATRNL1,12
7371,9606.ENSP00000347168,H4C11,4
7372,9606.ENSP00000347170,NEIL1,11
7373,9606.ENSP00000347184,HTT,12
7374,9606.ENSP00000347188,KCTD6,17
7375,9606.ENSP00000347193,KLHL28,9
7376,9606.ENSP00000347195,STIMATE,38
7377,9606.ENSP00000347197,C5AR1,3
7378,9606.ENSP00000347198,SRGAP1,23
7379,9606.ENSP00000347206,GPAA1,15
7380,9606.ENSP00000347213,ENTPD2,25
7381,9606.ENSP00000347224,GPBP1L1,47
7382,9606.ENSP00000347232,BLM,11
7383,9606.ENSP00000347244,ITSN2,42
7384,9606.ENSP00000347277,MRPL52,35
7385,9606.ENSP00000347322,C6orf89,3
7386,9606.ENSP00000347324,MSRB3,15
7387,9606.ENSP00000347345,POLR3H,28
7388,9606.ENSP00000347358,MAGEA11,21
7389,9606.ENSP00000347379,OCLN,30
7390,9606.ENSP00000347408,AP3M1,20
7391,9606.ENSP00000347409,KEL,33
7392,9606.ENSP00000347427,MINK1,42
7393,9606.ENSP00000347428,OR2L5,51
7394,9606.ENSP00000347433,APCDD1,41
7395,9606.ENSP00000347444,TDRD7,52
7396,9606.ENSP00000347451,LINGO1,39
7397,9606.ENSP00000347454,ANO1,53
7398,9606.ENSP00000347457,DNM3,50
7399,9606.ENSP00000347464,GIT2,36
7400,9606.ENSP00000347484,THSD4,40
7401,9606.ENSP00000347486,MORN3,37
7402,9606.ENSP00000347495,WARS1,50
7403,9606.ENSP00000347498,ZFYVE19,24
7404,9606.ENSP00000347507,MYH7,33
7405,9606.ENSP00000347532,SHTN1,25
7406,9606.ENSP00000347538,SYT17,57
7407,9606.ENSP00000347586,CCDC69,27
7408,9606.ENSP00000347591,GFRA1,9
7409,9606.ENSP00000347602,ARID4A,25
7410,9606.ENSP00000347626,NUDCD3,34
7411,9606.ENSP00000347635,KRTAP13-1,1
7412,9606.ENSP00000347646,SOX12,11
7413,9606.ENSP00000347648,ZNF512,30
7414,9606.ENSP00000347649,P3H4,7
7415,9606.ENSP00000347655,GRK6,29
7416,9606.ENSP00000347672,VANGL1,14
7417,9606.ENSP00000347684,LMX1B,41
7418,9606.ENSP00000347689,PDE4C-2,21
7419,9606.ENSP00000347710,OPHN1,9
7420,9606.ENSP00000347712,C2CD4A,32
7421,9606.ENSP00000347714,FCAR,25
7422,9606.ENSP00000347716,DPF1,38
7423,9606.ENSP00000347717,DHCR7,45
7424,9606.ENSP00000347719,TBCD,68
7425,9606.ENSP00000347721,SPNS3,53
7426,9606.ENSP00000347742,PDZD3,81
7427,9606.ENSP00000347754,HTR3A,51
7428,9606.ENSP00000347778,SLC26A8,65
7429,9606.ENSP00000347792,SYNJ2,95
7430,9606.ENSP00000347821,MORC4,42
7431,9606.ENSP00000347834,FBXL3,2
7432,9606.ENSP00000347836,UBE2H,39
7433,9606.ENSP00000347845,TASOR,54
7434,9606.ENSP00000347852,SORBS2,63
7435,9606.ENSP00000347896,MBD6,68
7436,9606.ENSP00000347915,TTC30A,46
7437,9606.ENSP00000347916,CLEC12A,45
7438,9606.ENSP00000347931,PCNX3,74
7439,9606.ENSP00000347933,PLGLB1,8
7440,9606.ENSP00000347942,RET,28
7441,9606.ENSP00000347948,TNFRSF14,47
7442,9606.ENSP00000347997,UBQLN3,23
7443,9606.ENSP00000348010,PRPF39,1
7444,9606.ENSP00000348019,SLC17A5,32
7445,9606.ENSP00000348020,MLH3,44
7446,9606.ENSP00000348033,OR11L1,30
7447,9606.ENSP00000348054,COMMD6,6
7448,9606.ENSP00000348056,UBE2I,14
7449,9606.ENSP00000348064,ART3,9
7450,9606.ENSP00000348069,SREBF1,18
7451,9606.ENSP00000348074,CLEC9A,32
7452,9606.ENSP00000348089,ERCC6,28
7453,9606.ENSP00000348099,PDLIM7,24
7454,9606.ENSP00000348107,C1D,16
7455,9606.ENSP00000348108,KHDRBS3,12
7456,9606.ENSP00000348128,SVIL,48
7457,9606.ENSP00000348132,STK31,10
7458,9606.ENSP00000348163,PLS3,10
7459,9606.ENSP00000348168,GTF2E2,20
7460,9606.ENSP00000348169,NLGN4Y,27
7461,9606.ENSP00000348170,HP,9
7462,9606.ENSP00000348206,PRELID3B,1
7463,9606.ENSP00000348211,SLC25A46,25
7464,9606.ENSP00000348215,SH3PXD2A,28
7465,9606.ENSP00000348216,TRIM4,42
7466,9606.ENSP00000348234,TAT,10
7467,9606.ENSP00000348278,STK39,12
7468,9606.ENSP00000348299,TRIM13,12
7469,9606.ENSP00000348300,BTG4,48
7470,9606.ENSP00000348308,MMP23B,46
7471,9606.ENSP00000348314,SPEF2,31
7472,9606.ENSP00000348349,MYO9A,11
7473,9606.ENSP00000348381,ADD3,34
7474,9606.ENSP00000348385,COL27A1,11
7475,9606.ENSP00000348395,NPEPL1,20
7476,9606.ENSP00000348416,TJP1,28
7477,9606.ENSP00000348419,ZNF44,20
7478,9606.ENSP00000348429,ACSL5,35
7479,9606.ENSP00000348442,PSMD12,27
7480,9606.ENSP00000348449,OR8B4,10
7481,9606.ENSP00000348453,ANO2,54
7482,9606.ENSP00000348455,UVRAG,8
7483,9606.ENSP00000348459,ACMSD,5
7484,9606.ENSP00000348460,NPAS3,18
7485,9606.ENSP00000348461,RAC1,5
7486,9606.ENSP00000348471,SH3YL1,7
7487,9606.ENSP00000348472,PXK,10
7488,9606.ENSP00000348489,FBRS,21
7489,9606.ENSP00000348496,SUN5,34
7490,9606.ENSP00000348510,GTF3C1,2
7491,9606.ENSP00000348527,CENPL,6
7492,9606.ENSP00000348538,RBM38,7
7493,9606.ENSP00000348554,CDC16,17
7494,9606.ENSP00000348564,CDAN1,16
7495,9606.ENSP00000348565,UBA5,48
7496,9606.ENSP00000348573,AKAP9,43
7497,9606.ENSP00000348596,SDAD1,52
7498,9606.ENSP00000348602,AMPH,42
7499,9606.ENSP00000348632,RBCK1,22
7500,9606.ENSP00000348635,JAML,14
7501,9606.ENSP00000348645,PXDNL,32
7502,9606.ENSP00000348668,GALNT6,20
7503,9606.ENSP00000348708,UPF2,21
7504,9606.ENSP00000348714,AREL1,19
7505,9606.ENSP00000348752,ORAI2,26
7506,9606.ENSP00000348753,SPRED2,52
7507,9606.ENSP00000348757,CCDC151,20
7508,9606.ENSP00000348769,ARIH2,46
7509,9606.ENSP00000348772,PITPNM1,14
7510,9606.ENSP00000348775,ACOX3,16
7511,9606.ENSP00000348821,MYOM1,40
7512,9606.ENSP00000348828,ARHGEF26,6
7513,9606.ENSP00000348838,UBE2C,14
7514,9606.ENSP00000348842,EML6,4
7515,9606.ENSP00000348848,WDR45,20
7516,9606.ENSP00000348849,RPS26,11
7517,9606.ENSP00000348886,STOML2,20
7518,9606.ENSP00000348888,PIGR,19
7519,9606.ENSP00000348912,ADAM33,9
7520,9606.ENSP00000348924,H2BC7,8
7521,9606.ENSP00000348931,FABP7,123
7522,9606.ENSP00000348944,RSPO1,10
7523,9606.ENSP00000348959,MAN1A2,12
7524,9606.ENSP00000348965,DYNC1H1,18
7525,9606.ENSP00000348968,WFDC11,8
7526,9606.ENSP00000348982,MEGF6,18
7527,9606.ENSP00000348984,SON,23
7528,9606.ENSP00000349003,PTGER3,10
7529,9606.ENSP00000349016,PEX14,9
7530,9606.ENSP00000349022,ARC,6
7531,9606.ENSP00000349041,NRARP,3
7532,9606.ENSP00000349078,FDPS,47
7533,9606.ENSP00000349085,MAGEA1,15
7534,9606.ENSP00000349087,TMEM259,7
7535,9606.ENSP00000349116,SEPTIN10,9
7536,9606.ENSP00000349124,PPP4R2,3
7537,9606.ENSP00000349131,RSPO3,7
7538,9606.ENSP00000349142,ATP5F1C,3
7539,9606.ENSP00000349143,BTN2A2,33
7540,9606.ENSP00000349147,CNNM1,21
7541,9606.ENSP00000349156,SIAH1,14
7542,9606.ENSP00000349168,HNRNPH1,36
7543,9606.ENSP00000349204,CRB3,8
7544,9606.ENSP00000349205,PIK3R4,7
7545,9606.ENSP00000349208,PIWIL2,61
7546,9606.ENSP00000349238,CCDC88B,5
7547,9606.ENSP00000349244,EDRF1,20
7548,9606.ENSP00000349252,ITGAL,13
7549,9606.ENSP00000349259,SPTBN1,4
7550,9606.ENSP00000349270,HBM,14
7551,9606.ENSP00000349274,PPP1R26,59
7552,9606.ENSP00000349298,MYLIP,21
7553,9606.ENSP00000349305,GOLGA4,8
7554,9606.ENSP00000349313,NHEJ1,15
7555,9606.ENSP00000349320,CACNA2D1,12
7556,9606.ENSP00000349324,TNFRSF10C,19
7557,9606.ENSP00000349351,BICD2,3
7558,9606.ENSP00000349359,SASH3,45
7559,9606.ENSP00000349365,IL27,1
7560,9606.ENSP00000349396,ABCD4,2
7561,9606.ENSP00000349428,PTBP1,6
7562,9606.ENSP00000349430,H2BC12,23
7563,9606.ENSP00000349436,ADAM15,10
7564,9606.ENSP00000349437,IGF2R,3
7565,9606.ENSP00000349439,TXNDC11,1
7566,9606.ENSP00000349446,ARG1,14
7567,9606.ENSP00000349456,CLCC1,42
7568,9606.ENSP00000349458,ICK,7
7569,9606.ENSP00000349459,SPINK14,24
7570,9606.ENSP00000349486,SCRIB,23
7571,9606.ENSP00000349490,MFNG,8
7572,9606.ENSP00000349493,GUCA2A,7
7573,9606.ENSP00000349503,ZBTB14,13
7574,9606.ENSP00000349541,CAVIN1,62
7575,9606.ENSP00000349543,PEX2,198
7576,9606.ENSP00000349547,RASSF1,22
7577,9606.ENSP00000349568,CFAP43,92
7578,9606.ENSP00000349576,DCTD,23
7579,9606.ENSP00000349577,PRODH,40
7580,9606.ENSP00000349588,ANK2,10
7581,9606.ENSP00000349594,ELAVL4,10
7582,9606.ENSP00000349595,ATP2A1,17
7583,9606.ENSP00000349596,TRIM38,19
7584,9606.ENSP00000349616,ADIPOR2,4
7585,9606.ENSP00000349629,LRBA,26
7586,9606.ENSP00000349640,MCRS1,10
7587,9606.ENSP00000349658,XPNPEP3,17
7588,9606.ENSP00000349677,SPOCK3,7
7589,9606.ENSP00000349678,MYBPHL,5
7590,9606.ENSP00000349679,DYNLRB1,5
7591,9606.ENSP00000349687,GM2A,5
7592,9606.ENSP00000349689,ZDHHC9,10
7593,9606.ENSP00000349708,ZMYM6,5
7594,9606.ENSP00000349709,RAET1E,21
7595,9606.ENSP00000349722,UBE2D3,7
7596,9606.ENSP00000349723,BCL11B,41
7597,9606.ENSP00000349727,DOK3,30
7598,9606.ENSP00000349732,C3orf18,5
7599,9606.ENSP00000349748,SFPQ,7
7600,9606.ENSP00000349768,DCHS2,10
7601,9606.ENSP00000349781,TBC1D8B,10
7602,9606.ENSP00000349785,MAP1LC3C,1
7603,9606.ENSP00000349790,COL9A1,14
7604,9606.ENSP00000349823,SMARCAL1,66
7605,9606.ENSP00000349824,REPS2,9
7606,9606.ENSP00000349856,PRRC2B,8
7607,9606.ENSP00000349860,GFPT1,20
7608,9606.ENSP00000349874,NUDT13,4
7609,9606.ENSP00000349877,ATP13A1,24
7610,9606.ENSP00000349884,GALP,2
7611,9606.ENSP00000349923,LAGE3,14
7612,9606.ENSP00000349929,ENTR1,52
7613,9606.ENSP00000349931,PRAMEF8,9
7614,9606.ENSP00000349945,OR5B17,19
7615,9606.ENSP00000349954,CGB3,51
7616,9606.ENSP00000349957,ANAPC11,3
7617,9606.ENSP00000349967,CCRL2,14
7618,9606.ENSP00000349970,ERGIC3,13
7619,9606.ENSP00000350005,GIP,14
7620,9606.ENSP00000350012,ACSL3,12
7621,9606.ENSP00000350032,FRMD4A,11
7622,9606.ENSP00000350036,SMC1B,4
7623,9606.ENSP00000350049,HOMEZ,10
7624,9606.ENSP00000350066,ECE2,2
7625,9606.ENSP00000350071,STRN3,36
7626,9606.ENSP00000350075,ARPIN,7
7627,9606.ENSP00000350090,HNRNPA1L2,56
7628,9606.ENSP00000350098,POP5,8
7629,9606.ENSP00000350132,PLN,7
7630,9606.ENSP00000350136,RIMKLB,14
7631,9606.ENSP00000350162,SYCP2,10
7632,9606.ENSP00000350170,FXR1,25
7633,9606.ENSP00000350195,MAP3K6,8
7634,9606.ENSP00000350198,SSTR2,17
7635,9606.ENSP00000350199,AP1B1,11
7636,9606.ENSP00000350223,DNAJC14,19
7637,9606.ENSP00000350224,BMX,2
7638,9606.ENSP00000350249,POT1,13
7639,9606.ENSP00000350256,CCR9,11
7640,9606.ENSP00000350266,DENND2D,7
7641,9606.ENSP00000350267,BRPF3,19
7642,9606.ENSP00000350278,SLC30A7,13
7643,9606.ENSP00000350295,ZNF816,2
7644,9606.ENSP00000350310,ATP2B4,2
7645,9606.ENSP00000350331,ASB13,25
7646,9606.ENSP00000350332,MYBPC2,17
7647,9606.ENSP00000350333,SAP130,27
7648,9606.ENSP00000350348,GRM7,7
7649,9606.ENSP00000350353,ETFBKMT,7
7650,9606.ENSP00000350358,PRAMEF12,39
7651,9606.ENSP00000350359,CREB5,80
7652,9606.ENSP00000350364,NEGR1,24
7653,9606.ENSP00000350369,MAFG,21
7654,9606.ENSP00000350378,GOLGA7,14
7655,9606.ENSP00000350386,CHM,81
7656,9606.ENSP00000350402,HHLA2,23
7657,9606.ENSP00000350425,APOA4,46
7658,9606.ENSP00000350447,SGO2,67
7659,9606.ENSP00000350491,PRIM1,16
7660,9606.ENSP00000350512,COPS5,44
7661,9606.ENSP00000350541,LVRN,18
7662,9606.ENSP00000350547,SEMA4F,11
7663,9606.ENSP00000350549,HMX3,15
7664,9606.ENSP00000350630,TLL2,42
7665,9606.ENSP00000350633,SERTAD1,17
7666,9606.ENSP00000350651,ERI2,6
7667,9606.ENSP00000350673,FAM3B,32
7668,9606.ENSP00000350676,PHF8,6
7669,9606.ENSP00000350681,ELK4,64
7670,9606.ENSP00000350686,ANKLE2,22
7671,9606.ENSP00000350698,DDX47,19
7672,9606.ENSP00000350704,C1orf109,21
7673,9606.ENSP00000350708,RAD23B,5
7674,9606.ENSP00000350718,TMCC2,9
7675,9606.ENSP00000350719,SYNE2,7
7676,9606.ENSP00000350786,ASIC4,12
7677,9606.ENSP00000350815,NR3C2,15
7678,9606.ENSP00000350833,MPPED2,6
7679,9606.ENSP00000350844,PAX5,17
7680,9606.ENSP00000350848,HMGN5,1
7681,9606.ENSP00000350874,METTL9,2
7682,9606.ENSP00000350881,GRAMD1C,4
7683,9606.ENSP00000350896,EPHB4,4
7684,9606.ENSP00000350911,CTSE,5
7685,9606.ENSP00000350928,GAD1,3
7686,9606.ENSP00000350934,RABEP2,25
7687,9606.ENSP00000350937,TES,1
7688,9606.ENSP00000350949,GMPPA,3
7689,9606.ENSP00000350961,DMAC1,32
7690,9606.ENSP00000350976,RTP2,7
7691,9606.ENSP00000351015,NF1,2
7692,9606.ENSP00000351022,TPM1,6
7693,9606.ENSP00000351040,FAM217B,4
7694,9606.ENSP00000351052,ZC3HC1,15
7695,9606.ENSP00000351059,CX3CR1,28
7696,9606.ENSP00000351100,WDR55,36
7697,9606.ENSP00000351113,FRYL,35
7698,9606.ENSP00000351132,RHOT1,66
7699,9606.ENSP00000351137,XAB2,37
7700,9606.ENSP00000351138,MIGA2,5
7701,9606.ENSP00000351141,WTAP,6
7702,9606.ENSP00000351142,GRM8,18
7703,9606.ENSP00000351147,DCAF4,4
7704,9606.ENSP00000351155,ATL1,15
7705,9606.ENSP00000351159,CNOT3,1
7706,9606.ENSP00000351185,DNA2,1
7707,9606.ENSP00000351190,ITIH2,5
7708,9606.ENSP00000351206,TXLNB,57
7709,9606.ENSP00000351207,KIAA1671,61
7710,9606.ENSP00000351209,EPHA2,128
7711,9606.ENSP00000351214,TOMM7,98
7712,9606.ENSP00000351232,PDE11A-2,49
7713,9606.ENSP00000351250,TRIM33,54
7714,9606.ENSP00000351255,STAT4,90
7715,9606.ENSP00000351273,CASP8,49
7716,9606.ENSP00000351284,RAD52,54
7717,9606.ENSP00000351310,COL6A6,69
7718,9606.ENSP00000351314,PSMB10,64
7719,9606.ENSP00000351318,PLEKHG1,129
7720,9606.ENSP00000351327,AKAP4,53
7721,9606.ENSP00000351333,ARHGAP19,50
7722,9606.ENSP00000351338,PLXNB1,55
7723,9606.ENSP00000351342,PTPN5,30
7724,9606.ENSP00000351345,ALKAL1,78
7725,9606.ENSP00000351346,VPS13B,84
7726,9606.ENSP00000351379,PFN3,56
7727,9606.ENSP00000351380,TMA16,54
7728,9606.ENSP00000351407,ARNT,47
7729,9606.ENSP00000351416,ANKRD17,49
7730,9606.ENSP00000351422,REX1BD,23
7731,9606.ENSP00000351430,GYPE,48
7732,9606.ENSP00000351446,WDR5,56
7733,9606.ENSP00000351473,GIMAP5,50
7734,9606.ENSP00000351475,PASK,96
7735,9606.ENSP00000351484,NAALADL1,94
7736,9606.ENSP00000351490,MAX,52
7737,9606.ENSP00000351492,UBL5,98
7738,9606.ENSP00000351497,FCGR2B,49
7739,9606.ENSP00000351520,ENTPD4,65
7740,9606.ENSP00000351530,ZXDA,54
7741,9606.ENSP00000351536,QSOX2,54
7742,9606.ENSP00000351539,ZBTB18,43
7743,9606.ENSP00000351575,BDP1,82
7744,9606.ENSP00000351589,H2AC13,55
7745,9606.ENSP00000351591,NLGN3,52
7746,9606.ENSP00000351602,FUT4,53
7747,9606.ENSP00000351605,FZD6,49
7748,9606.ENSP00000351614,SYN3,49
7749,9606.ENSP00000351619,PBLD,35
7750,9606.ENSP00000351642,BCAS4,5
7751,9606.ENSP00000351644,GTPBP3,19
7752,9606.ENSP00000351646,STIP1,40
7753,9606.ENSP00000351669,MANEA,34
7754,9606.ENSP00000351671,CCL20,65
7755,9606.ENSP00000351682,CNDP1,24
7756,9606.ENSP00000351697,REV3L,7
7757,9606.ENSP00000351706,GK2,35
7758,9606.ENSP00000351732,TMC2,10
7759,9606.ENSP00000351737,TMEM126B,32
7760,9606.ENSP00000351742,TFEB,41
7761,9606.ENSP00000351767,COL20A1,38
7762,9606.ENSP00000351777,VCP,33
7763,9606.ENSP00000351789,PELI1,11
7764,9606.ENSP00000351790,MYPN,12
7765,9606.ENSP00000351807,ELN,29
7766,9606.ENSP00000351811,EDC4,15
7767,9606.ENSP00000351813,MARCHF5,38
7768,9606.ENSP00000351832,RAB3GAP2,25
7769,9606.ENSP00000351856,POTEC,4
7770,9606.ENSP00000351884,SPANXC,8
7771,9606.ENSP00000351905,TGFBR2,6
7772,9606.ENSP00000351908,MAP3K5,10
7773,9606.ENSP00000351926,AP2A1,13
7774,9606.ENSP00000351933,KLHL9,30
7775,9606.ENSP00000351937,C17orf80,3
7776,9606.ENSP00000351947,SMARCAD1,9
7777,9606.ENSP00000351957,PDE3A,6
7778,9606.ENSP00000351990,NAE1,13
7779,9606.ENSP00000352011,CACNA1G,7
7780,9606.ENSP00000352021,NOL12,10
7781,9606.ENSP00000352035,KCNQ2,25
7782,9606.ENSP00000352039,NLRC3,10
7783,9606.ENSP00000352069,WWP2,11
7784,9606.ENSP00000352071,CD163,17
7785,9606.ENSP00000352097,SPTSSB,8
7786,9606.ENSP00000352111,GOLGA8A,25
7787,9606.ENSP00000352119,H2AC11,8
7788,9606.ENSP00000352138,KIRREL1,34
7789,9606.ENSP00000352162,ELAVL3,6
7790,9606.ENSP00000352163,LYPD2,5
7791,9606.ENSP00000352167,SLC25A29,25
7792,9606.ENSP00000352173,PLAC1,11
7793,9606.ENSP00000352185,PHF2,3
7794,9606.ENSP00000352208,MYOF,5
7795,9606.ENSP00000352248,ANXA10,9
7796,9606.ENSP00000352252,H3C12,21
7797,9606.ENSP00000352257,XRCC6,6
7798,9606.ENSP00000352264,CD2AP,31
7799,9606.ENSP00000352265,TPGS1,36
7800,9606.ENSP00000352271,XRCC2,48
7801,9606.ENSP00000352272,MYOZ1,47
7802,9606.ENSP00000352282,KLHDC1,50
7803,9606.ENSP00000352288,PLXNB2,30
7804,9606.ENSP00000352314,KLHL14,36
7805,9606.ENSP00000352358,TRPV6,55
7806,9606.ENSP00000352400,NUP214,13
7807,9606.ENSP00000352401,RPE,43
7808,9606.ENSP00000352408,BABAM1,6
7809,9606.ENSP00000352414,FGF17,18
7810,9606.ENSP00000352420,LDLRAD4,30
7811,9606.ENSP00000352424,TIAF1,8
7812,9606.ENSP00000352427,RGR,6
7813,9606.ENSP00000352438,PCBP2,1
7814,9606.ENSP00000352447,C1orf116,3
7815,9606.ENSP00000352455,MFAP5,3
7816,9606.ENSP00000352463,TCF20,13
7817,9606.ENSP00000352510,TECPR2,7
7818,9606.ENSP00000352513,MPZL1,3
7819,9606.ENSP00000352516,DNMT1,20
7820,9606.ENSP00000352522,ATP6V1H,24
7821,9606.ENSP00000352527,KCNK5,22
7822,9606.ENSP00000352536,GTF3C2,80
7823,9606.ENSP00000352540,EMP2,8
7824,9606.ENSP00000352544,CPLX2,10
7825,9606.ENSP00000352561,CALCR,5
7826,9606.ENSP00000352565,HAND2,2
7827,9606.ENSP00000352572,PCNT,10
7828,9606.ENSP00000352584,AKR1B10,12
7829,9606.ENSP00000352601,LRP10,10
7830,9606.ENSP00000352608,RYR1,15
7831,9606.ENSP00000352614,ZSWIM5,6
7832,9606.ENSP00000352626,OR6K2,13
7833,9606.ENSP00000352627,H2AC17,16
7834,9606.ENSP00000352639,CELA2A,10
7835,9606.ENSP00000352645,TYW1,15
7836,9606.ENSP00000352672,PGLYRP4,25
7837,9606.ENSP00000352673,ELF3,24
7838,9606.ENSP00000352676,ZRANB1,20
7839,9606.ENSP00000352678,SUPV3L1,1
7840,9606.ENSP00000352706,HIBCH,29
7841,9606.ENSP00000352738,G3BP2,38
7842,9606.ENSP00000352785,DSG4,22
7843,9606.ENSP00000352798,COL18A1,2
7844,9606.ENSP00000352833,PTPN22,10
7845,9606.ENSP00000352835,MB,13
7846,9606.ENSP00000352882,PLXNA4,59
7847,9606.ENSP00000352900,RXRG,79
7848,9606.ENSP00000352904,NT5C1B,32
7849,9606.ENSP00000352925,TRRAP,65
7850,9606.ENSP00000352926,TEAD4,70
7851,9606.ENSP00000352927,MTCL1,98
7852,9606.ENSP00000352928,DDA1,82
7853,9606.ENSP00000352936,SPINK5,63
7854,9606.ENSP00000352956,RBM23,1
7855,9606.ENSP00000352992,ART5,36
7856,9606.ENSP00000353007,SULF2,37
7857,9606.ENSP00000353010,ATG2B,15
7858,9606.ENSP00000353013,CLEC14A,20
7859,9606.ENSP00000353025,FAM3C,39
7860,9606.ENSP00000353030,PTPRF,32
7861,9606.ENSP00000353032,P2RX4,58
7862,9606.ENSP00000353048,CCT8L2,12
7863,9606.ENSP00000353072,ATP2A3,3
7864,9606.ENSP00000353098,MCMBP,5
7865,9606.ENSP00000353099,HLA-DRB1,61
7866,9606.ENSP00000353104,DHDDS,8
7867,9606.ENSP00000353114,AHNAK2,55
7868,9606.ENSP00000353128,DCAF12L2,58
7869,9606.ENSP00000353165,TPK1,9
7870,9606.ENSP00000353198,PYY,11
7871,9606.ENSP00000353203,LCE1B,14
7872,9606.ENSP00000353245,C17orf97,7
7873,9606.ENSP00000353246,MAK16,20
7874,9606.ENSP00000353249,AGBL5,13
7875,9606.ENSP00000353259,CD300A,9
7876,9606.ENSP00000353270,ERGIC2,18
7877,9606.ENSP00000353284,DDX3Y,3
7878,9606.ENSP00000353292,SCNN1A,2
7879,9606.ENSP00000353331,KIRREL2,16
7880,9606.ENSP00000353332,RTEL1,18
7881,9606.ENSP00000353344,ETS2,11
7882,9606.ENSP00000353375,MAP4,21
7883,9606.ENSP00000353379,MAGEA4,19
7884,9606.ENSP00000353393,F8,16
7885,9606.ENSP00000353401,CUX1,7
7886,9606.ENSP00000353408,MSN,27
7887,9606.ENSP00000353414,ATP2B2,15
7888,9606.ENSP00000353422,VPS13A,25
7889,9606.ENSP00000353444,RAB5B,22
7890,9606.ENSP00000353452,MYLK,47
7891,9606.ENSP00000353462,CASS4,6
7892,9606.ENSP00000353475,CLDN7,20
7893,9606.ENSP00000353491,ZNF460,8
7894,9606.ENSP00000353496,LZTS3,6
7895,9606.ENSP00000353508,MAP2,6
7896,9606.ENSP00000353512,PARP9,12
7897,9606.ENSP00000353516,OR2W3,13
7898,9606.ENSP00000353518,ANKS1A,17
7899,9606.ENSP00000353537,OR5B21,11
7900,9606.ENSP00000353575,EIF2B3,13
7901,9606.ENSP00000353582,NRP2,16
7902,9606.ENSP00000353590,MYH10,14
7903,9606.ENSP00000353600,SULT1A4,22
7904,9606.ENSP00000353608,DSC3,17
7905,9606.ENSP00000353646,PLEKHG4,14
7906,9606.ENSP00000353654,COL4A2,12
7907,9606.ENSP00000353670,SPOCD1,14
7908,9606.ENSP00000353720,CES1,16
7909,9606.ENSP00000353731,DPP4,11
7910,9606.ENSP00000353732,CLIP3,14
7911,9606.ENSP00000353734,PLAGL1,5
7912,9606.ENSP00000353735,TOPORS,6
7913,9606.ENSP00000353739,PCMTD1,10
7914,9606.ENSP00000353741,ETF1,2
7915,9606.ENSP00000353742,KRTAP26-1,1
7916,9606.ENSP00000353767,MMP17,27
7917,9606.ENSP00000353769,SCAF1,11
7918,9606.ENSP00000353770,RRM2,8
7919,9606.ENSP00000353785,TPPP,15
7920,9606.ENSP00000353791,SLC6A9,7
7921,9606.ENSP00000353793,WDHD1,6
7922,9606.ENSP00000353794,FBXL22,10
7923,9606.ENSP00000353824,PIM3,5
7924,9606.ENSP00000353826,LONP1,6
7925,9606.ENSP00000353846,DCLK1,7
7926,9606.ENSP00000353850,ITGB1BP1,3
7927,9606.ENSP00000353863,ZNF148,11
7928,9606.ENSP00000353864,PAK3,44
7929,9606.ENSP00000353874,TLR9,43
7930,9606.ENSP00000353904,CSNK1G3,2
7931,9606.ENSP00000353910,FUT8,43
7932,9606.ENSP00000353915,HTR4,24
7933,9606.ENSP00000353920,ADARB1,30
7934,9606.ENSP00000353922,ZNF711,9
7935,9606.ENSP00000353942,DRC7,7
7936,9606.ENSP00000353959,CLIC6,19
7937,9606.ENSP00000354001,KRTAP12-2,28
7938,9606.ENSP00000354003,GYPA,22
7939,9606.ENSP00000354006,TRPM6,68
7940,9606.ENSP00000354032,BSCL2,20
7941,9606.ENSP00000354039,UBAP2,35
7942,9606.ENSP00000354040,GTPBP4,49
7943,9606.ENSP00000354080,SCUBE1,22
7944,9606.ENSP00000354085,ANKHD1,33
7945,9606.ENSP00000354090,SIGLEC14,12
7946,9606.ENSP00000354091,GNL3L,33
7947,9606.ENSP00000354109,RGS22,5
7948,9606.ENSP00000354111,DNAJC5,25
7949,9606.ENSP00000354125,EIF3B,28
7950,9606.ENSP00000354152,MTHFSD,8
7951,9606.ENSP00000354158,ERC1,29
7952,9606.ENSP00000354163,FAM110A,14
7953,9606.ENSP00000354201,UBE2Z,15
7954,9606.ENSP00000354204,TOMM20L,32
7955,9606.ENSP00000354206,ZNF219,49
7956,9606.ENSP00000354207,NTRK3,19
7957,9606.ENSP00000354213,HS3ST3B1,24
7958,9606.ENSP00000354218,PPP1R13L,15
7959,9606.ENSP00000354227,C11orf80,26
7960,9606.ENSP00000354251,NCKAP1,39
7961,9606.ENSP00000354255,CPZ,9
7962,9606.ENSP00000354280,PRSS3,22
7963,9606.ENSP00000354294,CTRB1,29
7964,9606.ENSP00000354314,HAO2,11
7965,9606.ENSP00000354335,MPEG1,33
7966,9606.ENSP00000354340,UBA3,25
7967,9606.ENSP00000354346,MATR3-2,25
7968,9606.ENSP00000354357,GSTM3,4
7969,9606.ENSP00000354360,LAMC3,44
7970,9606.ENSP00000354361,RFWD3,31
7971,9606.ENSP00000354376,RAB25,22
7972,9606.ENSP00000354377,ZNF37A,66
7973,9606.ENSP00000354394,STAT1,19
7974,9606.ENSP00000354416,CCL28,4
7975,9606.ENSP00000354451,IQGAP3,33
7976,9606.ENSP00000354458,C8A,47
7977,9606.ENSP00000354461,PHETA1,13
7978,9606.ENSP00000354468,CYB5R3,53
7979,9606.ENSP00000354476,SREBF2,32
7980,9606.ENSP00000354478,DLX1,8
7981,9606.ENSP00000354487,ZEB1,3
7982,9606.ENSP00000354488,TNNI1,20
7983,9606.ENSP00000354490,ATP1A2,20
7984,9606.ENSP00000354497,FAN1,19
7985,9606.ENSP00000354498,PHLDB1,49
7986,9606.ENSP00000354499,MT-CO1,64
7987,9606.ENSP00000354501,ZNF277,57
7988,9606.ENSP00000354504,ASTN2,30
7989,9606.ENSP00000354511,COMT,51
7990,9606.ENSP00000354518,ZNF830,20
7991,9606.ENSP00000354522,TOP1,47
7992,9606.ENSP00000354525,MRPL24,14
7993,9606.ENSP00000354532,PNP,21
7994,9606.ENSP00000354543,TSC22D2,60
7995,9606.ENSP00000354553,GLMP,28
7996,9606.ENSP00000354554,MT-CYB,44
7997,9606.ENSP00000354558,MTOR,43
7998,9606.ENSP00000354560,KIFAP3,37
7999,9606.ENSP00000354566,CD3E,34
8000,9606.ENSP00000354571,RNF121,85
8001,9606.ENSP00000354573,MACF1,14
8002,9606.ENSP00000354580,MRPL21,25
8003,9606.ENSP00000354581,GPX6,7
8004,9606.ENSP00000354607,FZD5,17
8005,9606.ENSP00000354608,PPT2,18
8006,9606.ENSP00000354610,AMY2B,5
8007,9606.ENSP00000354612,PTGS1,10
8008,9606.ENSP00000354621,SMURF1,15
8009,9606.ENSP00000354623,WHRN,33
8010,9606.ENSP00000354632,MT-ATP6,55
8011,9606.ENSP00000354633,TAF11,77
8012,9606.ENSP00000354643,DIO1,18
8013,9606.ENSP00000354645,GPATCH3,18
8014,9606.ENSP00000354649,MAGT1,12
8015,9606.ENSP00000354652,NPY1R,22
8016,9606.ENSP00000354660,MAGEC2,7
8017,9606.ENSP00000354665,MT-ND6,10
8018,9606.ENSP00000354669,MINDY1,18
8019,9606.ENSP00000354671,MAST2,20
8020,9606.ENSP00000354677,GPX7,20
8021,9606.ENSP00000354681,OPA1,1
8022,9606.ENSP00000354686,ZNF652,31
8023,9606.ENSP00000354687,MT-ND1,23
8024,9606.ENSP00000354688,DENND10,26
8025,9606.ENSP00000354689,SLC39A13,23
8026,9606.ENSP00000354691,FCRL5,21
8027,9606.ENSP00000354718,AKAP13,5
8028,9606.ENSP00000354720,SMC3,3
8029,9606.ENSP00000354721,SLC26A1,21
8030,9606.ENSP00000354722,EIF1AY,2
8031,9606.ENSP00000354723,H2BW1,6
8032,9606.ENSP00000354724,PCGF3,11
8033,9606.ENSP00000354728,MT-ND4L,29
8034,9606.ENSP00000354732,PRR5-ARHGAP8,7
8035,9606.ENSP00000354739,RPL12,14
8036,9606.ENSP00000354742,IPO9,10
8037,9606.ENSP00000354762,COA3,7
8038,9606.ENSP00000354772,MVB12B,3
8039,9606.ENSP00000354775,PJA2,1
8040,9606.ENSP00000354777,TBKBP1,2
8041,9606.ENSP00000354778,CNTNAP2,6
8042,9606.ENSP00000354782,CD247,6
8043,9606.ENSP00000354791,DCTN1,1
8044,9606.ENSP00000354794,ZNF521,12
8045,9606.ENSP00000354812,SPOUT1,61
8046,9606.ENSP00000354813,MT-ND5,23
8047,9606.ENSP00000354822,XAF1,54
8048,9606.ENSP00000354826,CALD1,69
8049,9606.ENSP00000354829,SGMS1,60
8050,9606.ENSP00000354830,DDIT4L,21
8051,9606.ENSP00000354837,ARHGEF2,49
8052,9606.ENSP00000354848,KIFBP,48
8053,9606.ENSP00000354850,OGA,33
8054,9606.ENSP00000354855,NFE2L1,40
8055,9606.ENSP00000354859,DRD2,3
8056,9606.ENSP00000354871,PPEF1,16
8057,9606.ENSP00000354874,SEPTIN4,34
8058,9606.ENSP00000354876,MT-CO2,8
8059,9606.ENSP00000354878,KIF21A,29
8060,9606.ENSP00000354884,RASSF9,16
8061,9606.ENSP00000354886,SLC25A47,94
8062,9606.ENSP00000354900,GJB1,18
8063,9606.ENSP00000354901,CXCL9,25
8064,9606.ENSP00000354910,NRG2,9
8065,9606.ENSP00000354911,TIFA,31
8066,9606.ENSP00000354912,MAGEE1,15
8067,9606.ENSP00000354916,CDC14A,4
8068,9606.ENSP00000354920,EEF1AKNMT,25
8069,9606.ENSP00000354923,DMD,13
8070,9606.ENSP00000354927,MAP3K3,16
8071,9606.ENSP00000354929,NOTCH2NLA,21
8072,9606.ENSP00000354932,TLR1,26
8073,9606.ENSP00000354947,CAPZA2,24
8074,9606.ENSP00000354952,GAB2,28
8075,9606.ENSP00000354957,SMC5,31
8076,9606.ENSP00000354960,COLGALT2,17
8077,9606.ENSP00000354961,MT-ND4,12
8078,9606.ENSP00000354972,NAA35,18
8079,9606.ENSP00000354982,MT-CO3,18
8080,9606.ENSP00000354995,ABCG1,16
8081,9606.ENSP00000355001,POU3F3,8
8082,9606.ENSP00000355011,ILF2,13
8083,9606.ENSP00000355013,CTR9,10
8084,9606.ENSP00000355014,PJA1,29
8085,9606.ENSP00000355022,TEDC2,34
8086,9606.ENSP00000355026,ARHGEF15,3
8087,9606.ENSP00000355028,DZIP3,11
8088,9606.ENSP00000355046,MT-ND2,28
8089,9606.ENSP00000355050,CTNNBL1,7
8090,9606.ENSP00000355051,TAF13,21
8091,9606.ENSP00000355053,ZSCAN20,16
8092,9606.ENSP00000355060,ARHGEF10L,11
8093,9606.ENSP00000355077,NSMCE1,23
8094,9606.ENSP00000355082,PCDH18,16
8095,9606.ENSP00000355084,MSRB1,38
8096,9606.ENSP00000355090,ARHGAP11A,23
8097,9606.ENSP00000355094,QKI,17
8098,9606.ENSP00000355110,SMOC1,20
8099,9606.ENSP00000355114,DCAF12,21
8100,9606.ENSP00000355124,KRT19,6
8101,9606.ENSP00000355133,NOS1AP,19
8102,9606.ENSP00000355140,HOXB1,19
8103,9606.ENSP00000355141,SELENON,19
8104,9606.ENSP00000355155,GRIN3A,30
8105,9606.ENSP00000355156,SUCNR1,51
8106,9606.ENSP00000355157,FCRL2,27
8107,9606.ENSP00000355167,HORMAD1,36
8108,9606.ENSP00000355180,COL6A1,25
8109,9606.ENSP00000355185,DCLRE1A,25
8110,9606.ENSP00000355187,LRRTM3,24
8111,9606.ENSP00000355192,CACNA1S,45
8112,9606.ENSP00000355195,ASB12,22
8113,9606.ENSP00000355204,FAM110B,32
8114,9606.ENSP00000355206,MT-ND3,20
8115,9606.ENSP00000355228,HMGN2,21
8116,9606.ENSP00000355231,BECN1,28
8117,9606.ENSP00000355237,CDC42BPB,22
8118,9606.ENSP00000355245,PAX9,22
8119,9606.ENSP00000355249,E2F2,4
8120,9606.ENSP00000355250,KIAA0753,12
8121,9606.ENSP00000355251,ZNF511,49
8122,9606.ENSP00000355260,PPP1R14C,12
8123,9606.ENSP00000355261,SMG5,43
8124,9606.ENSP00000355265,MT-ATP8,66
8125,9606.ENSP00000355279,CNOT7,63
8126,9606.ENSP00000355299,TSEN15,24
8127,9606.ENSP00000355302,KRTAP1-5,54
8128,9606.ENSP00000355304,MOK,47
8129,9606.ENSP00000355306,C1orf174,4
8130,9606.ENSP00000355308,HACD1,18
8131,9606.ENSP00000355315,RPL39,40
8132,9606.ENSP00000355316,GRM3,86
8133,9606.ENSP00000355319,CIPC,56
8134,9606.ENSP00000355325,PSMB5,11
8135,9606.ENSP00000355330,TGM2,12
8136,9606.ENSP00000355340,APOBEC3C,11
8137,9606.ENSP00000355354,SOX15,9
8138,9606.ENSP00000355361,CD47,5
8139,9606.ENSP00000355370,CNTF,12
8140,9606.ENSP00000355377,AKR7A3,16
8141,9606.ENSP00000355384,SLC26A11,14
8142,9606.ENSP00000355385,R3HDM4,11
8143,9606.ENSP00000355388,MPHOSPH8,26
8144,9606.ENSP00000355396,LRIG2,31
8145,9606.ENSP00000355419,PCDH11Y,5
8146,9606.ENSP00000355421,GAGE2A,15
8147,9606.ENSP00000355428,SH3BP5L,50
8148,9606.ENSP00000355437,TRIM58,12
8149,9606.ENSP00000355465,AHCTF1,3
8150,9606.ENSP00000355470,CNST,8
8151,9606.ENSP00000355471,TFB2M,5
8152,9606.ENSP00000355486,COX20,52
8153,9606.ENSP00000355492,CATSPERE,49
8154,9606.ENSP00000355493,ADSS2,19
8155,9606.ENSP00000355499,SDCCAG8,12
8156,9606.ENSP00000355500,CEP170,21
8157,9606.ENSP00000355506,EXO1,48
8158,9606.ENSP00000355511,CHML,17
8159,9606.ENSP00000355512,OPN3,4
8160,9606.ENSP00000355517,KMO,16
8161,9606.ENSP00000355518,FH,12
8162,9606.ENSP00000355523,RGS7,13
8163,9606.ENSP00000355533,RYR2,14
8164,9606.ENSP00000355536,MTR,21
8165,9606.ENSP00000355537,ACTN2,8
8166,9606.ENSP00000355541,HEATR1,13
8167,9606.ENSP00000355559,B3GALNT2,15
8168,9606.ENSP00000355566,TOMM20,6
8169,9606.ENSP00000355568,IRF2BP2,10
8170,9606.ENSP00000355574,COA6,17
8171,9606.ENSP00000355580,KCNK1,21
8172,9606.ENSP00000355583,MAP3K21,24
8173,9606.ENSP00000355587,NTPCR,4
8174,9606.ENSP00000355589,SIPA1L2,1
8175,9606.ENSP00000355599,TSNAX,10
8176,9606.ENSP00000355601,EGLN1,13
8177,9606.ENSP00000355605,EXOC8,11
8178,9606.ENSP00000355607,GNPAT,18
8179,9606.ENSP00000355609,C1orf131,21
8180,9606.ENSP00000355613,TRIM67,11
8181,9606.ENSP00000355614,FAM89A,72
8182,9606.ENSP00000355623,C1orf198,37
8183,9606.ENSP00000355627,AGT,14
8184,9606.ENSP00000355629,COG2,20
8185,9606.ENSP00000355631,OTX1,6
8186,9606.ENSP00000355632,GALNT2,2
8187,9606.ENSP00000355637,ABCB10,14
8188,9606.ENSP00000355645,ACTA1,54
8189,9606.ENSP00000355651,RAB4A,39
8190,9606.ENSP00000355652,RHOU,32
8191,9606.ENSP00000355656,H2AW,11
8192,9606.ENSP00000355657,H3-4,2
8193,9606.ENSP00000355658,TRIM17,45
8194,9606.ENSP00000355672,IBA57,53
8195,9606.ENSP00000355675,GJC2,24
8196,9606.ENSP00000355689,GUK1,32
8197,9606.ENSP00000355718,DLL1,14
8198,9606.ENSP00000355720,JMJD4,27
8199,9606.ENSP00000355731,CDC42BPA,28
8200,9606.ENSP00000355735,ERMARD,3
8201,9606.ENSP00000355736,TCTE3,19
8202,9606.ENSP00000355741,COQ8A,60
8203,9606.ENSP00000355747,PSEN2,4
8204,9606.ENSP00000355751,THBS2,14
8205,9606.ENSP00000355759,PARP1,13
8206,9606.ENSP00000355760,DACT2,18
8207,9606.ENSP00000355771,AFDN,34
8208,9606.ENSP00000355777,ACBD3,1
8209,9606.ENSP00000355780,H3-3A,14
8210,9606.ENSP00000355785,LEFTY2,29
8211,9606.ENSP00000355797,TCP10L2,4
8212,9606.ENSP00000355799,GPR31,25
8213,9606.ENSP00000355809,ENAH,56
8214,9606.ENSP00000355812,FGFR1OP,17
8215,9606.ENSP00000355827,FBXO28,22
8216,9606.ENSP00000355837,CAPN8,32
8217,9606.ENSP00000355847,PDE10A,18
8218,9606.ENSP00000355865,PRKN,20
8219,9606.ENSP00000355866,DUSP10,6
8220,9606.ENSP00000355870,HLX,19
8221,9606.ENSP00000355877,MARC1,20
8222,9606.ENSP00000355880,MARC2,19
8223,9606.ENSP00000355889,IARS2,9
8224,9606.ENSP00000355890,EPRS1,9
8225,9606.ENSP00000355893,SLC30A10,16
8226,9606.ENSP00000355895,LYPLAL1,19
8227,9606.ENSP00000355896,TGFB2,7
8228,9606.ENSP00000355899,RRP15,10
8229,9606.ENSP00000355900,SPATA17,6
8230,9606.ENSP00000355902,GPATCH2,1
8231,9606.ENSP00000355904,ESRRG,6
8232,9606.ENSP00000355920,SLC22A2,13
8233,9606.ENSP00000355922,CENPF,18
8234,9606.ENSP00000355923,PTPN14,28
8235,9606.ENSP00000355924,SMYD2,34
8236,9606.ENSP00000355925,PROX1,19
8237,9606.ENSP00000355929,ANGEL2,19
8238,9606.ENSP00000355930,SLC22A1,19
8239,9606.ENSP00000355938,FLVCR1,19
8240,9606.ENSP00000355944,NSL1,19
8241,9606.ENSP00000355955,NENF,19
8242,9606.ENSP00000355958,DTL,19
8243,9606.ENSP00000355961,INTS7,19
8244,9606.ENSP00000355964,LPGAT1,19
8245,9606.ENSP00000355966,NEK2,19
8246,9606.ENSP00000355968,SLC30A1,19
8247,9606.ENSP00000355969,RD3,7
8248,9606.ENSP00000355979,SERTAD4,19
8249,9606.ENSP00000355988,IRF6,19
8250,9606.ENSP00000355991,TRAF3IP3,23
8251,9606.ENSP00000355995,HSD11B1,20
8252,9606.ENSP00000355996,G0S2,32
8253,9606.ENSP00000356000,PLXNA2,5
8254,9606.ENSP00000356001,MRPL18,29
8255,9606.ENSP00000356015,ACAT2,28
8256,9606.ENSP00000356016,CR1,17
8257,9606.ENSP00000356024,CR2,43
8258,9606.ENSP00000356030,CD55,13
8259,9606.ENSP00000356033,TAGAP,4
8260,9606.ENSP00000356037,C4BPA,19
8261,9606.ENSP00000356047,PFKFB2,33
8262,9606.ENSP00000356056,DYNLT1,7
8263,9606.ENSP00000356058,FCMR,4
8264,9606.ENSP00000356064,TULP4,9
8265,9606.ENSP00000356065,IL20,19
8266,9606.ENSP00000356070,MAPKAPK2,5
8267,9606.ENSP00000356094,AVPR1B,7
8268,9606.ENSP00000356102,SLC26A9,2
8269,9606.ENSP00000356104,PM20D1,17
8270,9606.ENSP00000356105,SLC41A1,16
8271,9606.ENSP00000356107,RAB29,46
8272,9606.ENSP00000356110,NUCKS1,2
8273,9606.ENSP00000356113,SLC45A3,7
8274,9606.ENSP00000356121,LEMD1,13
8275,9606.ENSP00000356124,KLHDC8A,22
8276,9606.ENSP00000356133,CLDN20,17
8277,9606.ENSP00000356134,TFB1M,11
8278,9606.ENSP00000356150,MDM4,12
8279,9606.ENSP00000356155,PIK3C2B,38
8280,9606.ENSP00000356156,PPP1R15B,8
8281,9606.ENSP00000356162,KISS1,33
8282,9606.ENSP00000356169,ETNK2,15
8283,9606.ENSP00000356172,SOX13,6
8284,9606.ENSP00000356191,OPTC,8
8285,9606.ENSP00000356198,CHIT1,8
8286,9606.ENSP00000356202,MTRF1L,3
8287,9606.ENSP00000356205,ADORA1,29
8288,9606.ENSP00000356213,VIP,5
8289,9606.ENSP00000356218,CYB5R1,5
8290,9606.ENSP00000356224,SYNE1,9
8291,9606.ENSP00000356230,KLHL12,1
8292,9606.ENSP00000356231,RABIF,8
8293,9606.ENSP00000356233,KDM5B,10
8294,9606.ENSP00000356237,SYT2,10
8295,9606.ENSP00000356247,LGR6,11
8296,9606.ENSP00000356251,GPR37L1,14
8297,9606.ENSP00000356256,TIMM17A,37
8298,9606.ENSP00000356257,LMOD1,20
8299,9606.ENSP00000356263,ARMT1,10
8300,9606.ENSP00000356265,NAV1,12
8301,9606.ENSP00000356275,CSRP1,53
8302,9606.ENSP00000356301,TMEM9,12
8303,9606.ENSP00000356308,ULBP3,18
8304,9606.ENSP00000356310,RAET1L,16
8305,9606.ENSP00000356319,KIF14,14
8306,9606.ENSP00000356320,ULBP2,9
8307,9606.ENSP00000356329,RAET1G,17
8308,9606.ENSP00000356331,NR5A2,43
8309,9606.ENSP00000356355,NEK7,31
8310,9606.ENSP00000356357,LHX9,8
8311,9606.ENSP00000356370,CRB1,27
8312,9606.ENSP00000356379,ASPM,36
8313,9606.ENSP00000356381,KATNA1,4
8314,9606.ENSP00000356382,F13B,20
8315,9606.ENSP00000356385,CFHR2,7
8316,9606.ENSP00000356386,CFHR4,12
8317,9606.ENSP00000356395,CFHR3,18
8318,9606.ENSP00000356399,CFH,10
8319,9606.ENSP00000356404,B3GALT2,5
8320,9606.ENSP00000356405,CDC73,30
8321,9606.ENSP00000356410,GLRX2,38
8322,9606.ENSP00000356416,RO60,60
8323,9606.ENSP00000356421,UCHL5,38
8324,9606.ENSP00000356426,TAB2,37
8325,9606.ENSP00000356429,RGS1,51
8326,9606.ENSP00000356430,RGS18,26
8327,9606.ENSP00000356433,UST,2
8328,9606.ENSP00000356436,PLA2G4A,30
8329,9606.ENSP00000356438,PTGS2,5
8330,9606.ENSP00000356448,TPR,11
8331,9606.ENSP00000356465,RAB32,8
8332,9606.ENSP00000356468,IVNS1ABP,16
8333,9606.ENSP00000356480,RNF2,24
8334,9606.ENSP00000356489,EPM2A,36
8335,9606.ENSP00000356505,NCF2,24
8336,9606.ENSP00000356515,UTRN,5
8337,9606.ENSP00000356520,DHX9,31
8338,9606.ENSP00000356529,RGS16,14
8339,9606.ENSP00000356530,RNASEL,12
8340,9606.ENSP00000356540,STX11,24
8341,9606.ENSP00000356541,SF3B5,31
8342,9606.ENSP00000356545,CACNA1E,7
8343,9606.ENSP00000356548,LTV1,4
8344,9606.ENSP00000356549,IER5,6
8345,9606.ENSP00000356560,KIAA1614,29
8346,9606.ENSP00000356562,XPR1,11
8347,9606.ENSP00000356563,PEX3,5
8348,9606.ENSP00000356574,QSOX1,29
8349,9606.ENSP00000356576,HIVEP2,11
8350,9606.ENSP00000356579,CEP350,13
8351,9606.ENSP00000356581,ADGRG6,42
8352,9606.ENSP00000356584,TOR1AIP2,29
8353,9606.ENSP00000356587,NPHS2,34
8354,9606.ENSP00000356591,SOAT1,16
8355,9606.ENSP00000356599,TOR3A,20
8356,9606.ENSP00000356602,VTA1,33
8357,9606.ENSP00000356607,RALGPS2,1
8358,9606.ENSP00000356621,RASAL2,9
8359,9606.ENSP00000356630,HECA,34
8360,9606.ENSP00000356634,PAPPA2,34
8361,9606.ENSP00000356641,COP1,27
8362,9606.ENSP00000356646,TNR,24
8363,9606.ENSP00000356652,CACYBP,16
8364,9606.ENSP00000356658,GPR52,47
8365,9606.ENSP00000356669,RC3H1,69
8366,9606.ENSP00000356671,SERPINC1,42
8367,9606.ENSP00000356687,SLC9C2,59
8368,9606.ENSP00000356694,FASLG,5
8369,9606.ENSP00000356696,SUCO,35
8370,9606.ENSP00000356702,PIGC,66
8371,9606.ENSP00000356708,OLIG3,49
8372,9606.ENSP00000356713,IFNGR1,53
8373,9606.ENSP00000356723,FMO4,41
8374,9606.ENSP00000356729,FMO3,50
8375,9606.ENSP00000356737,GORAB,39
8376,9606.ENSP00000356746,SCYL3,55
8377,9606.ENSP00000356771,F5,56
8378,9606.ENSP00000356782,BLZF1,30
8379,9606.ENSP00000356785,NME7,54
8380,9606.ENSP00000356790,ATP1B1,46
8381,9606.ENSP00000356791,DPT,94
8382,9606.ENSP00000356792,XCL1,49
8383,9606.ENSP00000356793,XCL2,42
8384,9606.ENSP00000356795,TBX19,29
8385,9606.ENSP00000356807,TIPRL,65
8386,9606.ENSP00000356811,HBS1L,45
8387,9606.ENSP00000356814,DCAF6,28
8388,9606.ENSP00000356825,ADCY10,11
8389,9606.ENSP00000356828,RCSD1,6
8390,9606.ENSP00000356832,SGK1,6
8391,9606.ENSP00000356840,POU2F1,5
8392,9606.ENSP00000356842,GPA33,31
8393,9606.ENSP00000356846,MAEL,6
8394,9606.ENSP00000356848,TADA1,3
8395,9606.ENSP00000356853,UCK2,8
8396,9606.ENSP00000356857,TCF21,15
8397,9606.ENSP00000356864,MGST3,1
8398,9606.ENSP00000356899,DDR2,2
8399,9606.ENSP00000356905,VNN1,18
8400,9606.ENSP00000356906,SH2D1B,17
8401,9606.ENSP00000356912,SPATA46,3
8402,9606.ENSP00000356918,STX7,31
8403,9606.ENSP00000356919,ATF6,11
8404,9606.ENSP00000356920,DUSP12,4
8405,9606.ENSP00000356936,FCRLA,25
8406,9606.ENSP00000356940,MOXD1,6
8407,9606.ENSP00000356946,FCGR3A,13
8408,9606.ENSP00000356951,CFAP126,17
8409,9606.ENSP00000356953,SDHC,5
8410,9606.ENSP00000356954,CCN2,24
8411,9606.ENSP00000356959,NR1I3,4
8412,9606.ENSP00000356967,TOMM40L,14
8413,9606.ENSP00000356969,APOA2,22
8414,9606.ENSP00000356972,NDUFS2,26
8415,9606.ENSP00000356975,ADAMTS4,5
8416,9606.ENSP00000356978,PPOX,32
8417,9606.ENSP00000356981,USP21,10
8418,9606.ENSP00000356982,UFC1,17
8419,9606.ENSP00000356984,DEDD,8
8420,9606.ENSP00000356988,NIT1,31
8421,9606.ENSP00000356989,PFDN2,22
8422,9606.ENSP00000356991,NECTIN4,25
8423,9606.ENSP00000356992,ARHGAP30,30
8424,9606.ENSP00000357000,USF1,1
8425,9606.ENSP00000357005,F11R,45
8426,9606.ENSP00000357008,ITLN2,49
8427,9606.ENSP00000357012,CD244,24
8428,9606.ENSP00000357022,SLAMF7,21
8429,9606.ENSP00000357036,SLAMF6,11
8430,9606.ENSP00000357040,VANGL2,6
8431,9606.ENSP00000357047,MED23,6
8432,9606.ENSP00000357048,COPA,10
8433,9606.ENSP00000357051,PEX19,51
8434,9606.ENSP00000357052,DCAF8,6
8435,9606.ENSP00000357055,PEA15,12
8436,9606.ENSP00000357057,CASQ1,31
8437,9606.ENSP00000357060,ATP1A4,37
8438,9606.ENSP00000357065,IGSF8,25
8439,9606.ENSP00000357067,KCNJ9,11
8440,9606.ENSP00000357069,PIGM,5
8441,9606.ENSP00000357072,SLAMF9,16
8442,9606.ENSP00000357076,TAGLN2,13
8443,9606.ENSP00000357079,CFAP45,34
8444,9606.ENSP00000357097,FCER1A,7
8445,9606.ENSP00000357103,ACKR1,20
8446,9606.ENSP00000357106,CADM3,15
8447,9606.ENSP00000357110,EPB41L2,19
8448,9606.ENSP00000357112,AIM2,21
8449,9606.ENSP00000357113,IFI16,25
8450,9606.ENSP00000357118,L3MBTL3,21
8451,9606.ENSP00000357122,PYHIN1,7
8452,9606.ENSP00000357123,MNDA,3
8453,9606.ENSP00000357149,CD1E,15
8454,9606.ENSP00000357150,CD1B,11
8455,9606.ENSP00000357152,CD1C,9
8456,9606.ENSP00000357156,CD5L,6
8457,9606.ENSP00000357158,FCRL1,2
8458,9606.ENSP00000357169,FCRL3,5
8459,9606.ENSP00000357175,ETV3,6
8460,9606.ENSP00000357177,ARHGEF11,8
8461,9606.ENSP00000357178,INSRR,20
8462,9606.ENSP00000357189,HDGF,11
8463,9606.ENSP00000357206,NES,13
8464,9606.ENSP00000357218,NAXE,16
8465,9606.ENSP00000357255,BGLAP,15
8466,9606.ENSP00000357256,PMF1,9
8467,9606.ENSP00000357265,SEMA4A,14
8468,9606.ENSP00000357283,LMNA,3
8469,9606.ENSP00000357288,LAMTOR2,4
8470,9606.ENSP00000357292,UBQLN4,18
8471,9606.ENSP00000357297,RNF146,27
8472,9606.ENSP00000357301,RXFP4,3
8473,9606.ENSP00000357305,RIT1,11
8474,9606.ENSP00000357307,SYT11,5
8475,9606.ENSP00000357308,CENPW,7
8476,9606.ENSP00000357315,GON4L,16
8477,9606.ENSP00000357320,DAP3,33
8478,9606.ENSP00000357323,YY1AP1,36
8479,9606.ENSP00000357336,RUSC1,11
8480,9606.ENSP00000357342,HCN3,25
8481,9606.ENSP00000357345,CLK2,38
8482,9606.ENSP00000357348,HEY2,43
8483,9606.ENSP00000357360,MTX1,24
8484,9606.ENSP00000357362,THBS3,25
8485,9606.ENSP00000357384,DPM3,22
8486,9606.ENSP00000357392,EFNA1,27
8487,9606.ENSP00000357393,EFNA3,33
8488,9606.ENSP00000357402,NKAIN2,44
8489,9606.ENSP00000357409,DCST2,29
8490,9606.ENSP00000357425,SMPDL3A,32
8491,9606.ENSP00000357440,HSF2,37
8492,9606.ENSP00000357442,PYGO2,4
8493,9606.ENSP00000357452,PMVK,36
8494,9606.ENSP00000357453,MAN1A1,36
8495,9606.ENSP00000357459,ADAR,38
8496,9606.ENSP00000357461,CHRNB2,41
8497,9606.ENSP00000357470,IL6R,40
8498,9606.ENSP00000357480,NUS1,36
8499,9606.ENSP00000357484,GOPC,42
8500,9606.ENSP00000357494,ROS1,19
8501,9606.ENSP00000357507,C1orf43,16
8502,9606.ENSP00000357511,C1orf189,36
8503,9606.ENSP00000357535,ECHS1,22
8504,9606.ENSP00000357547,NUP210L,33
8505,9606.ENSP00000357552,KPNA5,29
8506,9606.ENSP00000357556,VENTX,62
8507,9606.ENSP00000357564,RAB13,41
8508,9606.ENSP00000357565,ZUP1,21
8509,9606.ENSP00000357581,NKX6-2,32
8510,9606.ENSP00000357583,INPP5A,30
8511,9606.ENSP00000357591,TRAPPC3L,39
8512,9606.ENSP00000357597,TSPYL1,25
8513,9606.ENSP00000357603,LRRC27,6
8514,9606.ENSP00000357612,SLC39A1,5
8515,9606.ENSP00000357622,CRTC2,14
8516,9606.ENSP00000357625,BNIP3,4
8517,9606.ENSP00000357631,TCERG1L,1
8518,9606.ENSP00000357633,GLRX3,21
8519,9606.ENSP00000357637,EBF3,4
8520,9606.ENSP00000357643,MKI67,8
8521,9606.ENSP00000357644,GATAD2B,17
8522,9606.ENSP00000357651,TUBE1,25
8523,9606.ENSP00000357655,CCN6,17
8524,9606.ENSP00000357660,CLRN3,21
8525,9606.ENSP00000357668,ADAM12,20
8526,9606.ENSP00000357669,NPR1,37
8527,9606.ENSP00000357674,SNAPIN,19
8528,9606.ENSP00000357679,CHTOP,4
8529,9606.ENSP00000357682,FANK1,17
8530,9606.ENSP00000357691,S100A14,41
8531,9606.ENSP00000357695,S100A16,66
8532,9606.ENSP00000357702,S100A3,38
8533,9606.ENSP00000357704,S100A4,32
8534,9606.ENSP00000357707,S100A5,1
8535,9606.ENSP00000357709,S100A6,19
8536,9606.ENSP00000357711,S100A7,1
8537,9606.ENSP00000357718,S100A7A,2
8538,9606.ENSP00000357721,S100A8,3
8539,9606.ENSP00000357726,S100A12,5
8540,9606.ENSP00000357727,S100A9,4
8541,9606.ENSP00000357731,LOR,10
8542,9606.ENSP00000357733,PRR9,8
8543,9606.ENSP00000357736,LELP1,9
8544,9606.ENSP00000357737,SPRR2G,25
8545,9606.ENSP00000357740,SPRR2E,12
8546,9606.ENSP00000357744,SPRR2B,10
8547,9606.ENSP00000357746,SPRR2D,23
8548,9606.ENSP00000357748,BCCIP,13
8549,9606.ENSP00000357751,SPRR1A,4
8550,9606.ENSP00000357753,IVL,12
8551,9606.ENSP00000357754,SMCP,9
8552,9606.ENSP00000357759,LCE1E,31
8553,9606.ENSP00000357764,C1orf68,14
8554,9606.ENSP00000357766,LCE4A,39
8555,9606.ENSP00000357768,LCE2A,6
8556,9606.ENSP00000357769,LCE2B,36
8557,9606.ENSP00000357772,LCE2C,25
8558,9606.ENSP00000357773,LCE2D,2
8559,9606.ENSP00000357776,LCE3D,2
8560,9606.ENSP00000357778,LCE3E,35
8561,9606.ENSP00000357779,CRCT1,20
8562,9606.ENSP00000357787,UROS,13
8563,9606.ENSP00000357789,FLG,18
8564,9606.ENSP00000357791,HRNR,18
8565,9606.ENSP00000357798,MMP21,11
8566,9606.ENSP00000357801,S100A10,25
8567,9606.ENSP00000357804,THEM4,15
8568,9606.ENSP00000357807,THEM5,8
8569,9606.ENSP00000357812,TDRKH,7
8570,9606.ENSP00000357823,MRPL9,39
8571,9606.ENSP00000357829,EEF1AKMT2,27
8572,9606.ENSP00000357835,LHPP,10
8573,9606.ENSP00000357838,OAT,18
8574,9606.ENSP00000357842,TUFT1,26
8575,9606.ENSP00000357844,SLC16A10,43
8576,9606.ENSP00000357858,BUB3,6
8577,9606.ENSP00000357863,GTF3C6,52
8578,9606.ENSP00000357869,PI4KB,25
8579,9606.ENSP00000357873,ACADSB,22
8580,9606.ENSP00000357876,PSMD4,12
8581,9606.ENSP00000357881,IKZF5,16
8582,9606.ENSP00000357883,PIP5K1A,9
8583,9606.ENSP00000357901,SCNM1,42
8584,9606.ENSP00000357905,DMBT1,6
8585,9606.ENSP00000357906,TNFAIP8L2,46
8586,9606.ENSP00000357907,CDK19,13
8587,9606.ENSP00000357909,SEMA6C,2
8588,9606.ENSP00000357914,GABPB2,1
8589,9606.ENSP00000357915,SLC22A16,52
8590,9606.ENSP00000357917,MLLT11,13
8591,9606.ENSP00000357927,BNIPL,13
8592,9606.ENSP00000357928,CDC40,17
8593,9606.ENSP00000357973,AFG1L,12
8594,9606.ENSP00000357979,NR2E1,35
8595,9606.ENSP00000357980,HTRA1,20
8596,9606.ENSP00000357981,CTSS,15
8597,9606.ENSP00000357986,PLEKHA1,59
8598,9606.ENSP00000357998,SEC63,13
8599,9606.ENSP00000358001,TACC2,39
8600,9606.ENSP00000358019,NSMCE4A,1
8601,9606.ENSP00000358022,MCL1,6
8602,9606.ENSP00000358033,PDSS2,3
8603,9606.ENSP00000358035,ADAMTSL4,5
8604,9606.ENSP00000358042,QRSL1,1
8605,9606.ENSP00000358045,ECM1,4
8606,9606.ENSP00000358059,RTN4IP1,32
8607,9606.ENSP00000358060,TARS2,56
8608,9606.ENSP00000358062,CRYBG1,22
8609,9606.ENSP00000358064,RPRD2,20
8610,9606.ENSP00000358071,SEC23IP,42
8611,9606.ENSP00000358072,ATG5,30
8612,9606.ENSP00000358081,BAG3,2
8613,9606.ENSP00000358089,TIAL1,7
8614,9606.ENSP00000358092,PRDM1,44
8615,9606.ENSP00000358099,RGS10,20
8616,9606.ENSP00000358105,APH1A,16
8617,9606.ENSP00000358107,CA14,13
8618,9606.ENSP00000358120,PLEKHO1,6
8619,9606.ENSP00000358140,EIF3A,6
8620,9606.ENSP00000358142,SV2A,2
8621,9606.ENSP00000358149,BOLA1,18
8622,9606.ENSP00000358151,H2BC21,17
8623,9606.ENSP00000358154,H3C14,19
8624,9606.ENSP00000358155,H2AC18,30
8625,9606.ENSP00000358159,ASCC3,18
8626,9606.ENSP00000358160,H3C10,11
8627,9606.ENSP00000358165,FCGR1A,2
8628,9606.ENSP00000358200,RAB11FIP2,5
8629,9606.ENSP00000358207,VAX1,9
8630,9606.ENSP00000358210,SIM1,23
8631,9606.ENSP00000358223,PNLIP,6
8632,9606.ENSP00000358232,PNLIPRP3,16
8633,9606.ENSP00000358233,GPR89B,16
8634,9606.ENSP00000358238,GJA8,23
8635,9606.ENSP00000358247,FBXL4,43
8636,9606.ENSP00000358251,FAM160B1,60
8637,9606.ENSP00000358262,CHD1L,24
8638,9606.ENSP00000358272,NDUFAF4,7
8639,9606.ENSP00000358283,UFL1,30
8640,9606.ENSP00000358294,CD160,20
8641,9606.ENSP00000358301,ADRB1,1
8642,9606.ENSP00000358309,EPHA7,17
8643,9606.ENSP00000358310,ITGA10,17
8644,9606.ENSP00000358312,PEX11B,15
8645,9606.ENSP00000358316,PLEKHS1,14
8646,9606.ENSP00000358320,POLR3GL,17
8647,9606.ENSP00000358327,CASP7,13
8648,9606.ENSP00000358335,MAP3K7,28
8649,9606.ENSP00000358363,PDE4DIP,18
8650,9606.ENSP00000358365,NRAP,18
8651,9606.ENSP00000358374,SCAF11,2
8652,9606.ENSP00000358391,FCGR1B,26
8653,9606.ENSP00000358400,MDN1,22
8654,9606.ENSP00000358407,ADAM30,22
8655,9606.ENSP00000358413,ZDHHC6,14
8656,9606.ENSP00000358414,HMGCS2,37
8657,9606.ENSP00000358421,HSD3B1,1
8658,9606.ENSP00000358423,RRAGD,44
8659,9606.ENSP00000358437,TBX15,19
8660,9606.ENSP00000358451,GDAP2,25
8661,9606.ENSP00000358458,TENT5C,31
8662,9606.ENSP00000358460,CLIC2,5
8663,9606.ENSP00000358464,SHOC2,48
8664,9606.ENSP00000358466,RAB39B,7
8665,9606.ENSP00000358470,VTCN1,40
8666,9606.ENSP00000358474,BRCC3,29
8667,9606.ENSP00000358478,TTF2,8
8668,9606.ENSP00000358482,CD101,52
8669,9606.ENSP00000358488,MTCP1,10
8670,9606.ENSP00000358490,CD2,18
8671,9606.ENSP00000358495,IGSF3,43
8672,9606.ENSP00000358496,CMC4,40
8673,9606.ENSP00000358497,RNGTT,41
8674,9606.ENSP00000358501,CD58,17
8675,9606.ENSP00000358513,CNR1,22
8676,9606.ENSP00000358518,F8A2,4
8677,9606.ENSP00000358519,NHLH2,2
8678,9606.ENSP00000358525,NGF,7
8679,9606.ENSP00000358529,TSPAN2,10
8680,9606.ENSP00000358532,RBM20,15
8681,9606.ENSP00000358535,SYCP1,40
8682,9606.ENSP00000358541,SIKE1,1
8683,9606.ENSP00000358547,MPP1,7
8684,9606.ENSP00000358548,NRAS,9
8685,9606.ENSP00000358549,RARS2,10
8686,9606.ENSP00000358554,BCAS2,10
8687,9606.ENSP00000358563,DKC1,12
8688,9606.ENSP00000358565,SLC35A1,1
8689,9606.ENSP00000358575,CFAP206,2
8690,9606.ENSP00000358582,AP4B1,22
8691,9606.ENSP00000358590,ZNF292,26
8692,9606.ENSP00000358596,DUSP5,6
8693,9606.ENSP00000358616,SMNDC1,22
8694,9606.ENSP00000358617,PHTF1,18
8695,9606.ENSP00000358635,SYNCRIP,8
8696,9606.ENSP00000358674,UBL4A,19
8697,9606.ENSP00000358677,TBX18,32
8698,9606.ENSP00000358695,CYB5R4,12
8699,9606.ENSP00000358696,PLXNA3,18
8700,9606.ENSP00000358698,WNT2B,27
8701,9606.ENSP00000358703,RIPPLY2,42
8702,9606.ENSP00000358715,SORCS3,30
8703,9606.ENSP00000358716,DDX20,2
8704,9606.ENSP00000358719,ME1,5
8705,9606.ENSP00000358723,RAP1A,9
8706,9606.ENSP00000358727,GSTO1,8
8707,9606.ENSP00000358730,TMIGD3,1
8708,9606.ENSP00000358737,ATP5PB,2
8709,9606.ENSP00000358742,SFR1,3
8710,9606.ENSP00000358747,OVGP1,24
8711,9606.ENSP00000358753,PIFO,11
8712,9606.ENSP00000358755,CHIA,8
8713,9606.ENSP00000358762,UBE3D,16
8714,9606.ENSP00000358765,TPBG,8
8715,9606.ENSP00000358770,SLK,8
8716,9606.ENSP00000358777,ATP6AP1,31
8717,9606.ENSP00000358778,LRIF1,17
8718,9606.ENSP00000358783,NPBWR2,33
8719,9606.ENSP00000358784,KCNA3,19
8720,9606.ENSP00000358786,KCNA10,11
8721,9606.ENSP00000358794,SLC16A4,9
8722,9606.ENSP00000358795,NEURL1,17
8723,9606.ENSP00000358798,CALHM3,27
8724,9606.ENSP00000358799,RBM15,14
8725,9606.ENSP00000358802,KCNC4,33
8726,9606.ENSP00000358810,STRIP1,24
8727,9606.ENSP00000358812,PDCD11,35
8728,9606.ENSP00000358813,TTK,72
8729,9606.ENSP00000358814,AHCYL1,32
8730,9606.ENSP00000358815,NEURL1B,9
8731,9606.ENSP00000358831,ELOVL4,11
8732,9606.ENSP00000358840,ATP5MD,13
8733,9606.ENSP00000358851,GSTM4,13
8734,9606.ENSP00000358854,TAF5,43
8735,9606.ENSP00000358857,EMD,5
8736,9606.ENSP00000358862,PCGF6,13
8737,9606.ENSP00000358865,INA,2
8738,9606.ENSP00000358866,FLNA,34
8739,9606.ENSP00000358867,GNAI3,4
8740,9606.ENSP00000358880,AMIGO1,10
8741,9606.ENSP00000358886,ATXN7L2,11
8742,9606.ENSP00000358888,SYPL2,6
8743,9606.ENSP00000358894,CNNM2,2
8744,9606.ENSP00000358896,AS3MT,5
8745,9606.ENSP00000358903,CYP17A1,18
8746,9606.ENSP00000358904,ZNF512B,1
8747,9606.ENSP00000358918,SUFU,5
8748,9606.ENSP00000358921,ACTR1A,11
8749,9606.ENSP00000358925,PSRC1,17
8750,9606.ENSP00000358931,TKTL1,40
8751,9606.ENSP00000358939,SARS1,12
8752,9606.ENSP00000358953,CUEDC2,4
8753,9606.ENSP00000358955,KIAA1324,36
8754,9606.ENSP00000358963,HTR1B,32
8755,9606.ENSP00000358965,C1orf194,23
8756,9606.ENSP00000358966,IMPG1,1
8757,9606.ENSP00000358967,OPN1LW,19
8758,9606.ENSP00000358983,NFKB2,17
8759,9606.ENSP00000358994,MYO6,1
8760,9606.ENSP00000358997,IRAK1,13
8761,9606.ENSP00000358999,TMEM187,13
8762,9606.ENSP00000359000,GBF1,38
8763,9606.ENSP00000359013,TNFRSF6B,40
8764,9606.ENSP00000359018,AKNAD1,13
8765,9606.ENSP00000359019,PITX3,5
8766,9606.ENSP00000359022,ELOVL3,10
8767,9606.ENSP00000359025,STXBP3,10
8768,9606.ENSP00000359042,PRPF38B,3
8769,9606.ENSP00000359045,ARHGAP4,28
8770,9606.ENSP00000359049,HENMT1,25
8771,9606.ENSP00000359050,ARMH3,26
8772,9606.ENSP00000359073,VAV3,4
8773,9606.ENSP00000359077,L1CAM,28
8774,9606.ENSP00000359085,NTNG1,20
8775,9606.ENSP00000359095,PRMT6,16
8776,9606.ENSP00000359096,AMY1C,32
8777,9606.ENSP00000359098,COX7A2,11
8778,9606.ENSP00000359100,AMY1A,27
8779,9606.ENSP00000359114,COL11A1,64
8780,9606.ENSP00000359119,SRPK3,14
8781,9606.ENSP00000359127,DPH5,13
8782,9606.ENSP00000359128,NPM3,12
8783,9606.ENSP00000359131,EXTL2,66
8784,9606.ENSP00000359151,DBT,31
8785,9606.ENSP00000359170,DPCD,25
8786,9606.ENSP00000359172,SLC35A3,28
8787,9606.ENSP00000359181,POLL,56
8788,9606.ENSP00000359204,PLPPR4,31
8789,9606.ENSP00000359206,BTRC,46
8790,9606.ENSP00000359211,DPYD,38
8791,9606.ENSP00000359212,LBX1,64
8792,9606.ENSP00000359215,TLX1,79
8793,9606.ENSP00000359216,PTBP2,32
8794,9606.ENSP00000359221,RWDD3,28
8795,9606.ENSP00000359224,ALG14,23
8796,9606.ENSP00000359225,CNN3,29
8797,9606.ENSP00000359230,HAUS7,16
8798,9606.ENSP00000359233,ABCD3,63
8799,9606.ENSP00000359240,LZTS2,17
8800,9606.ENSP00000359245,ABCA4,20
8801,9606.ENSP00000359258,GCLM,20
8802,9606.ENSP00000359285,CHRNA4,35
8803,9606.ENSP00000359292,SLF2,35
8804,9606.ENSP00000359295,DR1,40
8805,9606.ENSP00000359297,NSDHL,191
8806,9606.ENSP00000359300,CETN2,21
8807,9606.ENSP00000359305,TMED5,25
8808,9606.ENSP00000359310,CSAG1,42
8809,9606.ENSP00000359319,PAX2,27
8810,9606.ENSP00000359321,MTF2,43
8811,9606.ENSP00000359337,GABRA3,20
8812,9606.ENSP00000359339,CGAS,13
8813,9606.ENSP00000359340,NKAIN4,11
8814,9606.ENSP00000359345,RPL5,32
8815,9606.ENSP00000359353,GABRE,46
8816,9606.ENSP00000359361,DDX43,29
8817,9606.ENSP00000359364,YTHDF1,42
8818,9606.ENSP00000359370,SEC31B,20
8819,9606.ENSP00000359375,FATE1,25
8820,9606.ENSP00000359380,SCD,20
8821,9606.ENSP00000359382,PASD1,28
8822,9606.ENSP00000359384,OOEP,31
8823,9606.ENSP00000359385,GLMN,7
8824,9606.ENSP00000359386,VMA21,8
8825,9606.ENSP00000359392,KHDC3L,8
8826,9606.ENSP00000359396,DPPA5,7
8827,9606.ENSP00000359398,BLOC1S2,8
8828,9606.ENSP00000359401,C1orf146,31
8829,9606.ENSP00000359411,KHDC1,6
8830,9606.ENSP00000359415,KHDC1L,8
8831,9606.ENSP00000359423,MTM1,25
8832,9606.ENSP00000359424,CHUK,22
8833,9606.ENSP00000359434,CXorf40B,9
8834,9606.ENSP00000359446,CPN1,23
8835,9606.ENSP00000359454,HFM1,33
8836,9606.ENSP00000359469,ZNF644,12
8837,9606.ENSP00000359483,LRRC8C,35
8838,9606.ENSP00000359484,SMAP1,4
8839,9606.ENSP00000359488,GBP5,2
8840,9606.ENSP00000359489,AFF2,4
8841,9606.ENSP00000359490,GBP4,9
8842,9606.ENSP00000359497,GBP2,5
8843,9606.ENSP00000359504,GBP1,10
8844,9606.ENSP00000359505,SDHAF4,73
8845,9606.ENSP00000359506,FMR1,17
8846,9606.ENSP00000359507,CUTC,8
8847,9606.ENSP00000359512,GBP3,11
8848,9606.ENSP00000359518,MRGBP,50
8849,9606.ENSP00000359526,SLC25A28,63
8850,9606.ENSP00000359531,GTF2B,39
8851,9606.ENSP00000359532,NTSR1,22
8852,9606.ENSP00000359534,SPANXN3,7
8853,9606.ENSP00000359539,GOT1,15
8854,9606.ENSP00000359540,CREG1,4
8855,9606.ENSP00000359549,SPANXA2,48
8856,9606.ENSP00000359550,SPANXA1,21
8857,9606.ENSP00000359552,PKN2,2
8858,9606.ENSP00000359557,LDOC1,12
8859,9606.ENSP00000359563,CDR1,7
8860,9606.ENSP00000359567,SOX3,7
8861,9606.ENSP00000359571,CXorf66,22
8862,9606.ENSP00000359575,LMO4,2
8863,9606.ENSP00000359579,HS2ST1-2,12
8864,9606.ENSP00000359581,HS2ST1,15
8865,9606.ENSP00000359583,HPSE2,12
8866,9606.ENSP00000359594,CLCA4,12
8867,9606.ENSP00000359596,CLCA2,15
8868,9606.ENSP00000359603,COL24A1,49
8869,9606.ENSP00000359606,ZNHIT6,16
8870,9606.ENSP00000359607,PYROXD2,12
8871,9606.ENSP00000359621,MCOLN3,3
8872,9606.ENSP00000359629,CRTAC1,6
8873,9606.ENSP00000359630,ADGRB3,23
8874,9606.ENSP00000359634,GOLGA7B,5
8875,9606.ENSP00000359640,MCOLN2,27
8876,9606.ENSP00000359643,LPAR3,5
8877,9606.ENSP00000359645,RBMX,30
8878,9606.ENSP00000359655,EYS,2
8879,9606.ENSP00000359663,CD40LG,4
8880,9606.ENSP00000359664,CTBS,9
8881,9606.ENSP00000359665,PI4K2A,16
8882,9606.ENSP00000359668,VGLL1,4
8883,9606.ENSP00000359675,GNG5,4
8884,9606.ENSP00000359680,HOGA1,3
8885,9606.ENSP00000359682,BRS3,5
8886,9606.ENSP00000359688,RPF1,9
8887,9606.ENSP00000359691,LGSN,6
8888,9606.ENSP00000359693,FKBP1C,7
8889,9606.ENSP00000359698,UBTD1,4
8890,9606.ENSP00000359699,DNASE2B,1
8891,9606.ENSP00000359719,PRKACB,14
8892,9606.ENSP00000359727,BAG2,19
8893,9606.ENSP00000359729,SLC9A6,7
8894,9606.ENSP00000359740,ZNF451,30
8895,9606.ENSP00000359765,ADGRL2,35
8896,9606.ENSP00000359778,ADGRL4,2
8897,9606.ENSP00000359782,BEND6,19
8898,9606.ENSP00000359783,IFI44,22
8899,9606.ENSP00000359787,IFI44L,19
8900,9606.ENSP00000359793,PTGFR,23
8901,9606.ENSP00000359795,GIPC2,41
8902,9606.ENSP00000359799,DNAJB4,8
8903,9606.ENSP00000359802,ZNF75D,2
8904,9606.ENSP00000359804,FUBP1,19
8905,9606.ENSP00000359818,MMS19,3
8906,9606.ENSP00000359819,MOSPD1,27
8907,9606.ENSP00000359829,USP33,2
8908,9606.ENSP00000359837,ZZZ3,10
8909,9606.ENSP00000359848,PIGK,15
8910,9606.ENSP00000359859,MTG2,24
8911,9606.ENSP00000359864,GPC4,6
8912,9606.ENSP00000359866,BMP5,10
8913,9606.ENSP00000359871,ACADM,11
8914,9606.ENSP00000359890,MBNL3,28
8915,9606.ENSP00000359904,TYW3,22
8916,9606.ENSP00000359910,PSMA7,15
8917,9606.ENSP00000359911,RAP2C,20
8918,9606.ENSP00000359925,LRRC1,24
8919,9606.ENSP00000359935,FPGT,23
8920,9606.ENSP00000359939,EXOSC1,21
8921,9606.ENSP00000359940,IGSF1,28
8922,9606.ENSP00000359942,KLHL31,24
8923,9606.ENSP00000359956,ELOVL5,32
8924,9606.ENSP00000359958,ZRANB2,9
8925,9606.ENSP00000359976,CTH,12
8926,9606.ENSP00000359978,HHLA3,62
8927,9606.ENSP00000359988,SRSF11,11
8928,9606.ENSP00000359990,LRRC40,9
8929,9606.ENSP00000359991,PGAM1,5
8930,9606.ENSP00000360002,GSTA4,20
8931,9606.ENSP00000360020,DIRAS3,12
8932,9606.ENSP00000360021,GNG12,4
8933,9606.ENSP00000360025,GADD45A,4
8934,9606.ENSP00000360028,GSTA5,19
8935,9606.ENSP00000360034,SERBP1,2
8936,9606.ENSP00000360035,PPP1R3D,1
8937,9606.ENSP00000360054,PHACTR3,14
8938,9606.ENSP00000360058,FRAT2,17
8939,9606.ENSP00000360060,FRAT1,21
8940,9606.ENSP00000360065,WDR78,6
8941,9606.ENSP00000360076,SGIP1,10
8942,9606.ENSP00000360107,EFHC1,15
8943,9606.ENSP00000360108,DNAJC6,2
8944,9606.ENSP00000360112,RAVER2,4
8945,9606.ENSP00000360116,UBE2U,35
8946,9606.ENSP00000360120,ROR1,20
8947,9606.ENSP00000360124,PGM1,8
8948,9606.ENSP00000360129,EFCAB7,15
8949,9606.ENSP00000360133,ITGB3BP,2
8950,9606.ENSP00000360141,GNAS,15
8951,9606.ENSP00000360147,XPNPEP2,21
8952,9606.ENSP00000360154,OCRL,11
8953,9606.ENSP00000360157,FOXD3,8
8954,9606.ENSP00000360158,PKHD1,3
8955,9606.ENSP00000360162,SMARCA1,3
8956,9606.ENSP00000360167,DCAF12L1,34
8957,9606.ENSP00000360170,ANGPTL3,8
8958,9606.ENSP00000360181,SH2D1A,12
8959,9606.ENSP00000360183,STX16,30
8960,9606.ENSP00000360190,DEFB110,40
8961,9606.ENSP00000360195,KANK4,12
8962,9606.ENSP00000360210,C20orf85,28
8963,9606.ENSP00000360214,OPALIN,20
8964,9606.ENSP00000360215,ZBP1,13
8965,9606.ENSP00000360216,DNTT,9
8966,9606.ENSP00000360217,RHAG,3
8967,9606.ENSP00000360231,NFIA,9
8968,9606.ENSP00000360242,XIAP,2
8969,9606.ENSP00000360247,CYP2J2,9
8970,9606.ENSP00000360250,ENTPD1,21
8971,9606.ENSP00000360252,HOOK1,9
8972,9606.ENSP00000360255,OPN5,49
8973,9606.ENSP00000360262,FGGY,38
8974,9606.ENSP00000360266,JUN,48
8975,9606.ENSP00000360268,ALDH18A1,36
8976,9606.ENSP00000360269,TACSTD2,26
8977,9606.ENSP00000360270,OMA1,37
8978,9606.ENSP00000360280,DAB1,3
8979,9606.ENSP00000360281,C8B,1
8980,9606.ENSP00000360290,PRKAA2,16
8981,9606.ENSP00000360293,SORBS1,6
8982,9606.ENSP00000360296,PLPP3,27
8983,9606.ENSP00000360299,ADGRF1,13
8984,9606.ENSP00000360305,PDLIM1,34
8985,9606.ENSP00000360310,SPO11,19
8986,9606.ENSP00000360316,DHCR24,11
8987,9606.ENSP00000360317,CYP2C8,3
8988,9606.ENSP00000360327,PARS2,4
8989,9606.ENSP00000360329,TTC4,12
8990,9606.ENSP00000360360,CT47B1,8
8991,9606.ENSP00000360365,MCTS1,1
8992,9606.ENSP00000360366,ACOT11,6
8993,9606.ENSP00000360371,SSBP3,6
8994,9606.ENSP00000360372,CYP2C19,6
8995,9606.ENSP00000360411,LDLRAD1,11
8996,9606.ENSP00000360412,NOC3L,10
8997,9606.ENSP00000360423,CACNA1B,11
8998,9606.ENSP00000360425,RCAN2,9
8999,9606.ENSP00000360431,PLCE1,24
9000,9606.ENSP00000360441,RHOXF2,9
9001,9606.ENSP00000360464,NKAP,3
9002,9606.ENSP00000360472,LGI1,10
9003,9606.ENSP00000360473,PFDN4,10
9004,9606.ENSP00000360475,ARRDC1,9
9005,9606.ENSP00000360483,NDC1,22
9006,9606.ENSP00000360485,AKAP14,9
9007,9606.ENSP00000360488,FRA10AC1,10
9008,9606.ENSP00000360492,NDUFA1,20
9009,9606.ENSP00000360493,RUNX2,3
9010,9606.ENSP00000360497,RNF113A,9
9011,9606.ENSP00000360498,MRPL41,7
9012,9606.ENSP00000360500,DMRTB1,10
9013,9606.ENSP00000360502,PDE6C,4
9014,9606.ENSP00000360515,SUPT3H,21
9015,9606.ENSP00000360522,RBP4,9
9016,9606.ENSP00000360525,MAGOH,9
9017,9606.ENSP00000360526,ZNF217,12
9018,9606.ENSP00000360530,NSMF,9
9019,9606.ENSP00000360532,CDC5L,10
9020,9606.ENSP00000360538,FFAR4,7
9021,9606.ENSP00000360540,CEP55,9
9022,9606.ENSP00000360541,CPT2,37
9023,9606.ENSP00000360560,TCTE1,10
9024,9606.ENSP00000360561,ENTPD8,12
9025,9606.ENSP00000360569,SCP2,2
9026,9606.ENSP00000360576,NDOR1,11
9027,9606.ENSP00000360577,ECHDC2,9
9028,9606.ENSP00000360583,ZYG11A,14
9029,9606.ENSP00000360593,COA7,11
9030,9606.ENSP00000360597,LRRC26,11
9031,9606.ENSP00000360608,GRIN1,12
9032,9606.ENSP00000360609,HSP90AB1,12
9033,9606.ENSP00000360613,UBE2A,2
9034,9606.ENSP00000360623,ORC1,7
9035,9606.ENSP00000360626,KCNG1,2
9036,9606.ENSP00000360635,DPP7,7
9037,9606.ENSP00000360638,DPM1,3
9038,9606.ENSP00000360642,CC2D1B,2
9039,9606.ENSP00000360645,MAN1B1,12
9040,9606.ENSP00000360660,NPDC1,14
9041,9606.ENSP00000360662,ADNP,3
9042,9606.ENSP00000360664,BTF3L4,8
9043,9606.ENSP00000360671,SLC25A5,9
9044,9606.ENSP00000360672,PARD6B,5
9045,9606.ENSP00000360676,KTI12,17
9046,9606.ENSP00000360682,PAXX,26
9047,9606.ENSP00000360683,PTPN1,2
9048,9606.ENSP00000360687,PTGDS,11
9049,9606.ENSP00000360688,TXNDC12,9
9050,9606.ENSP00000360689,TNKS2,10
9051,9606.ENSP00000360696,LCN12,7
9052,9606.ENSP00000360697,C8G,2
9053,9606.ENSP00000360715,TMEM189,5
9054,9606.ENSP00000360718,RAB3B,18
9055,9606.ENSP00000360727,RABL6,4
9056,9606.ENSP00000360730,IL13RA1,2
9057,9606.ENSP00000360761,AGPAT2,21
9058,9606.ENSP00000360762,ANKRD1,5
9059,9606.ENSP00000360764,EGFL7,6
9060,9606.ENSP00000360776,B4GALT5,12
9061,9606.ENSP00000360777,INPP5E,6
9062,9606.ENSP00000360782,PMPCA,10
9063,9606.ENSP00000360793,KIF20B,26
9064,9606.ENSP00000360797,CARD9,6
9065,9606.ENSP00000360798,EPS15,28
9066,9606.ENSP00000360803,DNLZ,10
9067,9606.ENSP00000360806,KCNB1,14
9068,9606.ENSP00000360811,LHX3,18
9069,9606.ENSP00000360821,UBAC1,17
9070,9606.ENSP00000360822,KCNT1,50
9071,9606.ENSP00000360829,GLT6D1,26
9072,9606.ENSP00000360850,MRPS2,10
9073,9606.ENSP00000360858,OLFM1,16
9074,9606.ENSP00000360860,IFIT5,2
9075,9606.ENSP00000360869,IFIT1,1
9076,9606.ENSP00000360871,FCN1,21
9077,9606.ENSP00000360874,IFIT1B,8
9078,9606.ENSP00000360876,IFIT3,4
9079,9606.ENSP00000360882,COL5A1,30
9080,9606.ENSP00000360899,BEND5,6
9081,9606.ENSP00000360905,AGBL4,5
9082,9606.ENSP00000360913,SPATA6,6
9083,9606.ENSP00000360916,VAV2,7
9084,9606.ENSP00000360918,CH25H,52
9085,9606.ENSP00000360922,STAU1,18
9086,9606.ENSP00000360938,SARDH,7
9087,9606.ENSP00000360939,CMPK1,3
9088,9606.ENSP00000360944,STIL,2
9089,9606.ENSP00000360958,CYP4A22,8
9090,9606.ENSP00000360966,SLC2A6,14
9091,9606.ENSP00000360968,CYP4X1,16
9092,9606.ENSP00000360973,AGTR2,32
9093,9606.ENSP00000360985,ARFGEF2,9
9094,9606.ENSP00000360988,LUZP4,12
9095,9606.ENSP00000360992,STAMBPL1,21
9096,9606.ENSP00000360997,ADAMTS13,7
9097,9606.ENSP00000360998,ANKRD22,14
9098,9606.ENSP00000361004,IL13RA2,15
9099,9606.ENSP00000361009,PREX1,10
9100,9606.ENSP00000361010,REXO4,19
9101,9606.ENSP00000361021,PTEN,20
9102,9606.ENSP00000361027,AMOT,34
9103,9606.ENSP00000361032,SURF2,29
9104,9606.ENSP00000361042,SURF1,13
9105,9606.ENSP00000361043,RAD54L,29
9106,9606.ENSP00000361048,LURAP1,19
9107,9606.ENSP00000361057,SURF4,8
9108,9606.ENSP00000361060,POMGNT1,17
9109,9606.ENSP00000361064,MINPP1,11
9110,9606.ENSP00000361066,NCOA3,13
9111,9606.ENSP00000361072,TSPAN1,13
9112,9606.ENSP00000361076,RPL7A,16
9113,9606.ENSP00000361083,ADIRF,16
9114,9606.ENSP00000361084,MRPL14,12
9115,9606.ENSP00000361087,SNCG,11
9116,9606.ENSP00000361092,SURF6,15
9117,9606.ENSP00000361095,TMEM69,15
9118,9606.ENSP00000361097,MMRN2,6
9119,9606.ENSP00000361107,BMPR1A,2
9120,9606.ENSP00000361110,GBGT1,13
9121,9606.ENSP00000361120,RALGDS,4
9122,9606.ENSP00000361140,AKR1A1,2
9123,9606.ENSP00000361141,OPN4,6
9124,9606.ENSP00000361160,CCSER2,2
9125,9606.ENSP00000361162,TOE1,40
9126,9606.ENSP00000361173,KCNE5,42
9127,9606.ENSP00000361180,GTF3C5,10
9128,9606.ENSP00000361186,TP53RK,21
9129,9606.ENSP00000361202,IRS4,13
9130,9606.ENSP00000361206,MRPS18A,15
9131,9606.ENSP00000361207,GHITM,29
9132,9606.ENSP00000361209,SPACA9,21
9133,9606.ENSP00000361214,NRG3,19
9134,9606.ENSP00000361219,GTF3C4,5
9135,9606.ENSP00000361231,TSPAN14,31
9136,9606.ENSP00000361232,DDX31,2
9137,9606.ENSP00000361238,RSPH9,26
9138,9606.ENSP00000361264,RAPGEF1,14
9139,9606.ENSP00000361266,PTCH2,36
9140,9606.ENSP00000361272,DYDC2,26
9141,9606.ENSP00000361275,PLK3,20
9142,9606.ENSP00000361278,DYDC1,15
9143,9606.ENSP00000361285,UCK1,53
9144,9606.ENSP00000361287,MAT1A,5
9145,9606.ENSP00000361298,KIF2C,36
9146,9606.ENSP00000361302,POMT1,51
9147,9606.ENSP00000361306,ATG4A,43
9148,9606.ENSP00000361310,POLH,31
9149,9606.ENSP00000361331,ERI3,25
9150,9606.ENSP00000361337,PLAC9,22
9151,9606.ENSP00000361355,TMEM254,10
9152,9606.ENSP00000361359,CD40,10
9153,9606.ENSP00000361363,DMAP1,16
9154,9606.ENSP00000361366,SFTPD,19
9155,9606.ENSP00000361373,KLF17,1
9156,9606.ENSP00000361400,SFTPA2,2
9157,9606.ENSP00000361405,MMP9,2
9158,9606.ENSP00000361418,IPO13,2
9159,9606.ENSP00000361423,ABL1,43
9160,9606.ENSP00000361433,EXOSC2,26
9161,9606.ENSP00000361446,POLR3A,2
9162,9606.ENSP00000361458,TSC22D3,13
9163,9606.ENSP00000361467,DLG5,2
9164,9606.ENSP00000361471,ASS1,12
9165,9606.ENSP00000361473,KDM4A,3
9166,9606.ENSP00000361475,NCS1,3
9167,9606.ENSP00000361483,GPR107,49
9168,9606.ENSP00000361499,YIPF3,2
9169,9606.ENSP00000361512,PRPS1,5
9170,9606.ENSP00000361522,TJAP1,2
9171,9606.ENSP00000361524,C9orf78,5
9172,9606.ENSP00000361540,CDC20,3
9173,9606.ENSP00000361544,NUP62CL,2
9174,9606.ENSP00000361547,PRRX2,8
9175,9606.ENSP00000361548,MPL,2
9176,9606.ENSP00000361554,TIE1,4
9177,9606.ENSP00000361557,RBM41,11
9178,9606.ENSP00000361562,CTSA,10
9179,9606.ENSP00000361595,ERMAP,6
9180,9606.ENSP00000361599,SVBP,13
9181,9606.ENSP00000361603,C1orf50,4
9182,9606.ENSP00000361625,DOLPP1,2
9183,9606.ENSP00000361626,YBX1,2
9184,9606.ENSP00000361628,RADX,19
9185,9606.ENSP00000361634,SH3GLB2,2
9186,9606.ENSP00000361635,VDAC2,3
9187,9606.ENSP00000361636,TNNC2,6
9188,9606.ENSP00000361642,PPCS,2
9189,9606.ENSP00000361658,NUP188,3
9190,9606.ENSP00000361662,GUCA2B,14
9191,9606.ENSP00000361663,IL1RAPL2,11
9192,9606.ENSP00000361664,HIVEP3,25
9193,9606.ENSP00000361666,SLC22A7,6
9194,9606.ENSP00000361667,DOLK,39
9195,9606.ENSP00000361668,EDN2,14
9196,9606.ENSP00000361669,ESX1,23
9197,9606.ENSP00000361700,GLRA4,5
9198,9606.ENSP00000361705,DNTTIP1,15
9199,9606.ENSP00000361708,TCEAL1,3
9200,9606.ENSP00000361711,TCEAL3,1
9201,9606.ENSP00000361712,TCEAL4,20
9202,9606.ENSP00000361716,RAB40A,41
9203,9606.ENSP00000361721,CITED4,44
9204,9606.ENSP00000361725,ENDOG,37
9205,9606.ENSP00000361728,BEX3,37
9206,9606.ENSP00000361731,TBC1D13,38
9207,9606.ENSP00000361735,WFDC8,21
9208,9606.ENSP00000361746,EPPIN,57
9209,9606.ENSP00000361755,WFDC6,36
9210,9606.ENSP00000361777,SET,29
9211,9606.ENSP00000361800,WDR34,12
9212,9606.ENSP00000361803,SMAP2,42
9213,9606.ENSP00000361813,BEX1,42
9214,9606.ENSP00000361818,SDC4,40
9215,9606.ENSP00000361834,COL9A2,45
9216,9606.ENSP00000361842,MATN4,39
9217,9606.ENSP00000361845,ZMPSTE24,1
9218,9606.ENSP00000361850,PLAU,8
9219,9606.ENSP00000361855,SEMG2,1
9220,9606.ENSP00000361857,RLF,3
9221,9606.ENSP00000361860,TCEAL6,13
9222,9606.ENSP00000361866,TCEAL2,22
9223,9606.ENSP00000361867,SEMG1,34
9224,9606.ENSP00000361871,WFDC12,9
9225,9606.ENSP00000361875,WFDC5,29
9226,9606.ENSP00000361883,CAP1,5
9227,9606.ENSP00000361892,STK4,6
9228,9606.ENSP00000361894,GNMT,12
9229,9606.ENSP00000361895,MFSD2A,19
9230,9606.ENSP00000361900,TOMM34,3
9231,9606.ENSP00000361914,OXCT2,7
9232,9606.ENSP00000361915,BMP8B,13
9233,9606.ENSP00000361918,PPIE,24
9234,9606.ENSP00000361923,CHCHD1,6
9235,9606.ENSP00000361926,CNPY3,7
9236,9606.ENSP00000361927,HNRNPH2,33
9237,9606.ENSP00000361930,YWHAB,60
9238,9606.ENSP00000361932,FUT11,2
9239,9606.ENSP00000361943,HEYL,20
9240,9606.ENSP00000361949,PABPC4,3
9241,9606.ENSP00000361952,KCNK15,46
9242,9606.ENSP00000361959,CCN5,20
9243,9606.ENSP00000361965,ADA,30
9244,9606.ENSP00000361967,TBCC,14
9245,9606.ENSP00000361980,PKIG,29
9246,9606.ENSP00000361982,TRUB2,14
9247,9606.ENSP00000361990,UBR2,2
9248,9606.ENSP00000361993,TIMM8A,27
9249,9606.ENSP00000361998,TAF7L,4
9250,9606.ENSP00000362010,ANXA7,1
9251,9606.ENSP00000362014,DNM1,20
9252,9606.ENSP00000362018,CENPI,15
9253,9606.ENSP00000362027,TRMT2B,17
9254,9606.ENSP00000362036,MRPS16,18
9255,9606.ENSP00000362041,DNAJC9,13
9256,9606.ENSP00000362047,XKRX,9
9257,9606.ENSP00000362049,GUCA1A-2,47
9258,9606.ENSP00000362057,NOX1,10
9259,9606.ENSP00000362058,NDUFS5,11
9260,9606.ENSP00000362068,TAF8,7
9261,9606.ENSP00000362071,JPH2,3
9262,9606.ENSP00000362080,SYTL4,15
9263,9606.ENSP00000362082,CCND3,4
9264,9606.ENSP00000362085,C9orf16,4
9265,9606.ENSP00000362092,RRAGC,17
9266,9606.ENSP00000362095,SRPX2,1
9267,9606.ENSP00000362103,POU3F1,4
9268,9606.ENSP00000362105,UTP11,30
9269,9606.ENSP00000362107,FHL3,27
9270,9606.ENSP00000362108,LCN2,8
9271,9606.ENSP00000362109,FRS3,29
9272,9606.ENSP00000362110,SF3A3,3
9273,9606.ENSP00000362111,TSPAN6,4
9274,9606.ENSP00000362115,INPP5B,9
9275,9606.ENSP00000362116,PGC,21
9276,9606.ENSP00000362121,IFT52,54
9277,9606.ENSP00000362122,TNMD,21
9278,9606.ENSP00000362123,PLA2G12B,54
9279,9606.ENSP00000362125,PCDH19,23
9280,9606.ENSP00000362127,MTF1,19
9281,9606.ENSP00000362131,RPA4,25
9282,9606.ENSP00000362135,YRDC,44
9283,9606.ENSP00000362139,EPHA10,38
9284,9606.ENSP00000362144,MCU,20
9285,9606.ENSP00000362146,CDCA8,46
9286,9606.ENSP00000362151,FOXP4,80
9287,9606.ENSP00000362153,GNL2,1
9288,9606.ENSP00000362160,SLC25A25,10
9289,9606.ENSP00000362166,MEAF6,31
9290,9606.ENSP00000362170,NAIF1,2
9291,9606.ENSP00000362171,NAP1L3,1
9292,9606.ENSP00000362179,ZC3H12A,10
9293,9606.ENSP00000362181,NCR2,8
9294,9606.ENSP00000362183,GRIK3,1
9295,9606.ENSP00000362186,PCDH11X,33
9296,9606.ENSP00000362195,CSF3R,11
9297,9606.ENSP00000362205,TREM2,34
9298,9606.ENSP00000362207,CHST3,16
9299,9606.ENSP00000362208,MRPS15,27
9300,9606.ENSP00000362217,DACH2,6
9301,9606.ENSP00000362222,STK40,7
9302,9606.ENSP00000362235,ST6GALNAC6,10
9303,9606.ENSP00000362238,POF1B,19
9304,9606.ENSP00000362255,TSPO2,9
9305,9606.ENSP00000362268,APOOL,24
9306,9606.ENSP00000362273,ADPRHL2,1
9307,9606.ENSP00000362285,SLC29A3,31
9308,9606.ENSP00000362287,AGO3,9
9309,9606.ENSP00000362294,PTPRT,3
9310,9606.ENSP00000362298,SGPL1,14
9311,9606.ENSP00000362299,ENG,27
9312,9606.ENSP00000362300,AGO1,4
9313,9606.ENSP00000362304,ADAMTS14,23
9314,9606.ENSP00000362306,AGO4,8
9315,9606.ENSP00000362308,SH3BGRL,15
9316,9606.ENSP00000362314,EIF4EBP2,22
9317,9606.ENSP00000362328,KCNK17,3
9318,9606.ENSP00000362329,PPA1,14
9319,9606.ENSP00000362330,CHD6,11
9320,9606.ENSP00000362334,PSMB2,19
9321,9606.ENSP00000362339,SAR1A,2
9322,9606.ENSP00000362340,NCDN,4
9323,9606.ENSP00000362344,FPGS,23
9324,9606.ENSP00000362352,MACROH2A2,5
9325,9606.ENSP00000362353,GLP1R,19
9326,9606.ENSP00000362361,CDK9,20
9327,9606.ENSP00000362372,BRWD3,21
9328,9606.ENSP00000362381,TOR2A,26
9329,9606.ENSP00000362387,TSPAN15,18
9330,9606.ENSP00000362393,TBX22,3
9331,9606.ENSP00000362399,STXBP1,22
9332,9606.ENSP00000362401,CYSLTR1,2
9333,9606.ENSP00000362403,TACR2,9
9334,9606.ENSP00000362409,NIBAN2,7
9335,9606.ENSP00000362410,MAFB,22
9336,9606.ENSP00000362413,PGK1,26
9337,9606.ENSP00000362424,TRAF3IP1,53
9338,9606.ENSP00000362441,ATRX,24
9339,9606.ENSP00000362444,DLGAP3,51
9340,9606.ENSP00000362446,ZNF79,23
9341,9606.ENSP00000362456,PBDC1,52
9342,9606.ENSP00000362463,GLO1,8
9343,9606.ENSP00000362464,GJB3,9
9344,9606.ENSP00000362469,SLC2A8,30
9345,9606.ENSP00000362481,UPRT,4
9346,9606.ENSP00000362508,UGT1A4,20
9347,9606.ENSP00000362513,UGT1A5,2
9348,9606.ENSP00000362524,ANGPTL2,4
9349,9606.ENSP00000362525,UGT1A7,31
9350,9606.ENSP00000362532,RPRD1B,18
9351,9606.ENSP00000362540,AZIN2,21
9352,9606.ENSP00000362547,TTI1,17
9353,9606.ENSP00000362549,UGT1A8,19
9354,9606.ENSP00000362550,CMTR1,4
9355,9606.ENSP00000362555,RNF19B,1
9356,9606.ENSP00000362566,HPCA,5
9357,9606.ENSP00000362570,FNDC5,5
9358,9606.ENSP00000362574,S100PBP,20
9359,9606.ENSP00000362576,YARS1,38
9360,9606.ENSP00000362578,RNF8,2
9361,9606.ENSP00000362588,PBX3,21
9362,9606.ENSP00000362590,TBC1D22B,4
9363,9606.ENSP00000362592,RBBP4,14
9364,9606.ENSP00000362601,CHIC1,6
9365,9606.ENSP00000362608,PIM1,3
9366,9606.ENSP00000362613,CDX4,24
9367,9606.ENSP00000362616,NAP1L2,20
9368,9606.ENSP00000362618,PABPC1L2A,20
9369,9606.ENSP00000362634,TSSK3,6
9370,9606.ENSP00000362638,MARCKSL1,6
9371,9606.ENSP00000362639,RABEPK,6
9372,9606.ENSP00000362643,PHKA1,14
9373,9606.ENSP00000362649,HDAC1,5
9374,9606.ENSP00000362650,SCAI,14
9375,9606.ENSP00000362656,GOLGA1,6
9376,9606.ENSP00000362674,HDAC8,25
9377,9606.ENSP00000362680,SRC,6
9378,9606.ENSP00000362687,DDX50,14
9379,9606.ENSP00000362688,EIF3I,1
9380,9606.ENSP00000362690,NR5A1,10
9381,9606.ENSP00000362702,NEK6,19
9382,9606.ENSP00000362711,TXLNA,4
9383,9606.ENSP00000362716,GHRH,3
9384,9606.ENSP00000362717,LHX2,10
9385,9606.ENSP00000362727,DENND1A,3
9386,9606.ENSP00000362728,KPNA6,3
9387,9606.ENSP00000362730,MTCH1,1
9388,9606.ENSP00000362734,CRB2,33
9389,9606.ENSP00000362744,RPS4X,24
9390,9606.ENSP00000362746,GPR21,18
9391,9606.ENSP00000362748,TET1,14
9392,9606.ENSP00000362751,RABGAP1,14
9393,9606.ENSP00000362759,ADGRB2,27
9394,9606.ENSP00000362760,ZBTB26,31
9395,9606.ENSP00000362763,ZBTB6,3
9396,9606.ENSP00000362768,RBL1,23
9397,9606.ENSP00000362774,RC3H2,2
9398,9606.ENSP00000362776,COL16A1,7
9399,9606.ENSP00000362777,ATOH7,12
9400,9606.ENSP00000362784,OR5C1,6
9401,9606.ENSP00000362795,CXCR3,9
9402,9606.ENSP00000362799,GCNA,2
9403,9606.ENSP00000362803,PPIL1,9
9404,9606.ENSP00000362807,PEF1,4
9405,9606.ENSP00000362817,FABP3,14
9406,9606.ENSP00000362820,SRSF3,4
9407,9606.ENSP00000362824,OGT,8
9408,9606.ENSP00000362836,KCTD20,3
9409,9606.ENSP00000362841,NKAIN1,4
9410,9606.ENSP00000362863,REEP3,4
9411,9606.ENSP00000362869,MORN5,15
9412,9606.ENSP00000362870,MATN1,5
9413,9606.ENSP00000362873,NDUFA8,2
9414,9606.ENSP00000362888,ADO,10
9415,9606.ENSP00000362900,SRSF4,28
9416,9606.ENSP00000362924,GSN,4
9417,9606.ENSP00000362931,SRPK1,10
9418,9606.ENSP00000362935,ITGB1BP2,4
9419,9606.ENSP00000362936,TRNAU1AP,18
9420,9606.ENSP00000362942,PHACTR4,16
9421,9606.ENSP00000362946,RAB14,4
9422,9606.ENSP00000362948,MED18,12
9423,9606.ENSP00000362962,CNTRL,3
9424,9606.ENSP00000362978,EYA3,8
9425,9606.ENSP00000362981,TGIF2,5
9426,9606.ENSP00000362987,PHYHIPL,23
9427,9606.ENSP00000362991,XKR8,29
9428,9606.ENSP00000362993,BICC1,11
9429,9606.ENSP00000362994,TRAF1,23
9430,9606.ENSP00000363017,RPA2,25
9431,9606.ENSP00000363018,RPL10A,20
9432,9606.ENSP00000363019,UBE2D1,2
9433,9606.ENSP00000363023,DLGAP4,10
9434,9606.ENSP00000363041,CISD1,9
9435,9606.ENSP00000363043,AAR2,5
9436,9606.ENSP00000363046,IPMK,3
9437,9606.ENSP00000363054,STX12,11
9438,9606.ENSP00000363055,ZWINT,14
9439,9606.ENSP00000363064,ZNF76,5
9440,9606.ENSP00000363068,PCDH15,10
9441,9606.ENSP00000363071,DES,4
9442,9606.ENSP00000363079,MBL2,12
9443,9606.ENSP00000363081,DKK1,3
9444,9606.ENSP00000363089,TLR4,14
9445,9606.ENSP00000363092,PRKG1,25
9446,9606.ENSP00000363103,SCAND1,19
9447,9606.ENSP00000363117,FGR,19
9448,9606.ENSP00000363124,PHF20,14
9449,9606.ENSP00000363136,GPR3,6
9450,9606.ENSP00000363149,SPDEF,14
9451,9606.ENSP00000363157,TNFSF15,24
9452,9606.ENSP00000363162,ATP6V1G1,1
9453,9606.ENSP00000363191,ROMO1,1
9454,9606.ENSP00000363193,MED12,2
9455,9606.ENSP00000363205,NFS1,6
9456,9606.ENSP00000363211,TIMM23B,4
9457,9606.ENSP00000363216,OGDHL,9
9458,9606.ENSP00000363229,SLC18A3,3
9459,9606.ENSP00000363232,KIF12,2
9460,9606.ENSP00000363250,GPN2,19
9461,9606.ENSP00000363254,DRGX,37
9462,9606.ENSP00000363255,RGS3,23
9463,9606.ENSP00000363259,C10orf71,22
9464,9606.ENSP00000363260,PIGV,3
9465,9606.ENSP00000363286,POLE3,17
9466,9606.ENSP00000363308,WDR31,17
9467,9606.ENSP00000363313,PRPF4,16
9468,9606.ENSP00000363314,LIN28A,5
9469,9606.ENSP00000363317,FRMPD2,6
9470,9606.ENSP00000363318,IL2RG,6
9471,9606.ENSP00000363322,CDC26,20
9472,9606.ENSP00000363329,SLC31A1,5
9473,9606.ENSP00000363330,CD52,2
9474,9606.ENSP00000363339,UBXN11,2
9475,9606.ENSP00000363349,SNX30,5
9476,9606.ENSP00000363360,INIP,36
9477,9606.ENSP00000363371,CNKSR1,33
9478,9606.ENSP00000363377,FOXO4,13
9479,9606.ENSP00000363384,ZNF593,4
9480,9606.ENSP00000363389,PDIK1L,23
9481,9606.ENSP00000363390,TRIM63,31
9482,9606.ENSP00000363391,SPAG4,4
9483,9606.ENSP00000363394,SLC30A2,17
9484,9606.ENSP00000363397,UGCG,6
9485,9606.ENSP00000363398,EXTL1,1
9486,9606.ENSP00000363400,PAFAH2,1
9487,9606.ENSP00000363405,SHOC1,15
9488,9606.ENSP00000363411,GNG10,17
9489,9606.ENSP00000363414,PAQR7,3
9490,9606.ENSP00000363417,SLC7A3,16
9491,9606.ENSP00000363419,MTFR1L,6
9492,9606.ENSP00000363431,NPY4R,13
9493,9606.ENSP00000363435,ITPR3,5
9494,9606.ENSP00000363436,GPRIN2,2
9495,9606.ENSP00000363452,MAN1C1,21
9496,9606.ENSP00000363458,LDLRAP1,31
9497,9606.ENSP00000363459,PTPN20,23
9498,9606.ENSP00000363463,MACO1,10
9499,9606.ENSP00000363478,TMEM50A,81
9500,9606.ENSP00000363480,DLG3,5
9501,9606.ENSP00000363492,GDF5,6
9502,9606.ENSP00000363500,CLIC4,11
9503,9606.ENSP00000363506,UQCC1,6
9504,9606.ENSP00000363512,ALOX5,4
9505,9606.ENSP00000363516,RCAN3,8
9506,9606.ENSP00000363520,NIPAL3,4
9507,9606.ENSP00000363522,OR13A1,13
9508,9606.ENSP00000363524,KIF4A,2
9509,9606.ENSP00000363533,MDH1B,1
9510,9606.ENSP00000363553,LPAR1,13
9511,9606.ENSP00000363559,EIF6,5
9512,9606.ENSP00000363571,MUSK,4
9513,9606.ENSP00000363583,RASGEF1A,36
9514,9606.ENSP00000363590,CSGALNACT2,1
9515,9606.ENSP00000363591,BAK1,51
9516,9606.ENSP00000363593,SVEP1,9
9517,9606.ENSP00000363596,CNR2,20
9518,9606.ENSP00000363597,RAB41,51
9519,9606.ENSP00000363603,FUCA1,15
9520,9606.ENSP00000363614,HMGCL,6
9521,9606.ENSP00000363616,EDEM2,4
9522,9606.ENSP00000363638,LYPLA2,9
9523,9606.ENSP00000363640,PHF1,4
9524,9606.ENSP00000363641,TXN,11
9525,9606.ENSP00000363642,BMS1,3
9526,9606.ENSP00000363643,P2RY4,3
9527,9606.ENSP00000363645,AWAT1,4
9528,9606.ENSP00000363654,PALM2AKAP2,24
9529,9606.ENSP00000363661,IGBP1,29
9530,9606.ENSP00000363667,PTPN3,38
9531,9606.ENSP00000363680,EDA,27
9532,9606.ENSP00000363689,ID3,17
9533,9606.ENSP00000363694,EPB41L4B,10
9534,9606.ENSP00000363708,BMPR2,9
9535,9606.ENSP00000363727,STARD8,22
9536,9606.ENSP00000363745,HNRNPR,8
9537,9606.ENSP00000363746,WDR46,8
9538,9606.ENSP00000363748,HTR1D,9
9539,9606.ENSP00000363753,ABITRAM,16
9540,9606.ENSP00000363770,C1QC,11
9541,9606.ENSP00000363773,C1QA,1
9542,9606.ENSP00000363779,ELP1,11
9543,9606.ENSP00000363787,RING1,28
9544,9606.ENSP00000363794,HSD17B8,10
9545,9606.ENSP00000363799,ACTL7B,12
9546,9606.ENSP00000363804,KLF4,2
9547,9606.ENSP00000363809,SLC39A7,9
9548,9606.ENSP00000363817,RXRB,7
9549,9606.ENSP00000363822,AR,9
9550,9606.ENSP00000363824,TMEM38B,24
9551,9606.ENSP00000363826,FZD8,25
9552,9606.ENSP00000363827,HSPG2,1
9553,9606.ENSP00000363832,AOX1,7
9554,9606.ENSP00000363836,CCNY,8
9555,9606.ENSP00000363840,COL11A2,1
9556,9606.ENSP00000363868,ABCA1,2
9557,9606.ENSP00000363869,VSIG4,10
9558,9606.ENSP00000363873,OXLD1,4
9559,9606.ENSP00000363894,NIPSNAP3B,18
9560,9606.ENSP00000363895,RAP1GAP,4
9561,9606.ENSP00000363899,NIPSNAP3A,12
9562,9606.ENSP00000363921,PARD3,7
9563,9606.ENSP00000363929,NCOA6,4
9564,9606.ENSP00000363943,TP53INP2,25
9565,9606.ENSP00000363944,LAS1L,4
9566,9606.ENSP00000363970,MAP1LC3A,9
9567,9606.ENSP00000363973,ALPL,5
9568,9606.ENSP00000363976,HLA-DMA,2
9569,9606.ENSP00000363985,MTMR8,1
9570,9606.ENSP00000363993,PSMB9,3
9571,9606.ENSP00000363999,MRPL50,5
9572,9606.ENSP00000364000,COL5A2,4
9573,9606.ENSP00000364003,AMER1,17
9574,9606.ENSP00000364013,TMEFF1,16
9575,9606.ENSP00000364016,PSMB8,17
9576,9606.ENSP00000364028,ECE1,1
9577,9606.ENSP00000364032,TAP2,8
9578,9606.ENSP00000364035,FAAH2,2
9579,9606.ENSP00000364037,TEX10,16
9580,9606.ENSP00000364076,HLA-DQA2,1
9581,9606.ENSP00000364080,HLA-DQB1,1
9582,9606.ENSP00000364114,HLA-DRB5,10
9583,9606.ENSP00000364119,EIF2S2,11
9584,9606.ENSP00000364126,APEX2,4
9585,9606.ENSP00000364140,COL15A1,2
9586,9606.ENSP00000364145,PFKFB1,11
9587,9606.ENSP00000364150,GALNT12,1
9588,9606.ENSP00000364163,NOTCH4,18
9589,9606.ENSP00000364164,OR10G9,26
9590,9606.ENSP00000364183,GPSM3,15
9591,9606.ENSP00000364190,PBX2,12
9592,9606.ENSP00000364193,MAGED2,10
9593,9606.ENSP00000364204,PINK1,7
9594,9606.ENSP00000364210,AGER,33
9595,9606.ENSP00000364212,CDA,28
9596,9606.ENSP00000364235,RNF5,23
9597,9606.ENSP00000364240,UBXN10,10
9598,9606.ENSP00000364243,PLA2G2F,8
9599,9606.ENSP00000364246,PLA2G2D,4
9600,9606.ENSP00000364249,PLA2G5,15
9601,9606.ENSP00000364257,PLA2G2E,12
9602,9606.ENSP00000364260,TRMO,46
9603,9606.ENSP00000364261,OTUD3,32
9604,9606.ENSP00000364265,FOXE1,42
9605,9606.ENSP00000364270,XPA,10
9606,9606.ENSP00000364277,FGD1,1
9607,9606.ENSP00000364289,NCBP1,24
9608,9606.ENSP00000364293,TSR2,2
9609,9606.ENSP00000364295,SLC66A1,2
9610,9606.ENSP00000364298,FKBPL,10
9611,9606.ENSP00000364320,MRTO4,18
9612,9606.ENSP00000364324,FAM120C,12
9613,9606.ENSP00000364349,ATF6B,52
9614,9606.ENSP00000364361,MAP3K20,14
9615,9606.ENSP00000364379,ZNF510,11
9616,9606.ENSP00000364389,CDC14B,4
9617,9606.ENSP00000364397,TMEM94,2
9618,9606.ENSP00000364398,HABP4,11
9619,9606.ENSP00000364403,UBR4,11
9620,9606.ENSP00000364404,DCAF17,11
9621,9606.ENSP00000364412,HSD17B3,30
9622,9606.ENSP00000364448,UPF3A,3
9623,9606.ENSP00000364449,SIK3,6
9624,9606.ENSP00000364464,AOPEP,11
9625,9606.ENSP00000364476,RIBC1,11
9626,9606.ENSP00000364482,STK19,11
9627,9606.ENSP00000364486,FBP2,2
9628,9606.ENSP00000364490,ALDH4A1,3
9629,9606.ENSP00000364498,DXO,2
9630,9606.ENSP00000364501,CD300LD,20
9631,9606.ENSP00000364512,G6PC2,4
9632,9606.ENSP00000364519,TFDP1,8
9633,9606.ENSP00000364520,TAS1R2,8
9634,9606.ENSP00000364524,PAX7,3
9635,9606.ENSP00000364526,JCAD,2
9636,9606.ENSP00000364543,SKIV2L,28
9637,9606.ENSP00000364550,KDM5C,3
9638,9606.ENSP00000364555,ACTL8,3
9639,9606.ENSP00000364578,NELFE,6
9640,9606.ENSP00000364585,RCC2,1
9641,9606.ENSP00000364589,CUL4A,11
9642,9606.ENSP00000364591,TSPYL2,8
9643,9606.ENSP00000364595,NINJ1,25
9644,9606.ENSP00000364597,PADI4,10
9645,9606.ENSP00000364603,BPIFA3,7
9646,9606.ENSP00000364609,PADI3,23
9647,9606.ENSP00000364613,CARD19,66
9648,9606.ENSP00000364632,BPIFB4,5
9649,9606.ENSP00000364635,PADI2,26
9650,9606.ENSP00000364639,RBM7,5
9651,9606.ENSP00000364649,SDHB,10
9652,9606.ENSP00000364650,LYZL1,5
9653,9606.ENSP00000364677,ZBTB12,5
9654,9606.ENSP00000364683,BAMBI,3
9655,9606.ENSP00000364685,MFAP2,3
9656,9606.ENSP00000364691,CROCC,2
9657,9606.ENSP00000364694,ASPN,2
9658,9606.ENSP00000364699,SDHD,31
9659,9606.ENSP00000364700,OMD,7
9660,9606.ENSP00000364709,F10,13
9661,9606.ENSP00000364711,OGN,5
9662,9606.ENSP00000364721,MAPRE1,8
9663,9606.ENSP00000364731,F7,5
9664,9606.ENSP00000364737,CENPP,18
9665,9606.ENSP00000364742,FBXO42,1
9666,9606.ENSP00000364749,CPLANE2,4
9667,9606.ENSP00000364752,XAGE1A,24
9668,9606.ENSP00000364765,LAYN,42
9669,9606.ENSP00000364766,XAGE1B,46
9670,9606.ENSP00000364782,NEU1,18
9671,9606.ENSP00000364794,IARS1,22
9672,9606.ENSP00000364801,HSPA1B,28
9673,9606.ENSP00000364802,HSPA1A,6
9674,9606.ENSP00000364805,HSPA1L,9
9675,9606.ENSP00000364813,LSM2,5
9676,9606.ENSP00000364815,VARS1,28
9677,9606.ENSP00000364831,CLCNKB,24
9678,9606.ENSP00000364839,ASXL1,9
9679,9606.ENSP00000364840,VWA7,8
9680,9606.ENSP00000364847,MAGED1,7
9681,9606.ENSP00000364855,MSH5,9
9682,9606.ENSP00000364858,CARD16,10
9683,9606.ENSP00000364859,CARD17,14
9684,9606.ENSP00000364860,ROR2,9
9685,9606.ENSP00000364864,KIF3B,4
9686,9606.ENSP00000364870,HSPB7,5
9687,9606.ENSP00000364883,AUH,11
9688,9606.ENSP00000364885,ZBTB17,7
9689,9606.ENSP00000364886,RND3,15
9690,9606.ENSP00000364898,SYK,14
9691,9606.ENSP00000364902,POFUT1,5
9692,9606.ENSP00000364912,SPEN,4
9693,9606.ENSP00000364919,DIRAS2,4
9694,9606.ENSP00000364929,ING1,2
9695,9606.ENSP00000364935,CLIC1,6
9696,9606.ENSP00000364946,MKX,4
9697,9606.ENSP00000364949,DDAH2,5
9698,9606.ENSP00000364956,PLEKHM2,8
9699,9606.ENSP00000364965,SECISBP2,1
9700,9606.ENSP00000364976,CKS2,23
9701,9606.ENSP00000364978,LY6G6C,19
9702,9606.ENSP00000364979,COL4A1,1
9703,9606.ENSP00000364985,LY6G6D,8
9704,9606.ENSP00000364986,AGMAT,54
9705,9606.ENSP00000364992,LY6G6F,1
9706,9606.ENSP00000364995,SHC3,20
9707,9606.ENSP00000365006,S1PR3,19
9708,9606.ENSP00000365012,HCK,5
9709,9606.ENSP00000365014,NXNL2,23
9710,9606.ENSP00000365016,IRS2,12
9711,9606.ENSP00000365019,SPIN1,3
9712,9606.ENSP00000365024,LY6G5B,9
9713,9606.ENSP00000365042,CSNK2B,17
9714,9606.ENSP00000365048,TNFSF13B,27
9715,9606.ENSP00000365049,ACBD5,27
9716,9606.ENSP00000365071,GPANK1,4
9717,9606.ENSP00000365075,CELA2B,10
9718,9606.ENSP00000365080,FAM155A,5
9719,9606.ENSP00000365081,APOM,2
9720,9606.ENSP00000365107,MASTL,16
9721,9606.ENSP00000365116,CTRC,17
9722,9606.ENSP00000365130,TUT7,7
9723,9606.ENSP00000365131,BAG6,16
9724,9606.ENSP00000365159,ISCA1,10
9725,9606.ENSP00000365160,NUDT11,11
9726,9606.ENSP00000365162,MYLK2,6
9727,9606.ENSP00000365172,POGLUT2,14
9728,9606.ENSP00000365174,NUDT10,15
9729,9606.ENSP00000365198,KAZN,15
9730,9606.ENSP00000365201,PRRC2A,3
9731,9606.ENSP00000365210,CCNB3,16
9732,9606.ENSP00000365220,TPP2,12
9733,9606.ENSP00000365227,AIF1,7
9734,9606.ENSP00000365230,BCL2L1,7
9735,9606.ENSP00000365243,COX4I2,19
9736,9606.ENSP00000365253,LRRC38,3
9737,9606.ENSP00000365256,CLCN5,7
9738,9606.ENSP00000365261,LST1,35
9739,9606.ENSP00000365266,PRAMEF17,18
9740,9606.ENSP00000365272,DLG2,2
9741,9606.ENSP00000365280,ID1,9
9742,9606.ENSP00000365295,FAM181B,22
9743,9606.ENSP00000365301,FGF14,31
9744,9606.ENSP00000365312,ABI1,39
9745,9606.ENSP00000365318,NFKBIL1,15
9746,9606.ENSP00000365322,PRAMEF15,14
9747,9606.ENSP00000365351,ITGBL1,10
9748,9606.ENSP00000365360,PRAMEF6,3
9749,9606.ENSP00000365370,HNRNPCL1,7
9750,9606.ENSP00000365380,FOXP3,16
9751,9606.ENSP00000365388,PDSS1,28
9752,9606.ENSP00000365401,CCDC22,5
9753,9606.ENSP00000365402,HLA-C,2
9754,9606.ENSP00000365411,APBB1IP,1
9755,9606.ENSP00000365413,SLC28A3,7
9756,9606.ENSP00000365426,GGACT,15
9757,9606.ENSP00000365433,TCF19,9
9758,9606.ENSP00000365435,TNFRSF1B,54
9759,9606.ENSP00000365437,GAD2,29
9760,9606.ENSP00000365441,CACNA1F,12
9761,9606.ENSP00000365458,HNRNPK,1
9762,9606.ENSP00000365462,PCCA,1
9763,9606.ENSP00000365465,CDSN,7
9764,9606.ENSP00000365473,MUC21,1
9765,9606.ENSP00000365477,CCDC93,34
9766,9606.ENSP00000365486,DEFB123,5
9767,9606.ENSP00000365492,DEFB119,28
9768,9606.ENSP00000365503,SHISA7,15
9769,9606.ENSP00000365505,PLP2,4
9770,9606.ENSP00000365514,ZIC2,4
9771,9606.ENSP00000365528,PTPRH,1
9772,9606.ENSP00000365529,GPR158,1
9773,9606.ENSP00000365530,STXBP4,17
9774,9606.ENSP00000365533,CLYBL,25
9775,9606.ENSP00000365550,GKAP1,19
9776,9606.ENSP00000365569,FLOT1,19
9777,9606.ENSP00000365576,UBQLN1,15
9778,9606.ENSP00000365588,MDC1,22
9779,9606.ENSP00000365596,GPR183,14
9780,9606.ENSP00000365601,IDNK,4
9781,9606.ENSP00000365606,GRIPAP1,2
9782,9606.ENSP00000365625,DHX16,9
9783,9606.ENSP00000365637,KIAA1217,27
9784,9606.ENSP00000365643,DOCK9,5
9785,9606.ENSP00000365651,NPPB,5
9786,9606.ENSP00000365663,NPPA,1
9787,9606.ENSP00000365678,OTUD1,1
9788,9606.ENSP00000365682,TLE1,14
9789,9606.ENSP00000365686,SLC15A1,7
9790,9606.ENSP00000365687,PTF1A,27
9791,9606.ENSP00000365692,PIM2,12
9792,9606.ENSP00000365693,MSRB2,8
9793,9606.ENSP00000365694,PPP1R10,17
9794,9606.ENSP00000365720,TLE4,11
9795,9606.ENSP00000365725,ABHD12,12
9796,9606.ENSP00000365730,STK24,11
9797,9606.ENSP00000365744,PRR3,11
9798,9606.ENSP00000365745,CTTN,10
9799,9606.ENSP00000365757,PIP4K2A,13
9800,9606.ENSP00000365770,MTHFR,12
9801,9606.ENSP00000365773,PSAT1,9
9802,9606.ENSP00000365782,CEP78,6
9803,9606.ENSP00000365804,HDAC6,10
9804,9606.ENSP00000365806,GNL1,7
9805,9606.ENSP00000365807,GNA14,18
9806,9606.ENSP00000365811,SPAG6,3
9807,9606.ENSP00000365817,HLA-E,16
9808,9606.ENSP00000365837,PUS1,22
9809,9606.ENSP00000365838,DPRX,4
9810,9606.ENSP00000365840,ENTPD6,3
9811,9606.ENSP00000365844,TRIM39,2
9812,9606.ENSP00000365851,BMI1,20
9813,9606.ENSP00000365858,GATA1,14
9814,9606.ENSP00000365861,MBNL2,13
9815,9606.ENSP00000365883,NUDT8,15
9816,9606.ENSP00000365891,WAS,7
9817,9606.ENSP00000365899,VSX1,15
9818,9606.ENSP00000365908,PRUNE2,12
9819,9606.ENSP00000365924,TRIM31,24
9820,9606.ENSP00000365926,RFK,23
9821,9606.ENSP00000365931,SP2,9
9822,9606.ENSP00000365938,UGGT2,10
9823,9606.ENSP00000365944,FBXO6,12
9824,9606.ENSP00000365950,RBM3,8
9825,9606.ENSP00000365959,FBXO44,21
9826,9606.ENSP00000365962,TBC1D25,16
9827,9606.ENSP00000365963,PPP1R11,30
9828,9606.ENSP00000366006,UBIAD1,2
9829,9606.ENSP00000366007,NMRK1,5
9830,9606.ENSP00000366024,HLA-G,17
9831,9606.ENSP00000366030,CARNMT1,5
9832,9606.ENSP00000366032,COMMD3,1
9833,9606.ENSP00000366047,KLK6,18
9834,9606.ENSP00000366058,SYNDIG1,29
9835,9606.ENSP00000366061,NMS,6
9836,9606.ENSP00000366070,RILPL1,20
9837,9606.ENSP00000366091,MOG,24
9838,9606.ENSP00000366093,RORB,14
9839,9606.ENSP00000366098,YIF1A,18
9840,9606.ENSP00000366109,ANXA1,11
9841,9606.ENSP00000366118,SSX1,28
9842,9606.ENSP00000366135,EXOSC10,5
9843,9606.ENSP00000366144,SOX21,2
9844,9606.ENSP00000366153,ZNF81,1
9845,9606.ENSP00000366156,SRM,3
9846,9606.ENSP00000366157,GPR180,20
9847,9606.ENSP00000366161,ZFAND5,17
9848,9606.ENSP00000366173,CBY3,26
9849,9606.ENSP00000366179,DNAJC1,18
9850,9606.ENSP00000366182,ELK1,9
9851,9606.ENSP00000366208,CST11,25
9852,9606.ENSP00000366221,CASZ1,21
9853,9606.ENSP00000366233,GABBR1,21
9854,9606.ENSP00000366234,IL31,15
9855,9606.ENSP00000366237,DFFA,3
9856,9606.ENSP00000366243,CEMIP2,17
9857,9606.ENSP00000366246,GPC6,15
9858,9606.ENSP00000366248,CORT,5
9859,9606.ENSP00000366249,UBD,40
9860,9606.ENSP00000366265,ZNF41,13
9861,9606.ENSP00000366267,GPC5,9
9862,9606.ENSP00000366271,KDM2B,18
9863,9606.ENSP00000366273,ZNF157,35
9864,9606.ENSP00000366275,CNNM4,32
9865,9606.ENSP00000366280,LMAN2L,24
9866,9606.ENSP00000366283,SLITRK5,18
9867,9606.ENSP00000366288,SLITRK1,33
9868,9606.ENSP00000366299,SLC25A39,32
9869,9606.ENSP00000366306,SPRY2,24
9870,9606.ENSP00000366307,THBD,25
9871,9606.ENSP00000366314,TRPM3,13
9872,9606.ENSP00000366326,NEBL,3
9873,9606.ENSP00000366330,KLF9,8
9874,9606.ENSP00000366331,MAS1L,1
9875,9606.ENSP00000366340,OR2H1,8
9876,9606.ENSP00000366347,NKX2-2,15
9877,9606.ENSP00000366354,OR11A1,15
9878,9606.ENSP00000366378,OR2B3,34
9879,9606.ENSP00000366390,SPDYC,25
9880,9606.ENSP00000366395,SYVN1,40
9881,9606.ENSP00000366396,XRN2,45
9882,9606.ENSP00000366402,C9orf135,18
9883,9606.ENSP00000366404,TRIM27,36
9884,9606.ENSP00000366410,NMNAT1,31
9885,9606.ENSP00000366413,POU4F1,7
9886,9606.ENSP00000366416,EDNRB,23
9887,9606.ENSP00000366452,SNX15,49
9888,9606.ENSP00000366460,PLXDC2,14
9889,9606.ENSP00000366465,ZKSCAN3,28
9890,9606.ENSP00000366474,CTNNBIP1,3
9891,9606.ENSP00000366475,ATG2A,15
9892,9606.ENSP00000366487,ARL5B,4
9893,9606.ENSP00000366488,PRKACG,5
9894,9606.ENSP00000366506,HRH2,8
9895,9606.ENSP00000366509,ZKSCAN4,18
9896,9606.ENSP00000366513,CLSTN1,13
9897,9606.ENSP00000366519,NSUN6,16
9898,9606.ENSP00000366522,ARHGAP39,22
9899,9606.ENSP00000366525,FTL,4
9900,9606.ENSP00000366534,FOXH1,14
9901,9606.ENSP00000366542,ZNF165,5
9902,9606.ENSP00000366557,CRNKL1,3
9903,9606.ENSP00000366563,PIK3CD,3
9904,9606.ENSP00000366565,VPS28,19
9905,9606.ENSP00000366586,SLC39A12,11
9906,9606.ENSP00000366604,SF1,2
9907,9606.ENSP00000366608,CBWD6,3
9908,9606.ENSP00000366617,CBWD1,5
9909,9606.ENSP00000366618,H2BC13,2
9910,9606.ENSP00000366641,SLC2A5,2
9911,9606.ENSP00000366654,CA6,7
9912,9606.ENSP00000366679,H2AC12,3
9913,9606.ENSP00000366682,ACOD1,28
9914,9606.ENSP00000366690,SPATC1,5
9915,9606.ENSP00000366694,KCTD12,8
9916,9606.ENSP00000366702,ERRFI1,5
9917,9606.ENSP00000366746,STAM,19
9918,9606.ENSP00000366748,AUP1,13
9919,9606.ENSP00000366757,LMO7,20
9920,9606.ENSP00000366783,HECTD4,5
9921,9606.ENSP00000366797,SLC22A12,6
9922,9606.ENSP00000366798,HMGN4,8
9923,9606.ENSP00000366800,DNAJC11,2
9924,9606.ENSP00000366819,UCHL3,10
9925,9606.ENSP00000366827,ST8SIA6,4
9926,9606.ENSP00000366828,POLR3F,18
9927,9606.ENSP00000366863,TBC1D4,29
9928,9606.ENSP00000366876,PHF13,39
9929,9606.ENSP00000366886,KLHL21,29
9930,9606.ENSP00000366897,KLF12,29
9931,9606.ENSP00000366898,HIF3A,64
9932,9606.ENSP00000366902,ZBTB48,6
9933,9606.ENSP00000366915,KLF5,8
9934,9606.ENSP00000366927,ALDH1B1,13
9935,9606.ENSP00000366934,NOL9,14
9936,9606.ENSP00000366936,SHB,19
9937,9606.ENSP00000366937,BTN3A2,10
9938,9606.ENSP00000366939,MGME1,7
9939,9606.ENSP00000366942,SLC36A3,8
9940,9606.ENSP00000366953,DCAF10,14
9941,9606.ENSP00000366955,KRTAP4-2,9
9942,9606.ENSP00000366962,H2BC10,7
9943,9606.ENSP00000366970,GPR20,8
9944,9606.ENSP00000366974,H4C2,10
9945,9606.ENSP00000366976,KRTAP1-4,12
9946,9606.ENSP00000366997,DIS3,8
9947,9606.ENSP00000366998,SNX5,9
9948,9606.ENSP00000366999,H3C4,2
9949,9606.ENSP00000367001,DPP6,14
9950,9606.ENSP00000367013,TNFRSF25,14
9951,9606.ENSP00000367022,H2AC6,9
9952,9606.ENSP00000367024,NAA40,2
9953,9606.ENSP00000367028,TCOF1,52
9954,9606.ENSP00000367029,POLR1E,40
9955,9606.ENSP00000367030,TRDMT1,25
9956,9606.ENSP00000367034,H4C3,11
9957,9606.ENSP00000367038,RRBP1,8
9958,9606.ENSP00000367049,MZT1,4
9959,9606.ENSP00000367050,RTN3,4
9960,9606.ENSP00000367064,CUBN,6
9961,9606.ENSP00000367075,KLHL1,16
9962,9606.ENSP00000367081,SLC17A2,7
9963,9606.ENSP00000367086,ACOT7,12
9964,9606.ENSP00000367102,SLC22A6,10
9965,9606.ENSP00000367104,BFSP1,2
9966,9606.ENSP00000367123,SLC3A2,2
9967,9606.ENSP00000367137,SLC17A4,23
9968,9606.ENSP00000367139,SPINK9,22
9969,9606.ENSP00000367151,PCDH17,8
9970,9606.ENSP00000367154,RSU1,20
9971,9606.ENSP00000367157,LRRC3C,24
9972,9606.ENSP00000367163,PRR20B,16
9973,9606.ENSP00000367164,PRR20A,29
9974,9606.ENSP00000367173,RNF207,18
9975,9606.ENSP00000367177,PCDH8,23
9976,9606.ENSP00000367196,GLIPR2,19
9977,9606.ENSP00000367197,SCGN,17
9978,9606.ENSP00000367198,CNMD,16
9979,9606.ENSP00000367202,RECK,20
9980,9606.ENSP00000367203,KDM6A,21
9981,9606.ENSP00000367208,SUGT1,10
9982,9606.ENSP00000367214,GRXCR2,15
9983,9606.ENSP00000367219,OR13J1,5
9984,9606.ENSP00000367220,ACTR2,9
9985,9606.ENSP00000367263,AHNAK,17
9986,9606.ENSP00000367265,CKAP4,20
9987,9606.ENSP00000367276,CKAP2,3
9988,9606.ENSP00000367284,FUNDC1,9
9989,9606.ENSP00000367299,VPS36,10
9990,9606.ENSP00000367309,MAOB,13
9991,9606.ENSP00000367312,SEL1L2,24
9992,9606.ENSP00000367316,ITGA8,8
9993,9606.ENSP00000367318,RGP1,11
9994,9606.ENSP00000367323,KCNAB2,26
9995,9606.ENSP00000367343,GBA2,23
9996,9606.ENSP00000367346,NDUFAF5,19
9997,9606.ENSP00000367355,ARHGEF35,7
9998,9606.ENSP00000367359,C6orf62,1
9999,9606.ENSP00000367384,GPR34,4
10000,9606.ENSP00000367391,PGA4,29
10001,9606.ENSP00000367398,NPHP4,6
10002,9606.ENSP00000367406,TAF2,4
10003,9606.ENSP00000367407,NMT2,25
10004,9606.ENSP00000367433,AJAP1,9
10005,9606.ENSP00000367440,TDP2,18
10006,9606.ENSP00000367446,EXT1,4
10007,9606.ENSP00000367459,KIAA0319,11
10008,9606.ENSP00000367462,OLAH,4
10009,9606.ENSP00000367476,CEP104,18
10010,9606.ENSP00000367494,SPIRE2,16
10011,9606.ENSP00000367498,LRRC47,22
10012,9606.ENSP00000367527,DCLRE1C,21
10013,9606.ENSP00000367545,TP73,14
10014,9606.ENSP00000367552,RCBTB1,30
10015,9606.ENSP00000367564,C19orf54,43
10016,9606.ENSP00000367570,PHF11,9
10017,9606.ENSP00000367590,REEP2,33
10018,9606.ENSP00000367608,CA9,33
10019,9606.ENSP00000367615,APRT,15
10020,9606.ENSP00000367623,HSPA14,23
10021,9606.ENSP00000367629,ARHGEF16,14
10022,9606.ENSP00000367649,OR5D16,17
10023,9606.ENSP00000367650,OR5L2,17
10024,9606.ENSP00000367664,OR4A5,4
10025,9606.ENSP00000367668,MMEL1,21
10026,9606.ENSP00000367686,PAK5,25
10027,9606.ENSP00000367691,LPAR6,6
10028,9606.ENSP00000367705,BCOR,41
10029,9606.ENSP00000367714,HES5,13
10030,9606.ENSP00000367715,DCDC2,3
10031,9606.ENSP00000367721,NUP160,21
10032,9606.ENSP00000367739,NRSN1,4
10033,9606.ENSP00000367743,TSPAN7,10
10034,9606.ENSP00000367747,PLCH2,9
10035,9606.ENSP00000367755,CAMKMT,6
10036,9606.ENSP00000367762,PLCB4,10
10037,9606.ENSP00000367770,SLC35B4,8
10038,9606.ENSP00000367787,LIG3,15
10039,9606.ENSP00000367792,MORN1,16
10040,9606.ENSP00000367794,SRPX,21
10041,9606.ENSP00000367797,SKI,7
10042,9606.ENSP00000367806,RPS16,6
10043,9606.ENSP00000367815,DNAAF1,4
10044,9606.ENSP00000367817,PODXL,10
10045,9606.ENSP00000367830,PRKCZ,3
10046,9606.ENSP00000367832,CCL7,9
10047,9606.ENSP00000367835,PRPF18,3
10048,9606.ENSP00000367841,DYNLT3,31
10049,9606.ENSP00000367848,GABRD,2
10050,9606.ENSP00000367851,CYBB,10
10051,9606.ENSP00000367872,GNB1,14
10052,9606.ENSP00000367878,C11orf49,5
10053,9606.ENSP00000367879,XK,11
10054,9606.ENSP00000367880,PIGO,8
10055,9606.ENSP00000367888,LRP4,10
10056,9606.ENSP00000367890,NADK,14
10057,9606.ENSP00000367891,LGALS7,3
10058,9606.ENSP00000367893,SEPHS1,4
10059,9606.ENSP00000367900,CDK11A,3
10060,9606.ENSP00000367910,FANCG,30
10061,9606.ENSP00000367922,CFAP47,18
10062,9606.ENSP00000367938,COX7A2L,6
10063,9606.ENSP00000367939,UQCRQ,17
10064,9606.ENSP00000367942,GDF9,4
10065,9606.ENSP00000367950,SHROOM1,9
10066,9606.ENSP00000367952,UCMA,1
10067,9606.ENSP00000367967,GLIPR1L1,24
10068,9606.ENSP00000367972,ID4,7
10069,9606.ENSP00000367991,SEPTIN8,2
10070,9606.ENSP00000367992,ESD,6
10071,9606.ENSP00000368014,PAX4,6
10072,9606.ENSP00000368017,ZFC3H1,7
10073,9606.ENSP00000368022,OPTN,8
10074,9606.ENSP00000368030,ATAD3A,14
10075,9606.ENSP00000368066,HAO1,13
10076,9606.ENSP00000368079,CYP4V2,11
10077,9606.ENSP00000368100,RAD50,5
10078,9606.ENSP00000368104,BMP2,10
10079,9606.ENSP00000368109,ACCSL,12
10080,9606.ENSP00000368119,GALT,2
10081,9606.ENSP00000368135,LRRN4,17
10082,9606.ENSP00000368140,CRLS1,13
10083,9606.ENSP00000368144,PRR5L,30
10084,9606.ENSP00000368152,ALKBH6,37
10085,9606.ENSP00000368164,MCM8,9
10086,9606.ENSP00000368165,SDHAF1,38
10087,9606.ENSP00000368166,DVL1,19
10088,9606.ENSP00000368189,ARID3C,51
10089,9606.ENSP00000368190,NPHS1,62
10090,9606.ENSP00000368215,TAB3,27
10091,9606.ENSP00000368237,ATL2,32
10092,9606.ENSP00000368244,CHGB,19
10093,9606.ENSP00000368245,CXorf21,14
10094,9606.ENSP00000368253,NR0B1,74
10095,9606.ENSP00000368264,MAGEB1,31
10096,9606.ENSP00000368265,CNTFR,40
10097,9606.ENSP00000368278,IL1RAPL1,55
10098,9606.ENSP00000368305,GPCPD1,44
10099,9606.ENSP00000368314,NRCAM,48
10100,9606.ENSP00000368318,PUSL1,26
10101,9606.ENSP00000368332,ARX,7
10102,9606.ENSP00000368341,RBM24,17
10103,9606.ENSP00000368356,PRKD3,13
10104,9606.ENSP00000368358,POLA1,28
10105,9606.ENSP00000368370,WT1,41
10106,9606.ENSP00000368389,NGRN,60
10107,9606.ENSP00000368397,LYRM9,42
10108,9606.ENSP00000368411,SCNN1D,25
10109,9606.ENSP00000368414,BCAP29,45
10110,9606.ENSP00000368439,PCYT1B,47
10111,9606.ENSP00000368450,CD83,21
10112,9606.ENSP00000368452,NUDT2,44
10113,9606.ENSP00000368458,PCNA,34
10114,9606.ENSP00000368459,NUFIP1,38
10115,9606.ENSP00000368468,MCUR1,34
10116,9606.ENSP00000368486,ZFX,53
10117,9606.ENSP00000368496,B3GALT6,26
10118,9606.ENSP00000368516,LGR4,30
10119,9606.ENSP00000368523,DNAJC15,15
10120,9606.ENSP00000368528,APOO,39
10121,9606.ENSP00000368538,TNFRSF4,19
10122,9606.ENSP00000368544,VIT,54
10123,9606.ENSP00000368547,FEZ2,50
10124,9606.ENSP00000368565,DNAJC2,11
10125,9606.ENSP00000368572,SAT1,11
10126,9606.ENSP00000368589,GFOD1,32
10127,9606.ENSP00000368592,TTLL10,3
10128,9606.ENSP00000368605,ACOT9,1
10129,9606.ENSP00000368632,GATA3,6
10130,9606.ENSP00000368637,SLC23A2,3
10131,9606.ENSP00000368646,PRDX4,9
10132,9606.ENSP00000368648,SLC30A6,5
10133,9606.ENSP00000368664,RGCC,26
10134,9606.ENSP00000368666,PTCHD1,3
10135,9606.ENSP00000368667,DDX53,5
10136,9606.ENSP00000368678,AGRN,13
10137,9606.ENSP00000368682,PHEX,9
10138,9606.ENSP00000368683,EDN1,3
10139,9606.ENSP00000368686,E2F4,7
10140,9606.ENSP00000368688,LYRM7,5
10141,9606.ENSP00000368698,HIVEP1,16
10142,9606.ENSP00000368710,RASSF2,6
10143,9606.ENSP00000368716,NAA16,13
10144,9606.ENSP00000368727,XDH,11
10145,9606.ENSP00000368758,CTXN3,11
10146,9606.ENSP00000368759,NEDD9,6
10147,9606.ENSP00000368766,ADRA1D,17
10148,9606.ENSP00000368767,ASPH,7
10149,9606.ENSP00000368771,MUC3A,7
10150,9606.ENSP00000368793,MTRF1,2
10151,9606.ENSP00000368797,KBTBD7,7
10152,9606.ENSP00000368798,MBTPS2,12
10153,9606.ENSP00000368799,KBTBD6,8
10154,9606.ENSP00000368801,WBP4,20
10155,9606.ENSP00000368805,GCM2,27
10156,9606.ENSP00000368808,SMPX,1
10157,9606.ENSP00000368814,CMTM1,17
10158,9606.ENSP00000368818,TOM1L2,25
10159,9606.ENSP00000368824,CNKSR2,17
10160,9606.ENSP00000368831,SNX2,15
10161,9606.ENSP00000368835,YPEL5,3
10162,9606.ENSP00000368856,NFX1,27
10163,9606.ENSP00000368868,ELF2,2
10164,9606.ENSP00000368872,INSC,18
10165,9606.ENSP00000368880,FOXO1,7
10166,9606.ENSP00000368881,KIN,12
10167,9606.ENSP00000368884,RPS6KA3,6
10168,9606.ENSP00000368887,PAK1IP1,2
10169,9606.ENSP00000368908,LHFPL6,14
10170,9606.ENSP00000368927,EIF1AX,3
10171,9606.ENSP00000368931,CCDC112,14
10172,9606.ENSP00000368952,STOML3,22
10173,9606.ENSP00000368959,REEP5,4
10174,9606.ENSP00000368965,HGSNAT,20
10175,9606.ENSP00000368966,TRPC3,12
10176,9606.ENSP00000368970,UFM1,6
10177,9606.ENSP00000368981,SLC35B3,37
10178,9606.ENSP00000368982,KATNB1,14
10179,9606.ENSP00000368984,EXOSC9,8
10180,9606.ENSP00000368994,ARHGAP44,9
10181,9606.ENSP00000369017,INSL3,1
10182,9606.ENSP00000369038,EEF1E1,6
10183,9606.ENSP00000369042,IPO7,14
10184,9606.ENSP00000369045,SPINK4,20
10185,9606.ENSP00000369055,B4GALT1,18
10186,9606.ENSP00000369071,POSTN,17
10187,9606.ENSP00000369075,CENPB,10
10188,9606.ENSP00000369080,SPEF1,22
10189,9606.ENSP00000369081,TXNDC5,5
10190,9606.ENSP00000369099,ADPRM,3
10191,9606.ENSP00000369126,CSNK1A1L,3
10192,9606.ENSP00000369127,DNAJA1,17
10193,9606.ENSP00000369129,DSP,31
10194,9606.ENSP00000369131,SIN3B,13
10195,9606.ENSP00000369134,PDHA1,14
10196,9606.ENSP00000369139,MT1G,19
10197,9606.ENSP00000369145,APTX,4
10198,9606.ENSP00000369146,MT1M,7
10199,9606.ENSP00000369154,SMAD9,1
10200,9606.ENSP00000369157,OR10A4,29
10201,9606.ENSP00000369162,RIOK1,6
10202,9606.ENSP00000369176,NDUFB6,21
10203,9606.ENSP00000369192,NRBP1,60
10204,9606.ENSP00000369198,ADGRG2,14
10205,9606.ENSP00000369210,SOHLH2,13
10206,9606.ENSP00000369213,DDX58,30
10207,9606.ENSP00000369217,ARIH1,36
10208,9606.ENSP00000369251,MAB21L1,34
10209,9606.ENSP00000369268,CNGA4,2
10210,9606.ENSP00000369270,RREB1,8
10211,9606.ENSP00000369274,PHKA2,10
10212,9606.ENSP00000369286,LY86,12
10213,9606.ENSP00000369292,SAMD9,2
10214,9606.ENSP00000369293,IL2RA,3
10215,9606.ENSP00000369299,TRIM22,12
10216,9606.ENSP00000369314,GLRX,2
10217,9606.ENSP00000369317,KRT6A,2
10218,9606.ENSP00000369318,RHOBTB3,10
10219,9606.ENSP00000369320,RS1,11
10220,9606.ENSP00000369325,CDKL5,16
10221,9606.ENSP00000369328,LINGO2,8
10222,9606.ENSP00000369335,FBH1,7
10223,9606.ENSP00000369346,ARSK,15
10224,9606.ENSP00000369349,KRT81,4
10225,9606.ENSP00000369373,TRIM5,7
10226,9606.ENSP00000369375,TEK,7
10227,9606.ENSP00000369383,MPV17,4
10228,9606.ENSP00000369390,CDK14,18
10229,9606.ENSP00000369391,RPP40,14
10230,9606.ENSP00000369399,SLC4A11,5
10231,9606.ENSP00000369400,NHS,20
10232,9606.ENSP00000369409,EXOC3L4,14
10233,9606.ENSP00000369411,RFC3,4
10234,9606.ENSP00000369419,STEAP4,16
10235,9606.ENSP00000369424,RBBP7,13
10236,9606.ENSP00000369431,CAAP1,19
10237,9606.ENSP00000369438,KRTAP10-10,15
10238,9606.ENSP00000369440,TRIM6,2
10239,9606.ENSP00000369442,KL,30
10240,9606.ENSP00000369453,ELAVL2,20
10241,9606.ENSP00000369456,ITPA,2
10242,9606.ENSP00000369461,ECI2,12
10243,9606.ENSP00000369465,TXLNG,3
10244,9606.ENSP00000369473,N4BP2L1,23
10245,9606.ENSP00000369497,BRCA2,20
10246,9606.ENSP00000369500,SYAP1,14
10247,9606.ENSP00000369530,ALOX15B,3
10248,9606.ENSP00000369531,UBQLNL,17
10249,9606.ENSP00000369538,GDI2,6
10250,9606.ENSP00000369545,NABP2,15
10251,9606.ENSP00000369547,S100G,14
10252,9606.ENSP00000369553,IFNA8,15
10253,9606.ENSP00000369554,IFNA2,9
10254,9606.ENSP00000369558,IFNA6,4
10255,9606.ENSP00000369559,OR51I1,15
10256,9606.ENSP00000369564,IFNA16,10
10257,9606.ENSP00000369566,IFNA10,16
10258,9606.ENSP00000369568,OR51B6,5
10259,9606.ENSP00000369571,IFNA14,11
10260,9606.ENSP00000369573,OR51B4,14
10261,9606.ENSP00000369574,IFNA21,10
10262,9606.ENSP00000369578,IFNW1,4
10263,9606.ENSP00000369581,IFNB1,8
10264,9606.ENSP00000369592,CCDC85C,8
10265,9606.ENSP00000369604,FBXO16,10
10266,9606.ENSP00000369614,CNTROB,6
10267,9606.ENSP00000369618,FASTKD5,18
10268,9606.ENSP00000369636,PXDC1,22
10269,9606.ENSP00000369643,GRPR,2
10270,9606.ENSP00000369647,AVP,7
10271,9606.ENSP00000369666,FBXL19,4
10272,9606.ENSP00000369674,BCL7C,8
10273,9606.ENSP00000369677,EMILIN1,3
10274,9606.ENSP00000369681,USP3,4
10275,9606.ENSP00000369682,MRPS26,25
10276,9606.ENSP00000369689,CALML5,5
10277,9606.ENSP00000369695,MLLT3,1
10278,9606.ENSP00000369699,CLTRN,14
10279,9606.ENSP00000369703,TUBB2A,3
10280,9606.ENSP00000369716,CHD3,2
10281,9606.ENSP00000369729,OR51A2,18
10282,9606.ENSP00000369738,OR51T1,10
10283,9606.ENSP00000369753,MMP26,19
10284,9606.ENSP00000369755,C2CD4B,7
10285,9606.ENSP00000369756,PTPRA,10
10286,9606.ENSP00000369757,RPS6,11
10287,9606.ENSP00000369774,ZNF763,17
10288,9606.ENSP00000369784,TUBAL3,12
10289,9606.ENSP00000369786,PIR,13
10290,9606.ENSP00000369798,UCN3,23
10291,9606.ENSP00000369810,VPS16,15
10292,9606.ENSP00000369814,AKR1C4,17
10293,9606.ENSP00000369816,SHBG,15
10294,9606.ENSP00000369820,PIGA,16
10295,9606.ENSP00000369853,C2CD2,11
10296,9606.ENSP00000369855,ASB9,19
10297,9606.ENSP00000369857,ABRAXAS1,12
10298,9606.ENSP00000369860,MOSPD2,8
10299,9606.ENSP00000369863,TLCD3B,7
10300,9606.ENSP00000369871,HAUS6,8
10301,9606.ENSP00000369887,SLTM,7
10302,9606.ENSP00000369889,COL2A1,3
10303,9606.ENSP00000369895,GEMIN8,3
10304,9606.ENSP00000369897,CARS1,1
10305,9606.ENSP00000369899,RRAGA,15
10306,9606.ENSP00000369915,NAP1L4,20
10307,9606.ENSP00000369921,ADAMTSL1,19
10308,9606.ENSP00000369927,AKR1C3,12
10309,9606.ENSP00000369948,SLC22A18,22
10310,9606.ENSP00000369960,ADRA1A,9
10311,9606.ENSP00000369962,IGSF5,4
10312,9606.ENSP00000369965,BTF3,16
10313,9606.ENSP00000369981,SH3GL2,5
10314,9606.ENSP00000369989,KATNAL1,2
10315,9606.ENSP00000369996,ATXN3L,3
10316,9606.ENSP00000370003,BNIP3L,5
10317,9606.ENSP00000370010,TMSB4X,3
10318,9606.ENSP00000370013,PTCD2,19
10319,9606.ENSP00000370021,CNTLN,2
10320,9606.ENSP00000370022,EBF4,11
10321,9606.ENSP00000370023,HADHA,14
10322,9606.ENSP00000370034,TLR7,12
10323,9606.ENSP00000370047,BNC2,16
10324,9606.ENSP00000370055,UBL3,2
10325,9606.ENSP00000370057,FRMPD4,15
10326,9606.ENSP00000370074,SERPINB9,10
10327,9606.ENSP00000370078,PDE4A,7
10328,9606.ENSP00000370083,SMN1,2
10329,9606.ENSP00000370088,AMELX,5
10330,9606.ENSP00000370114,PSIP1,5
10331,9606.ENSP00000370115,SERPINB1,18
10332,9606.ENSP00000370119,SMN2,7
10333,9606.ENSP00000370125,HMGN1,3
10334,9606.ENSP00000370128,SLC7A1,5
10335,9606.ENSP00000370129,AKR1C2,17
10336,9606.ENSP00000370139,HCCS,14
10337,9606.ENSP00000370150,WRNIP1,2
10338,9606.ENSP00000370193,TAF9,8
10339,9606.ENSP00000370194,GMDS,20
10340,9606.ENSP00000370196,SBF1,22
10341,9606.ENSP00000370200,SNAPC3,28
10342,9606.ENSP00000370201,AK6,13
10343,9606.ENSP00000370208,RABGEF1,33
10344,9606.ENSP00000370213,CLCN4,22
10345,9606.ENSP00000370214,CENPO,22
10346,9606.ENSP00000370215,NOXRED1,18
10347,9606.ENSP00000370222,POMP,18
10348,9606.ENSP00000370242,WWC3,5
10349,9606.ENSP00000370253,NKX3-1,3
10350,9606.ENSP00000370254,AKR1C1,2
10351,9606.ENSP00000370258,EIF3CL,3
10352,9606.ENSP00000370270,ESRRB,29
10353,9606.ENSP00000370288,SELENOO,22
10354,9606.ENSP00000370293,HUS1B,25
10355,9606.ENSP00000370297,CER1,11
10356,9606.ENSP00000370299,SHROOM2,35
10357,9606.ENSP00000370303,ZDHHC21,13
10358,9606.ENSP00000370337,CEP152,20
10359,9606.ENSP00000370340,NFIB,6
10360,9606.ENSP00000370343,IRF4,30
10361,9606.ENSP00000370345,PAN3,25
10362,9606.ENSP00000370372,NLN,22
10363,9606.ENSP00000370373,FKBP1B,21
10364,9606.ENSP00000370376,DUT,24
10365,9606.ENSP00000370377,PITRM1,7
10366,9606.ENSP00000370394,RUFY3,28
10367,9606.ENSP00000370395,SGTB,9
10368,9606.ENSP00000370408,CDX2,14
10369,9606.ENSP00000370420,VCX3B,3
10370,9606.ENSP00000370421,PDX1,9
10371,9606.ENSP00000370430,PNPLA4,6
10372,9606.ENSP00000370443,ADAMTS6,6
10373,9606.ENSP00000370447,VCX,16
10374,9606.ENSP00000370460,CWC27,35
10375,9606.ENSP00000370473,IGFBP3,7
10376,9606.ENSP00000370479,VCX3A,6
10377,9606.ENSP00000370483,NLGN4X,6
10378,9606.ENSP00000370503,CCM2,7
10379,9606.ENSP00000370508,MTIF3,13
10380,9606.ENSP00000370517,PFKP,25
10381,9606.ENSP00000370519,ARSF,3
10382,9606.ENSP00000370521,AIPL1,1
10383,9606.ENSP00000370522,ARSH,3
10384,9606.ENSP00000370527,RCAN1,2
10385,9606.ENSP00000370532,GTF3A,1
10386,9606.ENSP00000370542,SDC1,6
10387,9606.ENSP00000370543,SLC5A3,27
10388,9606.ENSP00000370546,ARSD,8
10389,9606.ENSP00000370555,GYG2,4
10390,9606.ENSP00000370557,MIS12,3
10391,9606.ENSP00000370571,TH,12
10392,9606.ENSP00000370588,CD99,2
10393,9606.ENSP00000370589,NOP56,9
10394,9606.ENSP00000370593,PTPRD,40
10395,9606.ENSP00000370607,TECRL,15
10396,9606.ENSP00000370621,ZBED1,4
10397,9606.ENSP00000370624,MIER3,15
10398,9606.ENSP00000370625,POLR2B,4
10399,9606.ENSP00000370635,SLC39A14,12
10400,9606.ENSP00000370639,ASMT,3
10401,9606.ENSP00000370653,GEN1,3
10402,9606.ENSP00000370669,SLC8A3,1
10403,9606.ENSP00000370671,KLHL42,7
10404,9606.ENSP00000370695,EXOC1,9
10405,9606.ENSP00000370697,P2RY8,27
10406,9606.ENSP00000370698,IL6ST,18
10407,9606.ENSP00000370710,KDM4C,13
10408,9606.ENSP00000370713,ADARB2,3
10409,9606.ENSP00000370718,ASMTL,75
10410,9606.ENSP00000370719,ITSN1,11
10411,9606.ENSP00000370736,TMEM165,36
10412,9606.ENSP00000370737,GLDC,28
10413,9606.ENSP00000370744,ITPR2,36
10414,9606.ENSP00000370745,DDX1,16
10415,9606.ENSP00000370748,IDI1,26
10416,9606.ENSP00000370750,RDH11,3
10417,9606.ENSP00000370767,GP2,10
10418,9606.ENSP00000370781,CDC20B,4
10419,9606.ENSP00000370800,MBD3L2,1
10420,9606.ENSP00000370803,CCP110,5
10421,9606.ENSP00000370808,SLC25A6,8
10422,9606.ENSP00000370812,ESM1,6
10423,9606.ENSP00000370839,SGCB,4
10424,9606.ENSP00000370842,IL33,7
10425,9606.ENSP00000370849,ITPRIPL2,7
10426,9606.ENSP00000370867,TGM3,20
10427,9606.ENSP00000370882,OCIAD1,20
10428,9606.ENSP00000370886,MLANA,7
10429,9606.ENSP00000370889,DENND1C,6
10430,9606.ENSP00000370891,STK35,21
10431,9606.ENSP00000370896,GREB1,21
10432,9606.ENSP00000370912,TEC,8
10433,9606.ENSP00000370936,E2F6,8
10434,9606.ENSP00000370938,CDK8,3
10435,9606.ENSP00000370950,NPSR1,6
10436,9606.ENSP00000370962,GGT6,15
10437,9606.ENSP00000370966,CRYZL1,3
10438,9606.ENSP00000370968,MYBBP1A,7
10439,9606.ENSP00000370975,TNNT3,2
10440,9606.ENSP00000370978,CRLF2,12
10441,9606.ENSP00000370980,ENSP00000370980,25
10442,9606.ENSP00000370981,LZTS1,1
10443,9606.ENSP00000370984,COMMD8,15
10444,9606.ENSP00000370989,CD274,4
10445,9606.ENSP00000370990,SHOX,2
10446,9606.ENSP00000371000,RNF6,4
10447,9606.ENSP00000371003,ZMYND11,7
10448,9606.ENSP00000371018,SIRPB1,4
10449,9606.ENSP00000371037,CATSPERD,8
10450,9606.ENSP00000371040,RLN2,11
10451,9606.ENSP00000371054,INSL6,10
10452,9606.ENSP00000371067,JAK2,14
10453,9606.ENSP00000371070,ATP8A2,11
10454,9606.ENSP00000371073,PLCXD1,5
10455,9606.ENSP00000371084,ATP8A1,1
10456,9606.ENSP00000371085,BAIAP2L2,2
10457,9606.ENSP00000371101,NOL10,34
10458,9606.ENSP00000371110,GCAT,34
10459,9606.ENSP00000371117,GAGE12E,15
10460,9606.ENSP00000371126,NUTM2A,15
10461,9606.ENSP00000371133,HMG20A,16
10462,9606.ENSP00000371141,GAGE12H,4
10463,9606.ENSP00000371152,ASAH1,6
10464,9606.ENSP00000371155,NUP58,4
10465,9606.ENSP00000371169,RCL1,1
10466,9606.ENSP00000371175,GGA1,6
10467,9606.ENSP00000371180,CATSPER2,12
10468,9606.ENSP00000371188,CAMKK1,4
10469,9606.ENSP00000371193,CPPED1,1
10470,9606.ENSP00000371194,LSP1,22
10471,9606.ENSP00000371201,NSUN7,16
10472,9606.ENSP00000371219,RHOH,22
10473,9606.ENSP00000371221,MTMR6,1
10474,9606.ENSP00000371230,AK3,20
10475,9606.ENSP00000371233,SDCBP2,29
10476,9606.ENSP00000371234,CYS1,5
10477,9606.ENSP00000371253,GART,8
10478,9606.ENSP00000371267,YWHAQ,10
10479,9606.ENSP00000371272,PLIN5,4
10480,9606.ENSP00000371278,CDC37L1,3
10481,9606.ENSP00000371291,SNPH,2
10482,9606.ENSP00000371294,CTNS,2
10483,9606.ENSP00000371307,PLPP6,25
10484,9606.ENSP00000371308,CENPJ,21
10485,9606.ENSP00000371321,RFC1,3
10486,9606.ENSP00000371327,KLRC2,4
10487,9606.ENSP00000371328,KLRC3,5
10488,9606.ENSP00000371336,TNNI2,2
10489,9606.ENSP00000371341,TNK2,3
10490,9606.ENSP00000371345,METTL22,2
10491,9606.ENSP00000371347,ANGPT4,2
10492,9606.ENSP00000371362,NADK2,3
10493,9606.ENSP00000371388,SRXN1,2
10494,9606.ENSP00000371393,PGM2,2
10495,9606.ENSP00000371398,GLIS3,14
10496,9606.ENSP00000371408,C4orf19,2
10497,9606.ENSP00000371419,PARP4,4
10498,9606.ENSP00000371420,GPNMB,2
10499,9606.ENSP00000371425,IFNGR2,1
10500,9606.ENSP00000371434,RFX3,2
10501,9606.ENSP00000371451,DNAJC21,2
10502,9606.ENSP00000371469,RAD1,2
10503,9606.ENSP00000371471,RSAD2,3
10504,9606.ENSP00000371472,NIN,2
10505,9606.ENSP00000371475,TP53BP1,2
10506,9606.ENSP00000371483,SLC34A2,2
10507,9606.ENSP00000371505,CLEC6A,2
10508,9606.ENSP00000371512,SGCZ,2
10509,9606.ENSP00000371514,KCNV2,3
10510,9606.ENSP00000371517,AMACR,2
10511,9606.ENSP00000371532,VLDLR,2
10512,9606.ENSP00000371535,SEPSECS,2
10513,9606.ENSP00000371548,LGI2,2
10514,9606.ENSP00000371553,NANOGNB,2
10515,9606.ENSP00000371554,SOD3,2
10516,9606.ENSP00000371577,MTMR12,2
10517,9606.ENSP00000371587,KCNIP4,2
10518,9606.ENSP00000371594,GNG7,2
10519,9606.ENSP00000371595,KRTAP5-6,2
10520,9606.ENSP00000371606,KRTAP5-1,1
10521,9606.ENSP00000371607,MIPEP,2
10522,9606.ENSP00000371614,BRSK2,2
10523,9606.ENSP00000371638,SMARCA2,2
10524,9606.ENSP00000371643,DEFB135,2
10525,9606.ENSP00000371661,LCORL,15
10526,9606.ENSP00000371682,DCAF16,8
10527,9606.ENSP00000371686,DMRT2,24
10528,9606.ENSP00000371689,CDH12,9
10529,9606.ENSP00000371693,TNFRSF19,12
10530,9606.ENSP00000371710,CDH18,7
10531,9606.ENSP00000371711,DMRT1,5
10532,9606.ENSP00000371724,BPY2C,1
10533,9606.ENSP00000371729,SACS,11
10534,9606.ENSP00000371770,FGFBP1,2
10535,9606.ENSP00000371785,OLIG1,3
10536,9606.ENSP00000371786,ONECUT3,7
10537,9606.ENSP00000371790,FGF9,3
10538,9606.ENSP00000371798,FSCN1,18
10539,9606.ENSP00000371802,DAZ3,10
10540,9606.ENSP00000371805,FBXL18,28
10541,9606.ENSP00000371811,MICU2,1
10542,9606.ENSP00000371813,DEFB132,22
10543,9606.ENSP00000371825,DEFB127,5
10544,9606.ENSP00000371829,BPY2B,41
10545,9606.ENSP00000371835,DEFB126,2
10546,9606.ENSP00000371846,DEAF1,6
10547,9606.ENSP00000371847,DEFB125,3
10548,9606.ENSP00000371858,NOP2,9
10549,9606.ENSP00000371859,BAZ1A,7
10550,9606.ENSP00000371870,DAZ2,7
10551,9606.ENSP00000371875,NKX3-2,20
10552,9606.ENSP00000371886,JMJD7-PLA2G4B,4
10553,9606.ENSP00000371897,ARHGAP5,18
10554,9606.ENSP00000371923,RP1L1,1
10555,9606.ENSP00000371927,GPR78,20
10556,9606.ENSP00000371929,HTR3D,19
10557,9606.ENSP00000371932,TAS2R1,17
10558,9606.ENSP00000371936,SEMA5A,19
10559,9606.ENSP00000371958,CD9,12
10560,9606.ENSP00000371985,KCNA1,20
10561,9606.ENSP00000372005,DNAJC19,31
10562,9606.ENSP00000372023,CHEK2,4
10563,9606.ENSP00000372035,LATS2,30
10564,9606.ENSP00000372042,PPP2R2C,21
10565,9606.ENSP00000372059,IFITM5,19
10566,9606.ENSP00000372067,PRMT8,11
10567,9606.ENSP00000372105,RBMY1E,8
10568,9606.ENSP00000372112,FAHD1,6
10569,9606.ENSP00000372127,RBMY1D,2
10570,9606.ENSP00000372136,DEFA1B,6
10571,9606.ENSP00000372139,DEFA1,2
10572,9606.ENSP00000372154,RBMY1A1,7
10573,9606.ENSP00000372155,PSME1,5
10574,9606.ENSP00000372160,DOK6,2
10575,9606.ENSP00000372169,CACNA2D4,20
10576,9606.ENSP00000372170,MSX1,8
10577,9606.ENSP00000372191,SIRT3,5
10578,9606.ENSP00000372193,CLCN7,33
10579,9606.ENSP00000372199,URB1,25
10580,9606.ENSP00000372206,EEF1AKMT1,19
10581,9606.ENSP00000372210,BET1L,9
10582,9606.ENSP00000372218,SERPINB12,3
10583,9606.ENSP00000372221,SERPINB5,9
10584,9606.ENSP00000372274,FBXO25,4
10585,9606.ENSP00000372278,KRTAP20-4,6
10586,9606.ENSP00000372286,KRTAP27-1,1
10587,9606.ENSP00000372295,GJB2,39
10588,9606.ENSP00000372313,MSLN,5
10589,9606.ENSP00000372351,NSD2,21
10590,9606.ENSP00000372390,SLC7A4,16
10591,9606.ENSP00000372394,TMEM129,11
10592,9606.ENSP00000372445,METTL17,5
10593,9606.ENSP00000372459,CTIF,10
10594,9606.ENSP00000372462,TSPY8,9
10595,9606.ENSP00000372471,TSPY4,6
10596,9606.ENSP00000372482,SNRNP25,7
10597,9606.ENSP00000372484,RBMY1B,6
10598,9606.ENSP00000372499,TBL1Y,7
10599,9606.ENSP00000372505,AMELY,11
10600,9606.ENSP00000372512,TSPY2,14
10601,9606.ENSP00000372547,SRY,17
10602,9606.ENSP00000372689,STAG1,2
10603,9606.ENSP00000372724,LY6G5C,4
10604,9606.ENSP00000372750,CHRM5,4
10605,9606.ENSP00000372910,LY6G6E,11
10606,9606.ENSP00000372924,RALBP1,5
10607,9606.ENSP00000373066,TXNRD3NB,8
10608,9606.ENSP00000373073,UROC1,12
10609,9606.ENSP00000373153,HACD2,10
10610,9606.ENSP00000373169,DRD3,1
10611,9606.ENSP00000373176,GTPBP8,12
10612,9606.ENSP00000373191,LNP1,7
10613,9606.ENSP00000373206,EOGT,12
10614,9606.ENSP00000373215,CADPS,10
10615,9606.ENSP00000373244,CSPG5,2
10616,9606.ENSP00000373272,TRIM71,1
10617,9606.ENSP00000373277,RBMS3,11
10618,9606.ENSP00000373278,ZCWPW2,4
10619,9606.ENSP00000373298,COLQ,2
10620,9606.ENSP00000373301,SH3BP5,3
10621,9606.ENSP00000373304,CCDC174,5
10622,9606.ENSP00000373312,SEC13,8
10623,9606.ENSP00000373325,IL17RE,5
10624,9606.ENSP00000373328,CIDEC,4
10625,9606.ENSP00000373331,RPUSD3,1
10626,9606.ENSP00000373340,BRPF1,6
10627,9606.ENSP00000373347,SRGAP3,5
10628,9606.ENSP00000373354,SETMAR,4
10629,9606.ENSP00000373364,GOLM1,22
10630,9606.ENSP00000373370,FLG2,10
10631,9606.ENSP00000373399,PIP5KL1,8
10632,9606.ENSP00000373404,MRPL2,17
10633,9606.ENSP00000373413,UFSP1,1
10634,9606.ENSP00000373420,RUFY2,18
10635,9606.ENSP00000373433,LAMB4,43
10636,9606.ENSP00000373450,SPAG1,9
10637,9606.ENSP00000373472,ADAMTS7,13
10638,9606.ENSP00000373474,METTL14,13
10639,9606.ENSP00000373477,GPX3,12
10640,9606.ENSP00000373489,KRT18,12
10641,9606.ENSP00000373518,NOX5,8
10642,9606.ENSP00000373539,STAB2,4
10643,9606.ENSP00000373565,FAM83H,17
10644,9606.ENSP00000373570,TYRP1,14
10645,9606.ENSP00000373574,ACVRL1,12
10646,9606.ENSP00000373600,LRRK1,18
10647,9606.ENSP00000373627,SEPTIN14,10
10648,9606.ENSP00000373640,HYKK,19
10649,9606.ENSP00000373647,FAM83G,4
10650,9606.ENSP00000373648,KCNQ3,4
10651,9606.ENSP00000373657,NCBP3,18
10652,9606.ENSP00000373669,BORCS6,18
10653,9606.ENSP00000373674,NT5M,14
10654,9606.ENSP00000373684,STK38L,11
10655,9606.ENSP00000373691,DUOX2,22
10656,9606.ENSP00000373696,TRIP12,21
10657,9606.ENSP00000373700,ALK,2
10658,9606.ENSP00000373706,DIAPH1,7
10659,9606.ENSP00000373715,DCP2,9
10660,9606.ENSP00000373772,RNF20,12
10661,9606.ENSP00000373783,LOXL2,22
10662,9606.ENSP00000373854,ITGAD,5
10663,9606.ENSP00000373860,ASPDH,4
10664,9606.ENSP00000373905,DNM2,5
10665,9606.ENSP00000373918,GARS1,1
10666,9606.ENSP00000373948,CFAP69,11
10667,9606.ENSP00000373952,FANCA,2
10668,9606.ENSP00000373964,SMTNL2,11
10669,9606.ENSP00000373979,TRAPPC9,13
10670,9606.ENSP00000374013,PRB2,5
10671,9606.ENSP00000374014,TM6SF2,11
10672,9606.ENSP00000374036,RPH3A,6
10673,9606.ENSP00000374037,VPS9D1,1
10674,9606.ENSP00000374045,DNAH6,7
10675,9606.ENSP00000374069,PTPRN2,3
10676,9606.ENSP00000374113,PTMS,1
10677,9606.ENSP00000374125,SIGLEC15,5
10678,9606.ENSP00000374135,LRP1B,16
10679,9606.ENSP00000374152,SMYD5,10
10680,9606.ENSP00000374183,CAMSAP1,9
10681,9606.ENSP00000374205,TBR1,17
10682,9606.ENSP00000374212,EP400,6
10683,9606.ENSP00000374218,ESYT3,7
10684,9606.ENSP00000374240,SHOX2,6
10685,9606.ENSP00000374265,GPX2,10
10686,9606.ENSP00000374268,GXYLT2,11
10687,9606.ENSP00000374280,RTF1,8
10688,9606.ENSP00000374309,LAMA1,9
10689,9606.ENSP00000374323,EPHA6,29
10690,9606.ENSP00000374332,TSN,23
10691,9606.ENSP00000374354,EXOSC8,19
10692,9606.ENSP00000374359,ZXDC,16
10693,9606.ENSP00000374377,RFLNA,6
10694,9606.ENSP00000374387,TRMT44,5
10695,9606.ENSP00000374399,TRMT61A,25
10696,9606.ENSP00000374409,PKP4,3
10697,9606.ENSP00000374424,ARHGAP8,12
10698,9606.ENSP00000374443,LYST,5
10699,9606.ENSP00000374447,LRCH1,2
10700,9606.ENSP00000374455,SQSTM1,4
10701,9606.ENSP00000374482,MRGPRE,49
10702,9606.ENSP00000374490,DNAH17,11
10703,9606.ENSP00000374507,CCDC88C,7
10704,9606.ENSP00000374529,CCNK,4
10705,9606.ENSP00000374552,RNF216,7
10706,9606.ENSP00000374562,COX16,6
10707,9606.ENSP00000374566,KIF19,5
10708,9606.ENSP00000374632,TMEM95,3
10709,9606.ENSP00000375063,NLRP5,22
10710,9606.ENSP00000375066,HCAR2,4
10711,9606.ENSP00000375069,COL23A1,20
10712,9606.ENSP00000375073,EID2,15
10713,9606.ENSP00000375076,KRTAP4-4,22
10714,9606.ENSP00000375080,PPP2R3B,36
10715,9606.ENSP00000375081,TSSK1B,33
10716,9606.ENSP00000375086,CCL25,43
10717,9606.ENSP00000375091,TAS2R19,14
10718,9606.ENSP00000375093,TAS2R31,20
10719,9606.ENSP00000375095,TAS2R13,21
10720,9606.ENSP00000375108,KRTAP19-1,20
10721,9606.ENSP00000375109,KRTAP13-3,13
10722,9606.ENSP00000375151,KRTAP4-3,22
10723,9606.ENSP00000375220,CTAGE1,12
10724,9606.ENSP00000375232,KRTAP4-11,21
10725,9606.ENSP00000375236,KRTAP4-7,15
10726,9606.ENSP00000375238,KRTAP2-1,1
10727,9606.ENSP00000375248,BHLHA9,12
10728,9606.ENSP00000375267,RTL8A,4
10729,9606.ENSP00000375268,RTL8B,31
10730,9606.ENSP00000375428,KRTAP3-3,6
10731,9606.ENSP00000375429,KRTAP3-2,5
10732,9606.ENSP00000375430,KRTAP3-1,17
10733,9606.ENSP00000375475,KRTAP12-1,19
10734,9606.ENSP00000375478,KRTAP10-3,15
10735,9606.ENSP00000375482,KRTAP6-3,24
10736,9606.ENSP00000375608,KIR3DL1,1
10737,9606.ENSP00000375616,LILRB4,1
10738,9606.ENSP00000375618,LILRA2,10
10739,9606.ENSP00000375622,LAIR1,11
10740,9606.ENSP00000375629,LILRB2,5
10741,9606.ENSP00000375632,RPS9,23
10742,9606.ENSP00000375639,TFPT,4
10743,9606.ENSP00000375647,CACNG7,3
10744,9606.ENSP00000375649,MYADM,4
10745,9606.ENSP00000375653,NLRP12,9
10746,9606.ENSP00000375678,KLK14,21
10747,9606.ENSP00000375682,KLK8,13
10748,9606.ENSP00000375711,AKT1S1,14
10749,9606.ENSP00000375717,PTOV1,2
10750,9606.ENSP00000375730,RPL13A,3
10751,9606.ENSP00000375756,KCNJ14,4
10752,9606.ENSP00000375770,ZNF541,1
10753,9606.ENSP00000375777,STRN4,3
10754,9606.ENSP00000375778,LAMB3,9
10755,9606.ENSP00000375783,DACT3,18
10756,9606.ENSP00000375795,IL24,6
10757,9606.ENSP00000375809,ERCC2,8
10758,9606.ENSP00000375810,KLC3,5
10759,9606.ENSP00000375821,PPP1R12B,3
10760,9606.ENSP00000375829,LAD1,18
10761,9606.ENSP00000375836,HDLBP,16
10762,9606.ENSP00000375844,CAPN10,16
10763,9606.ENSP00000375855,PDC,21
10764,9606.ENSP00000375857,LRRFIP1,17
10765,9606.ENSP00000375863,HNRNPUL1,17
10766,9606.ENSP00000375873,ATG16L1,15
10767,9606.ENSP00000375881,ALPP,8
10768,9606.ENSP00000375882,SERTAD3,1
10769,9606.ENSP00000375892,AKT2,7
10770,9606.ENSP00000375899,SP140,2
10771,9606.ENSP00000375909,SPHKAP,9
10772,9606.ENSP00000375914,RHBDD1,10
10773,9606.ENSP00000375921,PAX3,1
10774,9606.ENSP00000375951,TTLL4,1
10775,9606.ENSP00000375978,XRCC5,4
10776,9606.ENSP00000375986,MAP3K4,3
10777,9606.ENSP00000376007,PNLDC1,13
10778,9606.ENSP00000376024,SNX9,4
10779,9606.ENSP00000376035,ZBTB32,5
10780,9606.ENSP00000376048,MAG,4
10781,9606.ENSP00000376055,EEF1B2,27
10782,9606.ENSP00000376071,FAM117B,2
10783,9606.ENSP00000376077,SUMO1,13
10784,9606.ENSP00000376097,URI1,9
10785,9606.ENSP00000376103,C19orf12,17
10786,9606.ENSP00000376123,SH2D2A,10
10787,9606.ENSP00000376132,MYO1B,2
10788,9606.ENSP00000376139,WDR45B,41
10789,9606.ENSP00000376142,INPP1,25
10790,9606.ENSP00000376167,GPS1,38
10791,9606.ENSP00000376177,CALCRL,9
10792,9606.ENSP00000376178,STX2,2
10793,9606.ENSP00000376184,BDH1,20
10794,9606.ENSP00000376188,CRLF1,21
10795,9606.ENSP00000376197,TFRC,3
10796,9606.ENSP00000376204,ASH1L,5
10797,9606.ENSP00000376249,CCDC50,30
10798,9606.ENSP00000376258,RNF34,24
10799,9606.ENSP00000376268,SEC14L1,3
10800,9606.ENSP00000376269,NCOA7,15
10801,9606.ENSP00000376272,RFC4,14
10802,9606.ENSP00000376276,SRSF2,16
10803,9606.ENSP00000376287,CRYGS,23
10804,9606.ENSP00000376293,OSBPL6,6
10805,9606.ENSP00000376297,DYNLL1,12
10806,9606.ENSP00000376303,CPT1C,15
10807,9606.ENSP00000376306,CIT,36
10808,9606.ENSP00000376307,TEDC1,13
10809,9606.ENSP00000376309,HNRNPA3,2
10810,9606.ENSP00000376317,TAOK3,2
10811,9606.ENSP00000376322,HOXD13,5
10812,9606.ENSP00000376330,WIPF1,1
10813,9606.ENSP00000376333,LLGL2,17
10814,9606.ENSP00000376337,BTBD6,26
10815,9606.ENSP00000376345,GRB2,14
10816,9606.ENSP00000376349,NUDT14,20
10817,9606.ENSP00000376352,PDK1,19
10818,9606.ENSP00000376367,WASF1,21
10819,9606.ENSP00000376384,ADGRA1,13
10820,9606.ENSP00000376395,CD300E,1
10821,9606.ENSP00000376397,CD300LB,2
10822,9606.ENSP00000376410,INF2,7
10823,9606.ENSP00000376417,ARMC2,29
10824,9606.ENSP00000376419,KLHL23,21
10825,9606.ENSP00000376423,SPRR2A,18
10826,9606.ENSP00000376432,KCNJ1,20
10827,9606.ENSP00000376436,ETS1,1
10828,9606.ENSP00000376440,RAD9B,6
10829,9606.ENSP00000376443,ABCA5,14
10830,9606.ENSP00000376445,TIRAP,12
10831,9606.ENSP00000376453,CERS6,3
10832,9606.ENSP00000376456,B3GALT1,6
10833,9606.ENSP00000376457,ECT2,4
10834,9606.ENSP00000376458,CDON,1
10835,9606.ENSP00000376465,GALNT3,7
10836,9606.ENSP00000376472,STT3A,8
10837,9606.ENSP00000376475,PRKAR1A,8
10838,9606.ENSP00000376500,TRAF3,6
10839,9606.ENSP00000376506,PDCD10,2
10840,9606.ENSP00000376523,SCN3B,4
10841,9606.ENSP00000376534,BAZ2B,1
10842,9606.ENSP00000376543,TECTA,11
10843,9606.ENSP00000376544,CD79B,6
10844,9606.ENSP00000376553,TMEM119,12
10845,9606.ENSP00000376565,TMUB1,1
10846,9606.ENSP00000376568,MLF1,2
10847,9606.ENSP00000376582,RIC8B,2
10848,9606.ENSP00000376609,GRK5,8
10849,9606.ENSP00000376611,TDG,4
10850,9606.ENSP00000376623,CSH2,8
10851,9606.ENSP00000376637,IGF1,3
10852,9606.ENSP00000376652,EVL,4
10853,9606.ENSP00000376658,SYCP3,3
10854,9606.ENSP00000376678,TAGLN,1
10855,9606.ENSP00000376686,LCA5,9
10856,9606.ENSP00000376703,ANO4,27
10857,9606.ENSP00000376753,GIPC1,18
10858,9606.ENSP00000376765,PIAS3,12
10859,9606.ENSP00000376776,DBH,13
10860,9606.ENSP00000376786,POU2AF1,6
10861,9606.ENSP00000376792,VTI1A,35
10862,9606.ENSP00000376800,MTPN,1
10863,9606.ENSP00000376808,CUL5,1
10864,9606.ENSP00000376822,STEAP3,6
10865,9606.ENSP00000376823,CYREN,8
10866,9606.ENSP00000376827,MKS1,30
10867,9606.ENSP00000376840,BPGM,22
10868,9606.ENSP00000376848,PRIMA1,37
10869,9606.ENSP00000376849,CASP5,13
10870,9606.ENSP00000376855,DPP10,20
10871,9606.ENSP00000376865,PDGFD,1
10872,9606.ENSP00000376886,NME2,26
10873,9606.ENSP00000376889,NME1-NME2,14
10874,9606.ENSP00000376893,IL1F10,1
10875,9606.ENSP00000376899,PTGFRN,1
10876,9606.ENSP00000376902,BANP,1
10877,9606.ENSP00000376911,LGMN,6
10878,9606.ENSP00000376919,LUC7L3,21
10879,9606.ENSP00000376921,NTNG2,2
10880,9606.ENSP00000376930,TMCC1,12
10881,9606.ENSP00000376943,BCL2L11,19
10882,9606.ENSP00000376945,FBXW9,23
10883,9606.ENSP00000376952,EME1,4
10884,9606.ENSP00000377001,SPOP,20
10885,9606.ENSP00000377003,TSPAN8,10
10886,9606.ENSP00000377007,CENPN,6
10887,9606.ENSP00000377015,PICALM,10
10888,9606.ENSP00000377027,TGFBRAP1,6
10889,9606.ENSP00000377033,ATP5MC1,3
10890,9606.ENSP00000377036,PTPA,8
10891,9606.ENSP00000377043,TTLL6,14
10892,9606.ENSP00000377047,PTPRZ1,4
10893,9606.ENSP00000377055,PRCP,6
10894,9606.ENSP00000377059,SNX11,7
10895,9606.ENSP00000377060,CBX1,13
10896,9606.ENSP00000377061,PLXNA1,6
10897,9606.ENSP00000377075,RGL3,19
10898,9606.ENSP00000377112,SLC12A8,6
10899,9606.ENSP00000377115,LIPT1,13
10900,9606.ENSP00000377123,TSGA10,1
10901,9606.ENSP00000377148,AP1G1,5
10902,9606.ENSP00000377170,ANKRD39,6
10903,9606.ENSP00000377171,ZNF23,39
10904,9606.ENSP00000377176,SPATA7,6
10905,9606.ENSP00000377192,G6PD,8
10906,9606.ENSP00000377195,DBN1,14
10907,9606.ENSP00000377197,HYDIN,5
10908,9606.ENSP00000377218,IRF2,9
10909,9606.ENSP00000377224,CDKN2D,1
10910,9606.ENSP00000377225,FAM50A,10
10911,9606.ENSP00000377233,ARAP1,27
10912,9606.ENSP00000377245,KEAP1,15
10913,9606.ENSP00000377250,MON2,24
10914,9606.ENSP00000377257,ST3GAL2,13
10915,9606.ENSP00000377262,SRPK2,50
10916,9606.ENSP00000377265,TFAP2B,25
10917,9606.ENSP00000377275,GOLGB1,14
10918,9606.ENSP00000377280,FBXO8,1
10919,9606.ENSP00000377284,FOLR1,7
10920,9606.ENSP00000377296,SNCB,13
10921,9606.ENSP00000377298,NUMA1,4
10922,9606.ENSP00000377303,RENBP,9
10923,9606.ENSP00000377311,FDX2,7
10924,9606.ENSP00000377344,DDX60,26
10925,9606.ENSP00000377353,DRD1,13
10926,9606.ENSP00000377355,PDZD4,1
10927,9606.ENSP00000377357,ZDHHC16,32
10928,9606.ENSP00000377370,IGSF11,5
10929,9606.ENSP00000377372,GAP43,5
10930,9606.ENSP00000377374,ERGIC1,14
10931,9606.ENSP00000377384,PSMC3IP,5
10932,9606.ENSP00000377385,PPAN-P2RY11,3
10933,9606.ENSP00000377390,PPP6R3,5
10934,9606.ENSP00000377401,SLC35B2,12
10935,9606.ENSP00000377411,NDUFA4L2,3
10936,9606.ENSP00000377416,SIDT1,13
10937,9606.ENSP00000377428,CFAP44,10
10938,9606.ENSP00000377446,SUCLG1,13
10939,9606.ENSP00000377447,MAGEA12,2
10940,9606.ENSP00000377456,REG3A,9
10941,9606.ENSP00000377470,CNP,1
10942,9606.ENSP00000377486,MRPL19,15
10943,9606.ENSP00000377490,EVA1A,3
10944,9606.ENSP00000377492,HMMR,3
10945,9606.ENSP00000377494,TAGLN3,1
10946,9606.ENSP00000377508,JUP,5
10947,9606.ENSP00000377520,SYT12,1
10948,9606.ENSP00000377536,PTTG1,1
10949,9606.ENSP00000377545,C1QTNF2,1
10950,9606.ENSP00000377546,KRT15,1
10951,9606.ENSP00000377549,FABP6,2
10952,9606.ENSP00000377558,KRT35,2
10953,9606.ENSP00000377570,KRT34,1
10954,9606.ENSP00000377576,KRTAP9-9,1
10955,9606.ENSP00000377582,KRTAP4-12,5
10956,9606.ENSP00000377601,HELLS,1
10957,9606.ENSP00000377616,KRT222,1
10958,9606.ENSP00000377617,MTHFD2,1
10959,9606.ENSP00000377633,STAMBP,2
10960,9606.ENSP00000377640,RPL24,1
10961,9606.ENSP00000377655,SENP7,10
10962,9606.ENSP00000377665,GAPVD1,5
10963,9606.ENSP00000377668,SUOX,1
10964,9606.ENSP00000377681,G3BP1,3
10965,9606.ENSP00000377690,TTC23,2
10966,9606.ENSP00000377696,NIT2,1
10967,9606.ENSP00000377699,ADGRG4,3
10968,9606.ENSP00000377700,TBC1D23,51
10969,9606.ENSP00000377703,DGKA,6
10970,9606.ENSP00000377721,NR2F2,3
10971,9606.ENSP00000377724,ORMDL3,4
10972,9606.ENSP00000377725,ZKSCAN5,1
10973,9606.ENSP00000377735,CLDND1,1
10974,9606.ENSP00000377747,CHD2,1
10975,9606.ENSP00000377769,ARL13B,1
10976,9606.ENSP00000377771,SIPA1,2
10977,9606.ENSP00000377779,SV2B,1
10978,9606.ENSP00000377783,PROS1,3
10979,9606.ENSP00000377789,SYNPO,1
10980,9606.ENSP00000377793,PRC1,2
10981,9606.ENSP00000377796,METTL7B,1
10982,9606.ENSP00000377797,USP49,2
10983,9606.ENSP00000377801,RCCD1,2
10984,9606.ENSP00000377807,FAM122A,11
10985,9606.ENSP00000377814,HDDC3,13
10986,9606.ENSP00000377823,NDRG4,2
10987,9606.ENSP00000377833,ANXA4,10
10988,9606.ENSP00000377836,GPC3,7
10989,9606.ENSP00000377840,CACNB1,1
10990,9606.ENSP00000377845,ASNS,10
10991,9606.ENSP00000377854,LHX6,6
10992,9606.ENSP00000377862,FAT4,10
10993,9606.ENSP00000377867,STK26,1
10994,9606.ENSP00000377900,LIPF,1
10995,9606.ENSP00000377914,CIAPIN1,5
10996,9606.ENSP00000377934,KIF7,2
10997,9606.ENSP00000377936,PPP2R2B,1
10998,9606.ENSP00000377941,ACTN1,1
10999,9606.ENSP00000377944,UTP14A,10
11000,9606.ENSP00000377948,QRFPR,5
11001,9606.ENSP00000377954,LARS1,8
11002,9606.ENSP00000377958,CCT4,1
11003,9606.ENSP00000377969,GTF2F1,14
11004,9606.ENSP00000377971,ANKLE1,8
11005,9606.ENSP00000377995,MT1X,1
11006,9606.ENSP00000378015,KRIT1,4
11007,9606.ENSP00000378040,BAD,2
11008,9606.ENSP00000378046,FKBP2,3
11009,9606.ENSP00000378050,TRPT1,3
11010,9606.ENSP00000378056,PDE8A,3
11011,9606.ENSP00000378058,EFEMP1,10
11012,9606.ENSP00000378063,SLFN12,16
11013,9606.ENSP00000378072,PNPLA1,21
11014,9606.ENSP00000378074,SLC28A1,15
11015,9606.ENSP00000378089,NMB,14
11016,9606.ENSP00000378105,ELOVL6,11
11017,9606.ENSP00000378118,CCL8,4
11018,9606.ENSP00000378119,STEAP2,17
11019,9606.ENSP00000378131,CFI,9
11020,9606.ENSP00000378132,IRX5,21
11021,9606.ENSP00000378145,MCUB,10
11022,9606.ENSP00000378163,RPL34,1
11023,9606.ENSP00000378165,ZNF207,6
11024,9606.ENSP00000378167,CCDC66,25
11025,9606.ENSP00000378176,SGMS2,17
11026,9606.ENSP00000378181,BRD7,12
11027,9606.ENSP00000378191,AIMP1,17
11028,9606.ENSP00000378193,DMTF1,1
11029,9606.ENSP00000378195,GPR75,6
11030,9606.ENSP00000378198,TBCK,7
11031,9606.ENSP00000378199,HSPA2,14
11032,9606.ENSP00000378207,AKAP5,10
11033,9606.ENSP00000378235,SFMBT1,9
11034,9606.ENSP00000378236,STON1-GTF2A1L,21
11035,9606.ENSP00000378248,CXXC4,7
11036,9606.ENSP00000378260,ALG13,4
11037,9606.ENSP00000378265,SLC9B2,9
11038,9606.ENSP00000378275,PAIP2,3
11039,9606.ENSP00000378284,MATR3,1
11040,9606.ENSP00000378288,MYLK3,6
11041,9606.ENSP00000378289,SYNPO2L,15
11042,9606.ENSP00000378295,INCENP,7
11043,9606.ENSP00000378306,PPP3CB,5
11044,9606.ENSP00000378310,SLC39A8,8
11045,9606.ENSP00000378312,EFCAB5,13
11046,9606.ENSP00000378313,RAB3IL1,4
11047,9606.ENSP00000378320,TTC7A,9
11048,9606.ENSP00000378323,PPP3CA,17
11049,9606.ENSP00000378324,DNAJA4,24
11050,9606.ENSP00000378326,ZP3,10
11051,9606.ENSP00000378332,TGFB1I1,20
11052,9606.ENSP00000378338,GIT1,10
11053,9606.ENSP00000378340,COL4A6,27
11054,9606.ENSP00000378350,CDC23,17
11055,9606.ENSP00000378356,KIF20A,3
11056,9606.ENSP00000378359,ADH6,18
11057,9606.ENSP00000378360,TKFC,5
11058,9606.ENSP00000378364,SLC11A2,10
11059,9606.ENSP00000378365,CCL26,9
11060,9606.ENSP00000378367,NRG4,7
11061,9606.ENSP00000378368,FLOT2,7
11062,9606.ENSP00000378394,PSAP,3
11063,9606.ENSP00000378399,WDR89,1
11064,9606.ENSP00000378400,LIMA1,4
11065,9606.ENSP00000378401,SPOCK1,39
11066,9606.ENSP00000378402,SIN3A,8
11067,9606.ENSP00000378405,BCKDK,23
11068,9606.ENSP00000378408,GPT,19
11069,9606.ENSP00000378409,VSIR,14
11070,9606.ENSP00000378414,SMARCD1,15
11071,9606.ENSP00000378416,ALAS1,17
11072,9606.ENSP00000378418,SP9,12
11073,9606.ENSP00000378426,VKORC1,22
11074,9606.ENSP00000378431,MMRN1,9
11075,9606.ENSP00000378464,CPLX3,17
11076,9606.ENSP00000378483,RGS19,17
11077,9606.ENSP00000378485,MATK,10
11078,9606.ENSP00000378487,VDAC1,19
11079,9606.ENSP00000378488,CYP1A1,11
11080,9606.ENSP00000378492,GRM2,35
11081,9606.ENSP00000378504,NXF3,2
11082,9606.ENSP00000378505,CLK3,9
11083,9606.ENSP00000378516,OR10W1,5
11084,9606.ENSP00000378517,SPP1,5
11085,9606.ENSP00000378529,FZR1,21
11086,9606.ENSP00000378534,MEPE,10
11087,9606.ENSP00000378536,ZBTB46,7
11088,9606.ENSP00000378548,GPR135,4
11089,9606.ENSP00000378557,DAAM1,1
11090,9606.ENSP00000378563,PFDN6,10
11091,9606.ENSP00000378570,SULT1A3,27
11092,9606.ENSP00000378577,CLDN3,9
11093,9606.ENSP00000378578,AFF1,13
11094,9606.ENSP00000378588,TIMM9,11
11095,9606.ENSP00000378605,DNAJC30,4
11096,9606.ENSP00000378611,ARHGAP24,1
11097,9606.ENSP00000378635,DRP2,6
11098,9606.ENSP00000378650,TBX6,2
11099,9606.ENSP00000378687,POM121,5
11100,9606.ENSP00000378690,CALN1,2
11101,9606.ENSP00000378699,CDK1,2
11102,9606.ENSP00000378702,BRD2,3
11103,9606.ENSP00000378712,IZUMO4,2
11104,9606.ENSP00000378721,SEC31A,31
11105,9606.ENSP00000378725,KTN1,4
11106,9606.ENSP00000378731,ALDOC,38
11107,9606.ENSP00000378736,CRCP,9
11108,9606.ENSP00000378743,AK4,7
11109,9606.ENSP00000378757,SLC16A9,24
11110,9606.ENSP00000378760,MVP,6
11111,9606.ENSP00000378769,PPP1CB,20
11112,9606.ENSP00000378782,QPRT,21
11113,9606.ENSP00000378784,PHF20L1,13
11114,9606.ENSP00000378786,HLA-DRA,14
11115,9606.ENSP00000378792,ZNF169,15
11116,9606.ENSP00000378803,PAQR5,11
11117,9606.ENSP00000378812,CHCHD2,9
11118,9606.ENSP00000378830,QRICH1,10
11119,9606.ENSP00000378845,LAT,1
11120,9606.ENSP00000378854,PSPH,3
11121,9606.ENSP00000378856,LGALS9,6
11122,9606.ENSP00000378857,WDR6,25
11123,9606.ENSP00000378868,A1CF,8
11124,9606.ENSP00000378877,AGPAT1,4
11125,9606.ENSP00000378887,DHRS7B,4
11126,9606.ENSP00000378888,EGFL8,25
11127,9606.ENSP00000378897,ASAH2,5
11128,9606.ENSP00000378912,COBL,1
11129,9606.ENSP00000378914,ULK2,4
11130,9606.ENSP00000378917,ATXN2L,19
11131,9606.ENSP00000378920,SLC26A6,1
11132,9606.ENSP00000378935,PPHLN1,3
11133,9606.ENSP00000378957,MFAP4,5
11134,9606.ENSP00000378958,RABL2B,5
11135,9606.ENSP00000378965,SNTB1,4
11136,9606.ENSP00000378972,SULT1A1,7
11137,9606.ENSP00000378974,MAPK8,4
11138,9606.ENSP00000378992,SULT1A2,5
11139,9606.ENSP00000379003,NUPR1,2
11140,9606.ENSP00000379011,CPT1B,1
11141,9606.ENSP00000379025,FBXW10,4
11142,9606.ENSP00000379030,TRIM16L,7
11143,9606.ENSP00000379032,EXT2,13
11144,9606.ENSP00000379038,TYMP,2
11145,9606.ENSP00000379042,ERO1A,3
11146,9606.ENSP00000379047,CCDC51,3
11147,9606.ENSP00000379051,PURB,8
11148,9606.ENSP00000379057,MIEF2,47
11149,9606.ENSP00000379065,TRPS1,6
11150,9606.ENSP00000379078,EHMT2,2
11151,9606.ENSP00000379087,ADM2,26
11152,9606.ENSP00000379092,BTC,21
11153,9606.ENSP00000379097,AREG,18
11154,9606.ENSP00000379098,CAMK2B,10
11155,9606.ENSP00000379108,MTHFD2L,14
11156,9606.ENSP00000379110,CXCL1,23
11157,9606.ENSP00000379111,IL4R,26
11158,9606.ENSP00000379133,APIP,10
11159,9606.ENSP00000379138,AFP,1
11160,9606.ENSP00000379140,CXCL12,13
11161,9606.ENSP00000379143,ZNF32,12
11162,9606.ENSP00000379144,TNRC6A,6
11163,9606.ENSP00000379156,MPRIP,1
11164,9606.ENSP00000379174,POLM,34
11165,9606.ENSP00000379181,RAE1,15
11166,9606.ENSP00000379183,PANX2,1
11167,9606.ENSP00000379201,VCPKMT,14
11168,9606.ENSP00000379204,BMP7,7
11169,9606.ENSP00000379217,UBFD1,1
11170,9606.ENSP00000379218,COA1,13
11171,9606.ENSP00000379226,TEX11,20
11172,9606.ENSP00000379228,HECW1,3
11173,9606.ENSP00000379242,CDRT1,22
11174,9606.ENSP00000379256,NCALD,13
11175,9606.ENSP00000379258,GLI3,21
11176,9606.ENSP00000379263,TEKT3,14
11177,9606.ENSP00000379267,ELP4,27
11178,9606.ENSP00000379282,ABHD16A,21
11179,9606.ENSP00000379287,YWHAZ,27
11180,9606.ENSP00000379290,BCAS1,22
11181,9606.ENSP00000379310,CASC1,36
11182,9606.ENSP00000379326,SLC5A12,23
11183,9606.ENSP00000379330,NFATC2,19
11184,9606.ENSP00000379339,RPS29,21
11185,9606.ENSP00000379350,ITGB1,14
11186,9606.ENSP00000379353,ST8SIA1,18
11187,9606.ENSP00000379364,MOB1A,17
11188,9606.ENSP00000379365,EDA2R,8
11189,9606.ENSP00000379366,MOB1B,7
11190,9606.ENSP00000379367,LYRM1,9
11191,9606.ENSP00000379372,GTF2A2,13
11192,9606.ENSP00000379377,GCNT3,11
11193,9606.ENSP00000379383,ENAM,14
11194,9606.ENSP00000379387,ZNF445,16
11195,9606.ENSP00000379392,THUMPD1,29
11196,9606.ENSP00000379396,NAV2,38
11197,9606.ENSP00000379401,ODAM,19
11198,9606.ENSP00000379430,NDUFAF6,10
11199,9606.ENSP00000379438,UMOD,6
11200,9606.ENSP00000379441,JMY,26
11201,9606.ENSP00000379457,FAF1,2
11202,9606.ENSP00000379458,ZNF586,2
11203,9606.ENSP00000379472,CCK,6
11204,9606.ENSP00000379496,PDE1C,23
11205,9606.ENSP00000379500,UEVLD,3
11206,9606.ENSP00000379503,PDP1,3
11207,9606.ENSP00000379506,RPL14,22
11208,9606.ENSP00000379512,MGST1,7
11209,9606.ENSP00000379563,TSPO,9
11210,9606.ENSP00000379566,CCHCR1,3
11211,9606.ENSP00000379571,MRGPRX3,15
11212,9606.ENSP00000379601,RAB27A,15
11213,9606.ENSP00000379602,VAMP1,3
11214,9606.ENSP00000379612,TAX1BP1,4
11215,9606.ENSP00000379616,MYH11,2
11216,9606.ENSP00000379619,WDR72,2
11217,9606.ENSP00000379621,SNX16,2
11218,9606.ENSP00000379643,NDE1,10
11219,9606.ENSP00000379644,SOX6,11
11220,9606.ENSP00000379651,LILRA6,7
11221,9606.ENSP00000379654,MARF1,7
11222,9606.ENSP00000379658,ETV6,9
11223,9606.ENSP00000379669,MPV17L,8
11224,9606.ENSP00000379678,PGM5,9
11225,9606.ENSP00000379680,NAGA,1
11226,9606.ENSP00000379682,PRH2,18
11227,9606.ENSP00000379683,CYP19A1,14
11228,9606.ENSP00000379691,PDXDC1,27
11229,9606.ENSP00000379696,PKIA,2
11230,9606.ENSP00000379709,ARHGAP21,16
11231,9606.ENSP00000379721,USP8,6
11232,9606.ENSP00000379739,IPP,16
11233,9606.ENSP00000379784,COX7B2,14
11234,9606.ENSP00000379802,AMPD3,17
11235,9606.ENSP00000379804,OSBPL10,5
11236,9606.ENSP00000379808,ATF7IP2,8
11237,9606.ENSP00000379823,COL4A3,6
11238,9606.ENSP00000379826,TRIM40,9
11239,9606.ENSP00000379836,SLC30A5,11
11240,9606.ENSP00000379839,GNE,1
11241,9606.ENSP00000379841,GPS2,16
11242,9606.ENSP00000379842,SGK3,43
11243,9606.ENSP00000379845,ABAT,55
11244,9606.ENSP00000379847,ZNF143,2
11245,9606.ENSP00000379865,ADHFE1,10
11246,9606.ENSP00000379866,COL4A4,3
11247,9606.ENSP00000379869,ELP5,6
11248,9606.ENSP00000379873,HLA-A,30
11249,9606.ENSP00000379888,RPS8,3
11250,9606.ENSP00000379891,AP1S3,1
11251,9606.ENSP00000379895,GATM,9
11252,9606.ENSP00000379898,ARL4A,1
11253,9606.ENSP00000379901,TMEM106B,8
11254,9606.ENSP00000379904,THRB,2
11255,9606.ENSP00000379911,CENPK,7
11256,9606.ENSP00000379915,ATN1,3
11257,9606.ENSP00000379931,UBE2E2,4
11258,9606.ENSP00000379934,ZDHHC4,3
11259,9606.ENSP00000379946,BICRA,6
11260,9606.ENSP00000379975,ILK,3
11261,9606.ENSP00000379999,TIMM17B,6
11262,9606.ENSP00000380008,LTB4R,4
11263,9606.ENSP00000380019,ZNF384,4
11264,9606.ENSP00000380024,ING4,6
11265,9606.ENSP00000380033,DDX17,16
11266,9606.ENSP00000380037,FITM2,5
11267,9606.ENSP00000380044,CSNK1E,7
11268,9606.ENSP00000380053,LEUTX,31
11269,9606.ENSP00000380054,EAF1,6
11270,9606.ENSP00000380061,ZSCAN32,14
11271,9606.ENSP00000380070,GAPDH,29
11272,9606.ENSP00000380073,IRF9,3
11273,9606.ENSP00000380074,SLC38A9,4
11274,9606.ENSP00000380081,SLC29A4,20
11275,9606.ENSP00000380087,ZNF213,15
11276,9606.ENSP00000380093,SOX10,13
11277,9606.ENSP00000380109,NFKBID,7
11278,9606.ENSP00000380116,PROSER3,4
11279,9606.ENSP00000380120,RBAK,4
11280,9606.ENSP00000380131,CLDN6,3
11281,9606.ENSP00000380150,CARD11,7
11282,9606.ENSP00000380153,OR51E2,3
11283,9606.ENSP00000380155,OR51E1,30
11284,9606.ENSP00000380157,MOCS2,5
11285,9606.ENSP00000380165,ZNF182,4
11286,9606.ENSP00000380178,UBE2G1,3
11287,9606.ENSP00000380184,GPAT4,1
11288,9606.ENSP00000380185,PLEKHG6,1
11289,9606.ENSP00000380227,ITGA4,9
11290,9606.ENSP00000380241,NUDT1,5
11291,9606.ENSP00000380247,HRH1,1
11292,9606.ENSP00000380250,SLC17A3,8
11293,9606.ENSP00000380251,NUDT19,9
11294,9606.ENSP00000380252,NFE2L2,11
11295,9606.ENSP00000380256,CCNF,17
11296,9606.ENSP00000380271,RAPGEF4,15
11297,9606.ENSP00000380281,GPER1,20
11298,9606.ENSP00000380286,C7orf50,2
11299,9606.ENSP00000380307,JPH4,7
11300,9606.ENSP00000380308,DYNC1I2,12
11301,9606.ENSP00000380315,ZNF208,2
11302,9606.ENSP00000380321,TULP3,1
11303,9606.ENSP00000380322,EMC6,2
11304,9606.ENSP00000380333,ITIH5,18
11305,9606.ENSP00000380334,NCF4,8
11306,9606.ENSP00000380336,SMU1,18
11307,9606.ENSP00000380349,CAPN3,4
11308,9606.ENSP00000380353,SFMBT2,8
11309,9606.ENSP00000380365,RGN,19
11310,9606.ENSP00000380367,MYH2,15
11311,9606.ENSP00000380378,PAFAH1B1,10
11312,9606.ENSP00000380379,WNT5B,20
11313,9606.ENSP00000380401,FOXRED2,4
11314,9606.ENSP00000380413,AGAP3,11
11315,9606.ENSP00000380421,IL15RA,15
11316,9606.ENSP00000380427,ARPC4-TTLL3,3
11317,9606.ENSP00000380432,INS,11
11318,9606.ENSP00000380437,SLC22A17,5
11319,9606.ENSP00000380440,INS-IGF2,6
11320,9606.ENSP00000380442,PLA2G4F,5
11321,9606.ENSP00000380450,NOXO1,3
11322,9606.ENSP00000380453,ERMN,3
11323,9606.ENSP00000380460,PLAA,6
11324,9606.ENSP00000380466,MRPL23,1
11325,9606.ENSP00000380494,MYCL,24
11326,9606.ENSP00000380495,DDX51,10
11327,9606.ENSP00000380514,HAGH,18
11328,9606.ENSP00000380517,CDH24,14
11329,9606.ENSP00000380524,CAPSL,21
11330,9606.ENSP00000380530,DUSP8,4
11331,9606.ENSP00000380553,TSPAN4,3
11332,9606.ENSP00000380557,AKAP8L,13
11333,9606.ENSP00000380559,CRAMP1,20
11334,9606.ENSP00000380598,BLOC1S5,13
11335,9606.ENSP00000380602,CNTN4,14
11336,9606.ENSP00000380605,LYPD1,5
11337,9606.ENSP00000380635,ARL16,11
11338,9606.ENSP00000380638,PTK2B,12
11339,9606.ENSP00000380646,TMEM80,11
11340,9606.ENSP00000380659,EIF4ENIF1,12
11341,9606.ENSP00000380661,CEP250,19
11342,9606.ENSP00000380666,SLC7A7,4
11343,9606.ENSP00000380671,SMCO1,14
11344,9606.ENSP00000380675,WEE2,15
11345,9606.ENSP00000380676,CDHR5,26
11346,9606.ENSP00000380679,CCDC40,11
11347,9606.ENSP00000380690,BICDL1,23
11348,9606.ENSP00000380692,KDM7A,9
11349,9606.ENSP00000380697,IRF7,6
11350,9606.ENSP00000380702,MYCBP,12
11351,9606.ENSP00000380713,RASSF7,16
11352,9606.ENSP00000380718,CDYL,7
11353,9606.ENSP00000380734,FAM98B,7
11354,9606.ENSP00000380746,FBXL16,10
11355,9606.ENSP00000380747,TMEM209,4
11356,9606.ENSP00000380759,PRMT2,9
11357,9606.ENSP00000380762,TEN1,6
11358,9606.ENSP00000380763,MORC2,23
11359,9606.ENSP00000380779,TCTN1,8
11360,9606.ENSP00000380781,NFIX,2
11361,9606.ENSP00000380785,HOOK2,17
11362,9606.ENSP00000380793,ALG3,9
11363,9606.ENSP00000380794,CHMP7,2
11364,9606.ENSP00000380837,LSS,6
11365,9606.ENSP00000380855,PDCD1LG2,4
11366,9606.ENSP00000380856,FTCD,15
11367,9606.ENSP00000380869,RAB2B,6
11368,9606.ENSP00000380872,PGBD4,6
11369,9606.ENSP00000380876,RGS11,2
11370,9606.ENSP00000380877,ASCC2,6
11371,9606.ENSP00000380878,PPP3CC,5
11372,9606.ENSP00000380888,MED13,5
11373,9606.ENSP00000380901,COL8A2,18
11374,9606.ENSP00000380903,ROBO3,1
11375,9606.ENSP00000380904,POLR3D,2
11376,9606.ENSP00000380911,CEP83,2
11377,9606.ENSP00000380921,SH3KBP1,2
11378,9606.ENSP00000380942,ARHGEF12,3
11379,9606.ENSP00000380948,ITGB2,3
11380,9606.ENSP00000380958,MBP,18
11381,9606.ENSP00000380982,PUM3,13
11382,9606.ENSP00000380998,CHMP1A,11
11383,9606.ENSP00000381005,KRTAP12-3,9
11384,9606.ENSP00000381007,NAV3,12
11385,9606.ENSP00000381008,MUC16,2
11386,9606.ENSP00000381009,KRTAP10-9,14
11387,9606.ENSP00000381026,TRPM2,11
11388,9606.ENSP00000381032,NPM2,10
11389,9606.ENSP00000381034,SOCS6,6
11390,9606.ENSP00000381036,ADGB,4
11391,9606.ENSP00000381047,CFAP410,16
11392,9606.ENSP00000381057,RNASE1,19
11393,9606.ENSP00000381058,CDH7,8
11394,9606.ENSP00000381064,INTS10,4
11395,9606.ENSP00000381070,MAP2K7,7
11396,9606.ENSP00000381089,SLC35E3,10
11397,9606.ENSP00000381097,EPHB1,15
11398,9606.ENSP00000381098,GRIP1,11
11399,9606.ENSP00000381102,PIP4P1,13
11400,9606.ENSP00000381104,TM9SF4,31
11401,9606.ENSP00000381105,NPS,19
11402,9606.ENSP00000381109,ZCWPW1,18
11403,9606.ENSP00000381129,GRK4,6
11404,9606.ENSP00000381133,FGL1,40
11405,9606.ENSP00000381148,CTDSP2,15
11406,9606.ENSP00000381185,BCL2,2
11407,9606.ENSP00000381206,RDH16,1
11408,9606.ENSP00000381213,HPS4,7
11409,9606.ENSP00000381214,RGPD2,9
11410,9606.ENSP00000381216,KHSRP,3
11411,9606.ENSP00000381220,HDDC2,17
11412,9606.ENSP00000381231,CBS,30
11413,9606.ENSP00000381237,HM13,10
11414,9606.ENSP00000381247,EFCAB9,3
11415,9606.ENSP00000381250,APOF,22
11416,9606.ENSP00000381266,WDR4,5
11417,9606.ENSP00000381270,TBC1D32,13
11418,9606.ENSP00000381282,SELENOS,2
11419,9606.ENSP00000381293,NSF,12
11420,9606.ENSP00000381302,PLPP4,5
11421,9606.ENSP00000381333,CRHR1,3
11422,9606.ENSP00000381339,GNAT3,4
11423,9606.ENSP00000381340,GGT5,2
11424,9606.ENSP00000381364,CABIN1,6
11425,9606.ENSP00000381377,ARPIN-AP3S2,22
11426,9606.ENSP00000381382,TCF4,10
11427,9606.ENSP00000381386,DDT,9
11428,9606.ENSP00000381429,CGGBP1,21
11429,9606.ENSP00000381430,MPP3,5
11430,9606.ENSP00000381436,VGLL3,2
11431,9606.ENSP00000381448,CST3,1
11432,9606.ENSP00000381461,PPME1,11
11433,9606.ENSP00000381473,HIGD1C,8
11434,9606.ENSP00000381480,SPAG11B,9
11435,9606.ENSP00000381486,NOTO,4
11436,9606.ENSP00000381489,KRTAP4-1,5
11437,9606.ENSP00000381492,LAT2,9
11438,9606.ENSP00000381498,FGFRL1,16
11439,9606.ENSP00000381499,PAX1,2
11440,9606.ENSP00000381504,PRPS2,26
11441,9606.ENSP00000381531,CSNK1D,1
11442,9606.ENSP00000381541,KRTAP5-11,4
11443,9606.ENSP00000381542,KRTAP5-10,3
11444,9606.ENSP00000381549,FRMD4B,12
11445,9606.ENSP00000381553,CFAP53,15
11446,9606.ENSP00000381577,USP34,1
11447,9606.ENSP00000381581,LCP1,8
11448,9606.ENSP00000381588,TMPRSS2,1
11449,9606.ENSP00000381601,MX1,5
11450,9606.ENSP00000381607,GSTP1,7
11451,9606.ENSP00000381652,EIPR1,3
11452,9606.ENSP00000381654,HMGCLL1,12
11453,9606.ENSP00000381657,DOT1L,2
11454,9606.ENSP00000381666,GXYLT1,19
11455,9606.ENSP00000381693,ZSWIM8,2
11456,9606.ENSP00000381698,SHARPIN,2
11457,9606.ENSP00000381699,B3GALT5,3
11458,9606.ENSP00000381703,DEFB113,31
11459,9606.ENSP00000381717,UBE2D2,11
11460,9606.ENSP00000381736,ATP5F1A,21
11461,9606.ENSP00000381740,PARP3,18
11462,9606.ENSP00000381758,CAPN11,13
11463,9606.ENSP00000381773,TOP3B,13
11464,9606.ENSP00000381775,TNFSF11,14
11465,9606.ENSP00000381785,HSDL2,2
11466,9606.ENSP00000381823,SEC24A,11
11467,9606.ENSP00000381840,AEBP2,10
11468,9606.ENSP00000381844,ATL3,17
11469,9606.ENSP00000381857,MROH6,3
11470,9606.ENSP00000381859,TOMM6,5
11471,9606.ENSP00000381876,DAAM2,25
11472,9606.ENSP00000381911,KCNJ15,17
11473,9606.ENSP00000381949,COL13A1,21
11474,9606.ENSP00000381958,KSR1,13
11475,9606.ENSP00000381968,SPTLC3,15
11476,9606.ENSP00000381981,TTC3,21
11477,9606.ENSP00000381984,RPRD1A,16
11478,9606.ENSP00000382004,CTNND1,6
11479,9606.ENSP00000382015,ZNF24,54
11480,9606.ENSP00000382021,LCMT1,10
11481,9606.ENSP00000382026,C4orf3,7
11482,9606.ENSP00000382071,HLCS,4
11483,9606.ENSP00000382083,COL25A1,9
11484,9606.ENSP00000382090,CLDN14,4
11485,9606.ENSP00000382091,ALKBH5,12
11486,9606.ENSP00000382104,DOP1B,2
11487,9606.ENSP00000382120,AIFM3,2
11488,9606.ENSP00000382140,DRC3,7
11489,9606.ENSP00000382163,SETD4,2
11490,9606.ENSP00000382177,MYO5A,15
11491,9606.ENSP00000382204,JMJD1C,16
11492,9606.ENSP00000382218,ZSWIM7,15
11493,9606.ENSP00000382226,KCNE1,12
11494,9606.ENSP00000382237,TMEM26,3
11495,9606.ENSP00000382250,MRPS6,17
11496,9606.ENSP00000382269,HECTD1,15
11497,9606.ENSP00000382274,NOMO3,3
11498,9606.ENSP00000382323,OTOG,19
11499,9606.ENSP00000382328,N4BP2L2,21
11500,9606.ENSP00000382334,PSG5,4
11501,9606.ENSP00000382341,RABGGTA,18
11502,9606.ENSP00000382342,ABCC1,2
11503,9606.ENSP00000382349,ACSM4,4
11504,9606.ENSP00000382379,ANKRD28,1
11505,9606.ENSP00000382382,USP47,12
11506,9606.ENSP00000382390,NEURL4,7
11507,9606.ENSP00000382423,MAP3K1,1
11508,9606.ENSP00000382434,PLA2G4E,19
11509,9606.ENSP00000382485,OPRPN,14
11510,9606.ENSP00000382507,UBXN2B,14
11511,9606.ENSP00000382508,CDIP1,14
11512,9606.ENSP00000382511,ZNF195,17
11513,9606.ENSP00000382518,SRL,14
11514,9606.ENSP00000382544,TSSK2,13
11515,9606.ENSP00000382584,KRTAP5-5,18
11516,9606.ENSP00000382590,KRTAP5-4,15
11517,9606.ENSP00000382595,PAICS,6
11518,9606.ENSP00000382628,RBBP8,17
11519,9606.ENSP00000382646,FAM166B,17
11520,9606.ENSP00000382670,GRXCR1,6
11521,9606.ENSP00000382675,ENHO,5
11522,9606.ENSP00000382684,MRAP,2
11523,9606.ENSP00000382688,KDM5A,4
11524,9606.ENSP00000382697,ROCK1,9
11525,9606.ENSP00000382707,IFITM3,17
11526,9606.ENSP00000382708,C5orf49,15
11527,9606.ENSP00000382713,UBE2QL1,26
11528,9606.ENSP00000382717,WDR19,18
11529,9606.ENSP00000382731,ADA2,5
11530,9606.ENSP00000382767,SEL1L3,9
11531,9606.ENSP00000382770,KCNU1,6
11532,9606.ENSP00000382777,KRTAP13-2,19
11533,9606.ENSP00000382779,SEH1L,13
11534,9606.ENSP00000382783,CLDN8,10
11535,9606.ENSP00000382800,RUNX3,8
11536,9606.ENSP00000382805,BACH1,9
11537,9606.ENSP00000382815,KIAA2026,10
11538,9606.ENSP00000382856,MTRNR2L4,16
11539,9606.ENSP00000382895,RPGRIP1,10
11540,9606.ENSP00000382951,DEFB130A,15
11541,9606.ENSP00000382953,GABRA5,12
11542,9606.ENSP00000382982,TUBA3C,10
11543,9606.ENSP00000383003,FKBP1A,8
11544,9606.ENSP00000383023,MYL5,1
11545,9606.ENSP00000383042,KDM1A,2
11546,9606.ENSP00000383044,USP25,14
11547,9606.ENSP00000383053,EPHB2,15
11548,9606.ENSP00000383059,ARGLU1,1
11549,9606.ENSP00000383067,TPTEP2-CSNK1E,7
11550,9606.ENSP00000383089,TPTE2,1
11551,9606.ENSP00000383115,COLEC12,7
11552,9606.ENSP00000383145,SFI1,1
11553,9606.ENSP00000383178,DIAPH3,6
11554,9606.ENSP00000383185,MACC1,4
11555,9606.ENSP00000383199,NEDD4L,4
11556,9606.ENSP00000383212,SGSM1,5
11557,9606.ENSP00000383216,KRTAP10-12,6
11558,9606.ENSP00000383223,KRTAP10-5,3
11559,9606.ENSP00000383225,KRTAP10-4,1
11560,9606.ENSP00000383226,KRTAP10-1,11
11561,9606.ENSP00000383232,GGT1-2,6
11562,9606.ENSP00000383234,MAPK4,4
11563,9606.ENSP00000383274,EIF4G3,8
11564,9606.ENSP00000383295,NBEA,2
11565,9606.ENSP00000383301,ZNF74,5
11566,9606.ENSP00000383303,DSCAM,3
11567,9606.ENSP00000383333,MORC3,6
11568,9606.ENSP00000383364,PLA2G2A,9
11569,9606.ENSP00000383365,TXNRD2,6
11570,9606.ENSP00000383376,JAM2,4
11571,9606.ENSP00000383382,GP1BB,17
11572,9606.ENSP00000383392,NCAM2,26
11573,9606.ENSP00000383396,DEFB116,2
11574,9606.ENSP00000383398,DEFB115,7
11575,9606.ENSP00000383402,PPP4R1,38
11576,9606.ENSP00000383421,RBM11,4
11577,9606.ENSP00000383428,CECR2,10
11578,9606.ENSP00000383558,GCGR,6
11579,9606.ENSP00000383563,ZG16,3
11580,9606.ENSP00000383594,TMEM242,9
11581,9606.ENSP00000383599,WDR47,5
11582,9606.ENSP00000383611,CCNL2,11
11583,9606.ENSP00000383690,MASP2,4
11584,9606.ENSP00000383692,CENPS-CORT,6
11585,9606.ENSP00000383710,FAAP20,2
11586,9606.ENSP00000383719,UBE2J2,5
11587,9606.ENSP00000383737,DNAH14,29
11588,9606.ENSP00000383784,OAZ3,4
11589,9606.ENSP00000383820,MIER1,1
11590,9606.ENSP00000383840,MMACHC,2
11591,9606.ENSP00000383851,KIAA1522,5
11592,9606.ENSP00000383866,SZRD1,12
11593,9606.ENSP00000383894,MATN3,11
11594,9606.ENSP00000383911,UBAC2,5
11595,9606.ENSP00000383920,ASXL2,7
11596,9606.ENSP00000383923,LIPN,10
11597,9606.ENSP00000383931,GP5,12
11598,9606.ENSP00000383938,CRELD2,14
11599,9606.ENSP00000383949,SNU13,1
11600,9606.ENSP00000383986,CDCA7L,3
11601,9606.ENSP00000383996,CERT1,7
11602,9606.ENSP00000384004,POU6F2,10
11603,9606.ENSP00000384015,SUN1,5
11604,9606.ENSP00000384018,NCOR2,4
11605,9606.ENSP00000384048,PAXIP1,21
11606,9606.ENSP00000384053,CSF2RB,25
11607,9606.ENSP00000384081,EFR3B,3
11608,9606.ENSP00000384084,DTNB,6
11609,9606.ENSP00000384092,POMC,7
11610,9606.ENSP00000384109,CUL4B,2
11611,9606.ENSP00000384115,MEI1,1
11612,9606.ENSP00000384126,LRRC32,3
11613,9606.ENSP00000384164,KIF16B,2
11614,9606.ENSP00000384169,FBLN2,2
11615,9606.ENSP00000384179,ZFPM2,1
11616,9606.ENSP00000384182,SCFD2,28
11617,9606.ENSP00000384183,CASTOR1,8
11618,9606.ENSP00000384193,CADM2,3
11619,9606.ENSP00000384198,INO80D,8
11620,9606.ENSP00000384211,PSME4,29
11621,9606.ENSP00000384214,GAGE12D,18
11622,9606.ENSP00000384222,WWC2,8
11623,9606.ENSP00000384223,ECE2-2,17
11624,9606.ENSP00000384259,ATG4B,20
11625,9606.ENSP00000384262,HPSE,22
11626,9606.ENSP00000384264,CNGA1,2
11627,9606.ENSP00000384273,RELA,8
11628,9606.ENSP00000384290,WDR60,13
11629,9606.ENSP00000384296,ACY1,1
11630,9606.ENSP00000384302,WDR43,11
11631,9606.ENSP00000384330,MYH8,31
11632,9606.ENSP00000384334,MEIG1,2
11633,9606.ENSP00000384347,TMEM18,5
11634,9606.ENSP00000384359,APOBEC3A,2
11635,9606.ENSP00000384363,GDPD3,12
11636,9606.ENSP00000384364,NPY,8
11637,9606.ENSP00000384367,KCTD1,3
11638,9606.ENSP00000384369,METTL15,8
11639,9606.ENSP00000384371,BCL6,20
11640,9606.ENSP00000384376,TDRD15,15
11641,9606.ENSP00000384387,HCRTR1,16
11642,9606.ENSP00000384398,MEX3D,17
11643,9606.ENSP00000384400,CHKB,16
11644,9606.ENSP00000384408,PARG,6
11645,9606.ENSP00000384421,TFIP11,7
11646,9606.ENSP00000384433,KIF24,4
11647,9606.ENSP00000384434,ZGLP1,7
11648,9606.ENSP00000384474,HYPK,7
11649,9606.ENSP00000384477,IFRD1,3
11650,9606.ENSP00000384484,ADCY3,3
11651,9606.ENSP00000384490,CBX6,3
11652,9606.ENSP00000384491,RASSF8,1
11653,9606.ENSP00000384513,ABCG5,3
11654,9606.ENSP00000384515,PARVB,3
11655,9606.ENSP00000384517,ARNTL,8
11656,9606.ENSP00000384524,ETV2,10
11657,9606.ENSP00000384527,ZBTB40,7
11658,9606.ENSP00000384537,AKAP12,3
11659,9606.ENSP00000384551,NXPH1,7
11660,9606.ENSP00000384563,OR6B2,1
11661,9606.ENSP00000384564,SELENOM,2
11662,9606.ENSP00000384570,CARD10,4
11663,9606.ENSP00000384573,DAZ1,5
11664,9606.ENSP00000384582,ADGRV1,5
11665,9606.ENSP00000384588,CYP4F11,4
11666,9606.ENSP00000384593,GAREM2,2
11667,9606.ENSP00000384597,GTF2A1L,7
11668,9606.ENSP00000384604,ALKAL2,2
11669,9606.ENSP00000384610,PNPLA7,14
11670,9606.ENSP00000384615,STON1,7
11671,9606.ENSP00000384621,DQX1,12
11672,9606.ENSP00000384625,NLK,6
11673,9606.ENSP00000384629,KMT5A,7
11674,9606.ENSP00000384638,CTNNA2,4
11675,9606.ENSP00000384651,MTMR3,6
11676,9606.ENSP00000384653,PSTK,24
11677,9606.ENSP00000384675,SOS1,1
11678,9606.ENSP00000384690,MMD2,2
11679,9606.ENSP00000384700,PAPOLB,8
11680,9606.ENSP00000384708,FSHR,16
11681,9606.ENSP00000384716,ZDHHC8,11
11682,9606.ENSP00000384719,VSNL1,22
11683,9606.ENSP00000384725,PRDM6,17
11684,9606.ENSP00000384744,DERL3,12
11685,9606.ENSP00000384763,SLC8A1,4
11686,9606.ENSP00000384770,PSG4,2
11687,9606.ENSP00000384792,WDR62,31
11688,9606.ENSP00000384794,A4GALT,2
11689,9606.ENSP00000384823,FBXO11,1
11690,9606.ENSP00000384830,PSD,2
11691,9606.ENSP00000384832,FAM104A,3
11692,9606.ENSP00000384848,PRR5,18
11693,9606.ENSP00000384849,CDKN1A,10
11694,9606.ENSP00000384851,ESRRA,1
11695,9606.ENSP00000384863,XPO1,3
11696,9606.ENSP00000384869,CLHC1,6
11697,9606.ENSP00000384881,ABCB5,20
11698,9606.ENSP00000384886,IFI30,6
11699,9606.ENSP00000384899,GATAD2A,5
11700,9606.ENSP00000384906,SAA1,4
11701,9606.ENSP00000384924,RTL10,4
11702,9606.ENSP00000384949,PYCR1,1
11703,9606.ENSP00000384952,MRPS12,9
11704,9606.ENSP00000384957,F11,11
11705,9606.ENSP00000384964,TMPRSS6,8
11706,9606.ENSP00000384966,IMMP2L,17
11707,9606.ENSP00000384973,CHCHD10,9
11708,9606.ENSP00000384996,TBC1D10A,5
11709,9606.ENSP00000384999,P4HA2,12
11710,9606.ENSP00000385000,KIF2A,7
11711,9606.ENSP00000385006,THAP4,9
11712,9606.ENSP00000385019,CACNA1I,9
11713,9606.ENSP00000385021,FANCL,8
11714,9606.ENSP00000385025,SMCR8,3
11715,9606.ENSP00000385026,CHRNA2,2
11716,9606.ENSP00000385035,C1S,3
11717,9606.ENSP00000385055,HORMAD2,3
11718,9606.ENSP00000385057,APOBEC3G,1
11719,9606.ENSP00000385080,FAH,10
11720,9606.ENSP00000385089,TMEM45A,3
11721,9606.ENSP00000385096,KCTD17,9
11722,9606.ENSP00000385098,FLACC1,5
11723,9606.ENSP00000385110,MIEF1,5
11724,9606.ENSP00000385142,NRXN1,4
11725,9606.ENSP00000385143,UNC5D,2
11726,9606.ENSP00000385158,FAM161A,19
11727,9606.ENSP00000385205,PICK1,10
11728,9606.ENSP00000385207,GAL3ST1,13
11729,9606.ENSP00000385215,CEP162,12
11730,9606.ENSP00000385216,NCOA1,14
11731,9606.ENSP00000385235,LARGE2,7
11732,9606.ENSP00000385247,CAPN14,9
11733,9606.ENSP00000385269,ELAVL1,5
11734,9606.ENSP00000385285,RNF32,7
11735,9606.ENSP00000385300,CLDN15,5
11736,9606.ENSP00000385312,SLC25A19,1
11737,9606.ENSP00000385334,MAD1L1,5
11738,9606.ENSP00000385347,TAPT1,1
11739,9606.ENSP00000385361,VPREB1,3
11740,9606.ENSP00000385385,PDIA6,3
11741,9606.ENSP00000385410,NOLC1,5
11742,9606.ENSP00000385415,GAGE10,23
11743,9606.ENSP00000385428,NLRC4,2
11744,9606.ENSP00000385432,SAR1B,24
11745,9606.ENSP00000385450,MAGI1,16
11746,9606.ENSP00000385451,MDK,13
11747,9606.ENSP00000385461,TFDP3,21
11748,9606.ENSP00000385470,TNFSF18,15
11749,9606.ENSP00000385477,CLDN5,5
11750,9606.ENSP00000385478,CRPPA,4
11751,9606.ENSP00000385479,H3C15,20
11752,9606.ENSP00000385480,SYCE3,6
11753,9606.ENSP00000385510,GPSM2,13
11754,9606.ENSP00000385519,CD14,5
11755,9606.ENSP00000385523,PPARA,1
11756,9606.ENSP00000385545,KIF26B,21
11757,9606.ENSP00000385571,HIPK2,14
11758,9606.ENSP00000385579,KIAA1841,13
11759,9606.ENSP00000385586,HOXD12,3
11760,9606.ENSP00000385610,MEX3C,8
11761,9606.ENSP00000385616,SUN2,2
11762,9606.ENSP00000385632,PDE7A,2
11763,9606.ENSP00000385636,OBSL1,4
11764,9606.ENSP00000385675,IL6,4
11765,9606.ENSP00000385684,HERC3,6
11766,9606.ENSP00000385706,PSG2,15
11767,9606.ENSP00000385714,DDT-2,8
11768,9606.ENSP00000385721,GGT2,4
11769,9606.ENSP00000385722,INTS1,7
11770,9606.ENSP00000385725,POLR2F,10
11771,9606.ENSP00000385741,APOBEC3H,3
11772,9606.ENSP00000385746,SMS,5
11773,9606.ENSP00000385749,PRKAR1B,3
11774,9606.ENSP00000385751,MARK2,2
11775,9606.ENSP00000385757,BLVRA,2
11776,9606.ENSP00000385780,DGKB,7
11777,9606.ENSP00000385787,POP1,1
11778,9606.ENSP00000385795,PHF14,27
11779,9606.ENSP00000385808,KIF3A,2
11780,9606.ENSP00000385814,RPAIN,4
11781,9606.ENSP00000385823,MTA3,6
11782,9606.ENSP00000385828,TST,8
11783,9606.ENSP00000385834,TF,2
11784,9606.ENSP00000385848,PARD3B,18
11785,9606.ENSP00000385852,SETD5,6
11786,9606.ENSP00000385886,RASGRP3,1
11787,9606.ENSP00000385905,DNASE1,24
11788,9606.ENSP00000385923,NUCB1,15
11789,9606.ENSP00000385936,DCDC1,6
11790,9606.ENSP00000385939,ZNF12,1
11791,9606.ENSP00000385958,RPS14,3
11792,9606.ENSP00000385968,KCNS3,2
11793,9606.ENSP00000385990,FASTKD2,2
11794,9606.ENSP00000385995,THADA,3
11795,9606.ENSP00000386023,BUD31,9
11796,9606.ENSP00000386029,GABRR2,4
11797,9606.ENSP00000386041,MYH6,16
11798,9606.ENSP00000386043,LTBP1,19
11799,9606.ENSP00000386049,MBD5,17
11800,9606.ENSP00000386069,ADRA2C,14
11801,9606.ENSP00000386096,MYO18B,16
11802,9606.ENSP00000386104,CPE,1
11803,9606.ENSP00000386125,ARMC5,11
11804,9606.ENSP00000386134,NGDN,1
11805,9606.ENSP00000386135,DAPK1,17
11806,9606.ENSP00000386143,HEPN1,19
11807,9606.ENSP00000386146,C6orf226,15
11808,9606.ENSP00000386156,PYM1,16
11809,9606.ENSP00000386165,CEBPD,11
11810,9606.ENSP00000386170,TBX20,11
11811,9606.ENSP00000386181,TTC30B,19
11812,9606.ENSP00000386184,ZBED8,13
11813,9606.ENSP00000386190,C2orf16,18
11814,9606.ENSP00000386200,FOXP2,6
11815,9606.ENSP00000386201,TAS2R41,10
11816,9606.ENSP00000386209,OR2A2,18
11817,9606.ENSP00000386210,TAS2R40,26
11818,9606.ENSP00000386212,PSMB11,3
11819,9606.ENSP00000386213,MYO3B,25
11820,9606.ENSP00000386226,RBM34,3
11821,9606.ENSP00000386227,MCC,6
11822,9606.ENSP00000386229,RGS14,8
11823,9606.ENSP00000386239,TONSL,6
11824,9606.ENSP00000386264,TMEM237,5
11825,9606.ENSP00000386280,APOL6,4
11826,9606.ENSP00000386284,ALAD,2
11827,9606.ENSP00000386289,GULP1,1
11828,9606.ENSP00000386306,SCN9A,3
11829,9606.ENSP00000386331,MYO7A,5
11830,9606.ENSP00000386376,KRTAP19-3,13
11831,9606.ENSP00000386378,CD207,1
11832,9606.ENSP00000386380,IL1R1,1
11833,9606.ENSP00000386385,PXMP4,18
11834,9606.ENSP00000386414,RAD21L1,2
11835,9606.ENSP00000386419,MZT2B,4
11836,9606.ENSP00000386433,ZNF638,8
11837,9606.ENSP00000386439,SYNC,5
11838,9606.ENSP00000386443,TGOLN2,5
11839,9606.ENSP00000386444,SAG,9
11840,9606.ENSP00000386452,MEIOC,18
11841,9606.ENSP00000386456,AAK1,17
11842,9606.ENSP00000386458,PRPF40A,4
11843,9606.ENSP00000386488,ZC3H8,13
11844,9606.ENSP00000386498,HOXD3,5
11845,9606.ENSP00000386499,PRR35,5
11846,9606.ENSP00000386503,CCDC141,5
11847,9606.ENSP00000386520,RAD54L2,20
11848,9606.ENSP00000386531,SMPD4,1
11849,9606.ENSP00000386532,ASB18,3
11850,9606.ENSP00000386538,TBC1D10B,4
11851,9606.ENSP00000386541,PSMD14,20
11852,9606.ENSP00000386543,PREPL,13
11853,9606.ENSP00000386559,CD8A,25
11854,9606.ENSP00000386588,RGPD3,3
11855,9606.ENSP00000386593,PBRM1,1
11856,9606.ENSP00000386597,DPAGT1,10
11857,9606.ENSP00000386609,WDR81,6
11858,9606.ENSP00000386616,ZC3H12D,16
11859,9606.ENSP00000386636,SSB,20
11860,9606.ENSP00000386651,MCFD2,5
11861,9606.ENSP00000386655,RPL36A-HNRNPH2,19
11862,9606.ENSP00000386660,KDM3A,7
11863,9606.ENSP00000386710,ATG9A,6
11864,9606.ENSP00000386711,JAKMIP1,10
11865,9606.ENSP00000386717,RPL31,5
11866,9606.ENSP00000386722,FCHSD2,5
11867,9606.ENSP00000386738,KCMF1,4
11868,9606.ENSP00000386741,CHN1,20
11869,9606.ENSP00000386759,SETD2,3
11870,9606.ENSP00000386764,ZC3H6,2
11871,9606.ENSP00000386766,SLC39A10,1
11872,9606.ENSP00000386772,GPATCH11,3
11873,9606.ENSP00000386786,POTEF,19
11874,9606.ENSP00000386810,RGPD4,3
11875,9606.ENSP00000386830,MARCHF7,4
11876,9606.ENSP00000386834,AFF3,9
11877,9606.ENSP00000386840,XIRP2,10
11878,9606.ENSP00000386845,ZNF385B,7
11879,9606.ENSP00000386857,ACTG2,6
11880,9606.ENSP00000386862,SH3BP4,11
11881,9606.ENSP00000386869,TET3,12
11882,9606.ENSP00000386880,COPS7B,9
11883,9606.ENSP00000386881,DYSF,6
11884,9606.ENSP00000386884,CXCR4,8
11885,9606.ENSP00000386892,FHL2,11
11886,9606.ENSP00000386894,RBM4,3
11887,9606.ENSP00000386895,FAM124B,8
11888,9606.ENSP00000386896,ITGA6,3
11889,9606.ENSP00000386902,PTGES3L,4
11890,9606.ENSP00000386908,MEGF11,16
11891,9606.ENSP00000386918,KDELR3,18
11892,9606.ENSP00000386921,TBC1D14,15
11893,9606.ENSP00000386935,UAP1L1,16
11894,9606.ENSP00000386942,ST6GAL2,4
11895,9606.ENSP00000386962,CATSPERG,15
11896,9606.ENSP00000386992,IPO11,1
11897,9606.ENSP00000387006,CWC22,8
11898,9606.ENSP00000387007,NCAPG2,10
11899,9606.ENSP00000387050,PLD3,34
11900,9606.ENSP00000387078,WDSUB1,29
11901,9606.ENSP00000387091,ZNF365,50
11902,9606.ENSP00000387100,TPRN,5
11903,9606.ENSP00000387111,ENSP00000387111,10
11904,9606.ENSP00000387122,CLEC16A,6
11905,9606.ENSP00000387123,ALDH7A1,10
11906,9606.ENSP00000387128,NCKAP5,5
11907,9606.ENSP00000387146,UNC50,5
11908,9606.ENSP00000387159,NPPC,6
11909,9606.ENSP00000387164,CPVL,3
11910,9606.ENSP00000387170,GIGYF2,5
11911,9606.ENSP00000387180,PTRH2,3
11912,9606.ENSP00000387185,PGGHG,4
11913,9606.ENSP00000387187,SERF2,3
11914,9606.ENSP00000387209,CEP19,13
11915,9606.ENSP00000387211,IL18R1,4
11916,9606.ENSP00000387219,NFU1,6
11917,9606.ENSP00000387228,LRRTM4,1
11918,9606.ENSP00000387229,RABL2A,1
11919,9606.ENSP00000387239,GALNT13,6
11920,9606.ENSP00000387246,MAP3K2,3
11921,9606.ENSP00000387261,PSTPIP2,32
11922,9606.ENSP00000387262,IMMT,11
11923,9606.ENSP00000387266,SPIRE1,18
11924,9606.ENSP00000387278,MPP4,40
11925,9606.ENSP00000387282,AGFG1,8
11926,9606.ENSP00000387286,RAB1A,21
11927,9606.ENSP00000387292,TMEM150A,4
11928,9606.ENSP00000387303,TDRD9,1
11929,9606.ENSP00000387307,RAB6C,17
11930,9606.ENSP00000387310,NOTUM,3
11931,9606.ENSP00000387334,NLRX1,2
11932,9606.ENSP00000387356,ACAN,4
11933,9606.ENSP00000387362,UBE4A,2
11934,9606.ENSP00000387365,PWP1,10
11935,9606.ENSP00000387380,NECAB1,13
11936,9606.ENSP00000387393,KANSL1,6
11937,9606.ENSP00000387435,ARTN,8
11938,9606.ENSP00000387471,CIAO2B,4
11939,9606.ENSP00000387498,FUT2,4
11940,9606.ENSP00000387523,OR7E24,2
11941,9606.ENSP00000387549,SLC18A1,5
11942,9606.ENSP00000387641,CAND2,7
11943,9606.ENSP00000387654,PCYOX1,1
11944,9606.ENSP00000387662,GCG,9
11945,9606.ENSP00000387683,UGT2B11,5
11946,9606.ENSP00000387694,SLC12A5,1
11947,9606.ENSP00000387699,CREB1,4
11948,9606.ENSP00000387710,TARS1,14
11949,9606.ENSP00000387739,AMOTL1,7
11950,9606.ENSP00000387757,HIC2,3
11951,9606.ENSP00000387822,BRDT,1
11952,9606.ENSP00000387875,KIF4B,15
11953,9606.ENSP00000387911,PARN,1
11954,9606.ENSP00000387982,WDR73,19
11955,9606.ENSP00000387996,CSTF2,1
11956,9606.ENSP00000388001,OAS1,6
11957,9606.ENSP00000388107,UBA52,12
11958,9606.ENSP00000388137,MPPED1,2
11959,9606.ENSP00000388169,ARPC4,1
11960,9606.ENSP00000388183,OGDH,2
11961,9606.ENSP00000388241,KIF26A,3
11962,9606.ENSP00000388275,AGBL3,19
11963,9606.ENSP00000388293,TSTD1,1
11964,9606.ENSP00000388299,TRIM49C,7
11965,9606.ENSP00000388337,SEC61G,9
11966,9606.ENSP00000388510,RARG,6
11967,9606.ENSP00000388550,RNF24,6
11968,9606.ENSP00000388552,RBM14-RBM4,4
11969,9606.ENSP00000388566,CASP4,16
11970,9606.ENSP00000388620,EOMES,14
11971,9606.ENSP00000388631,PLCD4,16
11972,9606.ENSP00000388638,RBM17,5
11973,9606.ENSP00000388658,SLC25A12,13
11974,9606.ENSP00000388684,TMEM247,29
11975,9606.ENSP00000388713,LANCL1,7
11976,9606.ENSP00000388723,KBTBD13,4
11977,9606.ENSP00000388731,ITPRID2,1
11978,9606.ENSP00000388744,RRAD,2
11979,9606.ENSP00000388792,ZNF683,4
11980,9606.ENSP00000388806,EIF4B,11
11981,9606.ENSP00000388823,NSG1,19
11982,9606.ENSP00000388825,MLN,19
11983,9606.ENSP00000388910,NFATC4,11
11984,9606.ENSP00000388920,RWDD4,9
11985,9606.ENSP00000388940,TCF12,11
11986,9606.ENSP00000388996,AP1M1,8
11987,9606.ENSP00000389009,CARNS1,17
11988,9606.ENSP00000389014,CPLANE1,10
11989,9606.ENSP00000389026,CRISP3,8
11990,9606.ENSP00000389060,MMADHC,7
11991,9606.ENSP00000389072,OR10G8,3
11992,9606.ENSP00000389095,CYTH1,1
11993,9606.ENSP00000389103,RPL23A,7
11994,9606.ENSP00000389140,DCC,10
11995,9606.ENSP00000389160,NDUFA11,6
11996,9606.ENSP00000389168,PPP1R12A,6
11997,9606.ENSP00000389175,GLYCTK,17
11998,9606.ENSP00000389176,C1GALT1,2
11999,9606.ENSP00000389182,RPP30,26
12000,9606.ENSP00000389241,DHRS9,9
12001,9606.ENSP00000389252,NPNT,3
12002,9606.ENSP00000389255,HCAR1,16
12003,9606.ENSP00000389277,TMBIM6,10
12004,9606.ENSP00000389297,CHCHD3,6
12005,9606.ENSP00000389300,DAZ4,14
12006,9606.ENSP00000389326,ACE2,3
12007,9606.ENSP00000389351,RPSA,13
12008,9606.ENSP00000389356,RPL39L,11
12009,9606.ENSP00000389377,NFATC1,2
12010,9606.ENSP00000389381,YY2,2
12011,9606.ENSP00000389383,STK11IP,10
12012,9606.ENSP00000389395,GPAT2,4
12013,9606.ENSP00000389414,TBXAS1,25
12014,9606.ENSP00000389427,CEP44,8
12015,9606.ENSP00000389445,UBAP2L,21
12016,9606.ENSP00000389513,CT47A4,12
12017,9606.ENSP00000389588,SEMA5B,12
12018,9606.ENSP00000389600,TLR6,8
12019,9606.ENSP00000389631,ARPC1B,14
12020,9606.ENSP00000389649,ATP5PF,27
12021,9606.ENSP00000389709,RNF212,13
12022,9606.ENSP00000389714,CTNNA3,20
12023,9606.ENSP00000389715,KSR2,5
12024,9606.ENSP00000389760,CASTOR3,5
12025,9606.ENSP00000389787,PLEKHF1,8
12026,9606.ENSP00000389810,DSN1,7
12027,9606.ENSP00000389813,ACAD10,2
12028,9606.ENSP00000389814,ADIPOQ,4
12029,9606.ENSP00000389870,DLX3,5
12030,9606.ENSP00000389900,DCUN1D4,5
12031,9606.ENSP00000389903,LETMD1,5
12032,9606.ENSP00000389910,RCBTB2,4
12033,9606.ENSP00000389913,PLEKHM1,8
12034,9606.ENSP00000389948,NT5C3B,5
12035,9606.ENSP00000389998,TMEM67,2
12036,9606.ENSP00000390011,CTU1,3
12037,9606.ENSP00000390070,CT47A5,6
12038,9606.ENSP00000390084,SHISA6,7
12039,9606.ENSP00000390158,HERC1,11
12040,9606.ENSP00000390232,ZBBX,1
12041,9606.ENSP00000390265,IDH1,1
12042,9606.ENSP00000390331,hCG_1984214,4
12043,9606.ENSP00000390394,SLC4A7,6
12044,9606.ENSP00000390407,TMEM213,2
12045,9606.ENSP00000390410,GPR141,4
12046,9606.ENSP00000390423,CATSPER4,3
12047,9606.ENSP00000390436,GLI2,2
12048,9606.ENSP00000390475,CXXC1,2
12049,9606.ENSP00000390513,HSPA14-2,12
12050,9606.ENSP00000390535,PRKD1,7
12051,9606.ENSP00000390590,DDN,6
12052,9606.ENSP00000390600,SCN10A,10
12053,9606.ENSP00000390613,BTNL2,22
12054,9606.ENSP00000390621,TDRD12,4
12055,9606.ENSP00000390625,HNRNPLL,2
12056,9606.ENSP00000390630,RIMBP3C,4
12057,9606.ENSP00000390647,C12orf65,14
12058,9606.ENSP00000390722,SLC25A17,19
12059,9606.ENSP00000390783,SCFD1,6
12060,9606.ENSP00000390784,B3GALT4,15
12061,9606.ENSP00000390941,ATCAY,14
12062,9606.ENSP00000391088,UNC80,15
12063,9606.ENSP00000391090,CHEK1,13
12064,9606.ENSP00000391121,RDH13,10
12065,9606.ENSP00000391137,ASB10,6
12066,9606.ENSP00000391167,DENND4A,4
12067,9606.ENSP00000391200,ZNF692,11
12068,9606.ENSP00000391211,PSMC2,2
12069,9606.ENSP00000391227,MGAT5B,9
12070,9606.ENSP00000391249,SEPTIN9,5
12071,9606.ENSP00000391269,RBFOX1,8
12072,9606.ENSP00000391311,SEPTIN5,5
12073,9606.ENSP00000391381,ATP6AP1L,10
12074,9606.ENSP00000391457,INO80C,1
12075,9606.ENSP00000391481,TKT,11
12076,9606.ENSP00000391488,PNMA6A,2
12077,9606.ENSP00000391490,AGR2,1
12078,9606.ENSP00000391498,KCNK16,1
12079,9606.ENSP00000391504,CCDC173,6
12080,9606.ENSP00000391583,PARVG,9
12081,9606.ENSP00000391592,PTPN6,1
12082,9606.ENSP00000391594,ERV3-1,1
12083,9606.ENSP00000391596,AMDHD2,1
12084,9606.ENSP00000391601,PEX5,1
12085,9606.ENSP00000391669,BCAR1,6
12086,9606.ENSP00000391692,CCDC103,4
12087,9606.ENSP00000391723,PUM1,3
12088,9606.ENSP00000391739,PISD,7
12089,9606.ENSP00000391747,LACC1,6
12090,9606.ENSP00000391748,PILRB,4
12091,9606.ENSP00000391788,CCDC36,11
12092,9606.ENSP00000391800,APLN,10
12093,9606.ENSP00000391803,MITF,6
12094,9606.ENSP00000391806,E7ENX8_HUMAN,2
12095,9606.ENSP00000391826,IGF2,5
12096,9606.ENSP00000391942,NECAP2,7
12097,9606.ENSP00000392025,CYLD,15
12098,9606.ENSP00000392028,CHD7,4
12099,9606.ENSP00000392043,ATP2B1,15
12100,9606.ENSP00000392065,REPS1,10
12101,9606.ENSP00000392066,DIP2A,7
12102,9606.ENSP00000392094,EFTUD2,8
12103,9606.ENSP00000392105,INAVA,2
12104,9606.ENSP00000392147,PPP6C,7
12105,9606.ENSP00000392189,KRTAP9-3,6
12106,9606.ENSP00000392197,REEP1,5
12107,9606.ENSP00000392270,STRAP,17
12108,9606.ENSP00000392318,KAT14,6
12109,9606.ENSP00000392330,BCAP31,8
12110,9606.ENSP00000392353,PSMG4,19
12111,9606.ENSP00000392371,ZSCAN30,3
12112,9606.ENSP00000392395,CHFR,28
12113,9606.ENSP00000392398,GPX5,4
12114,9606.ENSP00000392407,PRR20D,19
12115,9606.ENSP00000392411,SLC13A2,6
12116,9606.ENSP00000392423,RELN,4
12117,9606.ENSP00000392495,TRAPPC2,7
12118,9606.ENSP00000392500,NLGN1,13
12119,9606.ENSP00000392553,PLPP5,6
12120,9606.ENSP00000392617,SMARCD2,6
12121,9606.ENSP00000392678,AKIRIN1,7
12122,9606.ENSP00000392709,NDUFS1,2
12123,9606.ENSP00000392726,POM121L2,9
12124,9606.ENSP00000392760,ARHGAP11B,12
12125,9606.ENSP00000392762,DCT,34
12126,9606.ENSP00000392767,S100A13,14
12127,9606.ENSP00000392782,CLGN,11
12128,9606.ENSP00000392812,PIK3R5,6
12129,9606.ENSP00000392828,GPSM1,21
12130,9606.ENSP00000392879,TCP11X2,5
12131,9606.ENSP00000392896,HSBP1,5
12132,9606.ENSP00000392906,PLEKHG2,4
12133,9606.ENSP00000392936,RFPL4A,26
12134,9606.ENSP00000392985,HTATIP2,23
12135,9606.ENSP00000393097,GABRA1,12
12136,9606.ENSP00000393098,LPAR5,6
12137,9606.ENSP00000393128,LHFPL3,6
12138,9606.ENSP00000393136,PRAMEF27,3
12139,9606.ENSP00000393139,CDC7,7
12140,9606.ENSP00000393154,FBXO15,3
12141,9606.ENSP00000393183,DCAF1,16
12142,9606.ENSP00000393222,CFAP221,3
12143,9606.ENSP00000393241,RPS18,9
12144,9606.ENSP00000393275,NANOS1,3
12145,9606.ENSP00000393312,FGFR1,4
12146,9606.ENSP00000393313,EPS15L1,11
12147,9606.ENSP00000393316,TMX1,4
12148,9606.ENSP00000393324,EIF4E3,3
12149,9606.ENSP00000393333,TBXA2R,18
12150,9606.ENSP00000393379,KIF5C,2
12151,9606.ENSP00000393388,SNRPG,14
12152,9606.ENSP00000393392,MYO1A,1
12153,9606.ENSP00000393417,CASP14,2
12154,9606.ENSP00000393453,SMYD1,2
12155,9606.ENSP00000393511,ABLIM2,11
12156,9606.ENSP00000393541,IFT27,3
12157,9606.ENSP00000393557,SLC4A4,11
12158,9606.ENSP00000393559,PACS2,20
12159,9606.ENSP00000393566,HLA-DPA1,13
12160,9606.ENSP00000393596,BIRC6,3
12161,9606.ENSP00000393631,ADM5,6
12162,9606.ENSP00000393675,MIGA1,1
12163,9606.ENSP00000393762,SESN1,4
12164,9606.ENSP00000393776,FCHO2,3
12165,9606.ENSP00000393785,NKIRAS1,1
12166,9606.ENSP00000393832,PPP1R3G,1
12167,9606.ENSP00000393840,BLOC1S3,3
12168,9606.ENSP00000393845,PPIAL4G,10
12169,9606.ENSP00000393847,PLA2G10,4
12170,9606.ENSP00000393889,OR5K2,6
12171,9606.ENSP00000393922,RUSC2,6
12172,9606.ENSP00000393963,KIFC1,13
12173,9606.ENSP00000393978,PRKD2,7
12174,9606.ENSP00000394033,KCNK2,9
12175,9606.ENSP00000394049,SLA,5
12176,9606.ENSP00000394051,NOSTRIN,2
12177,9606.ENSP00000394071,GDI1,8
12178,9606.ENSP00000394078,LRRC74B,6
12179,9606.ENSP00000394085,JMJD6,3
12180,9606.ENSP00000394107,H7C0C1_HUMAN,4
12181,9606.ENSP00000394163,DAP,7
12182,9606.ENSP00000394183,CDKN2AIPNL,8
12183,9606.ENSP00000394227,CSF2RA,7
12184,9606.ENSP00000394331,COMMD5,6
12185,9606.ENSP00000394352,DIXDC1,5
12186,9606.ENSP00000394390,KCTD15,4
12187,9606.ENSP00000394394,ANAPC7,8
12188,9606.ENSP00000394417,MORF4L2,3
12189,9606.ENSP00000394484,DCLK3,7
12190,9606.ENSP00000394496,CORO1C,8
12191,9606.ENSP00000394510,PRR12,15
12192,9606.ENSP00000394546,NHSL1,6
12193,9606.ENSP00000394560,MAPK9,7
12194,9606.ENSP00000394623,NUTM2B,5
12195,9606.ENSP00000394624,OPRM1,6
12196,9606.ENSP00000394720,SEMA4B,11
12197,9606.ENSP00000394734,CLK1,2
12198,9606.ENSP00000394751,IPCEF1,2
12199,9606.ENSP00000394757,ZNF516,5
12200,9606.ENSP00000394770,CMYA5,12
12201,9606.ENSP00000394791,SENP1,5
12202,9606.ENSP00000394794,PTPN13,2
12203,9606.ENSP00000394842,GCA,2
12204,9606.ENSP00000394888,DOCK8,6
12205,9606.ENSP00000394936,ORM2,7
12206,9606.ENSP00000394954,GSG1L,32
12207,9606.ENSP00000395012,KLHL24,7
12208,9606.ENSP00000395204,TMEM68,7
12209,9606.ENSP00000395220,SYTL5,5
12210,9606.ENSP00000395232,MTFR2,5
12211,9606.ENSP00000395249,RETREG2,4
12212,9606.ENSP00000395259,ZBED9,11
12213,9606.ENSP00000395281,C9orf116,5
12214,9606.ENSP00000395294,CD70,4
12215,9606.ENSP00000395340,FAM185A,5
12216,9606.ENSP00000395473,MAN2B1,1
12217,9606.ENSP00000395474,SNX10,1
12218,9606.ENSP00000395535,MECP2,11
12219,9606.ENSP00000395538,TNRC18,11
12220,9606.ENSP00000395574,ELOA,3
12221,9606.ENSP00000395590,IFI35,18
12222,9606.ENSP00000395704,CXCR6,12
12223,9606.ENSP00000395708,RAPGEF3,9
12224,9606.ENSP00000395723,ZNF200,5
12225,9606.ENSP00000395738,TRMT2A,13
12226,9606.ENSP00000395772,GNL3,7
12227,9606.ENSP00000395793,WDR20,9
12228,9606.ENSP00000395929,NSD1,10
12229,9606.ENSP00000395983,SLC12A4,8
12230,9606.ENSP00000396045,PLA2G4B,13
12231,9606.ENSP00000396052,BRMS1,2
12232,9606.ENSP00000396068,UBR3,3
12233,9606.ENSP00000396160,FBRSL1,3
12234,9606.ENSP00000396163,CLEC2A,10
12235,9606.ENSP00000396198,FGF13,16
12236,9606.ENSP00000396225,DELE1,3
12237,9606.ENSP00000396301,IK,1
12238,9606.ENSP00000396304,CLDN25,14
12239,9606.ENSP00000396308,DHFR,5
12240,9606.ENSP00000396320,SCN4A,2
12241,9606.ENSP00000396330,HLA-DQB2,6
12242,9606.ENSP00000396345,CHD9,12
12243,9606.ENSP00000396379,ZNF302,13
12244,9606.ENSP00000396441,GPATCH4,5
12245,9606.ENSP00000396445,OSGIN2,6
12246,9606.ENSP00000396452,PUDP,13
12247,9606.ENSP00000396467,MAPKAPK3,5
12248,9606.ENSP00000396527,H7C0S8_HUMAN,14
12249,9606.ENSP00000396593,DYTN,2
12250,9606.ENSP00000396628,TEX264,7
12251,9606.ENSP00000396673,FTSJ3,8
12252,9606.ENSP00000396688,C4A,7
12253,9606.ENSP00000396722,NTM,1
12254,9606.ENSP00000396749,KANSL3,12
12255,9606.ENSP00000396755,CNTD2,6
12256,9606.ENSP00000396843,NFIC,7
12257,9606.ENSP00000396915,SCN1B,12
12258,9606.ENSP00000396935,RUBCNL,16
12259,9606.ENSP00000396937,PSMD13,8
12260,9606.ENSP00000396954,ATF5,15
12261,9606.ENSP00000396976,BAHD1,18
12262,9606.ENSP00000396995,TENT4B,6
12263,9606.ENSP00000397026,GRIK2,18
12264,9606.ENSP00000397039,SMIM34A,8
12265,9606.ENSP00000397073,TRIM10,9
12266,9606.ENSP00000397082,SFTPA1,4
12267,9606.ENSP00000397103,GAGE12C,8
12268,9606.ENSP00000397133,PRKAG3,14
12269,9606.ENSP00000397157,PERP,8
12270,9606.ENSP00000397172,BLCAP,2
12271,9606.ENSP00000397178,ZNF300,5
12272,9606.ENSP00000397181,RGS4,2
12273,9606.ENSP00000397259,ATXN7L3,24
12274,9606.ENSP00000397261,SELENBP1,9
12275,9606.ENSP00000397269,FAM136A,8
12276,9606.ENSP00000397297,NTF3,4
12277,9606.ENSP00000397351,GRID2IP,3
12278,9606.ENSP00000397394,C19orf25,4
12279,9606.ENSP00000397402,TSEN34,1
12280,9606.ENSP00000397415,RLN3,2
12281,9606.ENSP00000397435,TSC22D1,5
12282,9606.ENSP00000397441,COG6,3
12283,9606.ENSP00000397459,DUSP22,6
12284,9606.ENSP00000397552,ACTL6A,2
12285,9606.ENSP00000397563,TENT2,4
12286,9606.ENSP00000397566,GTF2IRD1,10
12287,9606.ENSP00000397598,KY,3
12288,9606.ENSP00000397673,ALKBH8,1
12289,9606.ENSP00000397679,ENDOU,7
12290,9606.ENSP00000397693,ZNF28,6
12291,9606.ENSP00000397843,TMA7,4
12292,9606.ENSP00000397863,IL34,1
12293,9606.ENSP00000397881,PET117,5
12294,9606.ENSP00000397908,LPIN1,5
12295,9606.ENSP00000397911,SP140L,10
12296,9606.ENSP00000397925,ATP2C2,10
12297,9606.ENSP00000397927,POLDIP3,5
12298,9606.ENSP00000397947,PLEKHA8,12
12299,9606.ENSP00000398017,CLDN9,4
12300,9606.ENSP00000398035,F8W6W0_HUMAN,6
12301,9606.ENSP00000398064,HIGD1A,5
12302,9606.ENSP00000398124,E2F5,11
12303,9606.ENSP00000398131,GSPT1,21
12304,9606.ENSP00000398181,ALKBH2,11
12305,9606.ENSP00000398211,TTC21A,4
12306,9606.ENSP00000398273,SOX5,10
12307,9606.ENSP00000398342,PPP1R14D,19
12308,9606.ENSP00000398350,C11orf68,4
12309,9606.ENSP00000398368,LIFR,8
12310,9606.ENSP00000398410,KDM8,4
12311,9606.ENSP00000398481,CADPS2,5
12312,9606.ENSP00000398495,DIABLO-2,6
12313,9606.ENSP00000398502,EEF2KMT,7
12314,9606.ENSP00000398523,CALCOCO2,9
12315,9606.ENSP00000398559,CT47A3,6
12316,9606.ENSP00000398560,SPATA13,14
12317,9606.ENSP00000398568,PRF1,17
12318,9606.ENSP00000398596,TAMM41,16
12319,9606.ENSP00000398597,EXOSC6,9
12320,9606.ENSP00000398610,ANXA11,7
12321,9606.ENSP00000398619,KRTAP25-1,3
12322,9606.ENSP00000398629,GNG4,12
12323,9606.ENSP00000398632,CD44,1
12324,9606.ENSP00000398637,ARL13A,4
12325,9606.ENSP00000398655,ITK,6
12326,9606.ENSP00000398698,TNF,9
12327,9606.ENSP00000398722,CHID1,2
12328,9606.ENSP00000398736,CCN1,7
12329,9606.ENSP00000398778,RELL1,1
12330,9606.ENSP00000398789,SNX13,1
12331,9606.ENSP00000398803,TSTA3,12
12332,9606.ENSP00000398824,PHF21A,10
12333,9606.ENSP00000398832,AGTR1,11
12334,9606.ENSP00000398837,KMT2B,11
12335,9606.ENSP00000398880,CDK12,15
12336,9606.ENSP00000398882,DOHH,6
12337,9606.ENSP00000398890,HLA-DMB,2
12338,9606.ENSP00000399136,SLC6A12,14
12339,9606.ENSP00000399168,HLA-B,24
12340,9606.ENSP00000399208,DDX19B-2,10
12341,9606.ENSP00000399229,MXRA8,2
12342,9606.ENSP00000399259,FCHSD1,17
12343,9606.ENSP00000399324,FGF16,6
12344,9606.ENSP00000399376,PRNP,6
12345,9606.ENSP00000399403,KLC2,5
12346,9606.ENSP00000399415,KYAT1,1
12347,9606.ENSP00000399441,LRRC70,11
12348,9606.ENSP00000399457,DDOST,13
12349,9606.ENSP00000399465,ATF7,3
12350,9606.ENSP00000399475,JMJD8,9
12351,9606.ENSP00000399485,LY6H,17
12352,9606.ENSP00000399511,TNIK,6
12353,9606.ENSP00000399518,SATB1,16
12354,9606.ENSP00000399585,MRS2,11
12355,9606.ENSP00000399588,GAB3,5
12356,9606.ENSP00000399679,PRG4,4
12357,9606.ENSP00000399700,PLAC8,8
12358,9606.ENSP00000399709,BEST1,3
12359,9606.ENSP00000399718,MBIP,14
12360,9606.ENSP00000399745,CHRM2,4
12361,9606.ENSP00000399751,LRCH3,6
12362,9606.ENSP00000399797,MOV10,3
12363,9606.ENSP00000399805,CRYZ,4
12364,9606.ENSP00000399808,HOXC4,10
12365,9606.ENSP00000399851,POLG,4
12366,9606.ENSP00000399862,CNOT10,1
12367,9606.ENSP00000399888,HMGA1,6
12368,9606.ENSP00000399968,NCOA2,12
12369,9606.ENSP00000399970,PPP2R2D,2
12370,9606.ENSP00000399979,SLC52A1,2
12371,9606.ENSP00000399982,TAF6,12
12372,9606.ENSP00000400010,PTPRJ,4
12373,9606.ENSP00000400041,KRTAP5-2,2
12374,9606.ENSP00000400046,CT47A8,1
12375,9606.ENSP00000400057,ASRGL1,5
12376,9606.ENSP00000400099,RIPOR1,1
12377,9606.ENSP00000400101,SLC25A13,36
12378,9606.ENSP00000400113,ZDHHC13,3
12379,9606.ENSP00000400142,EWSR1,1
12380,9606.ENSP00000400175,RHOA,1
12381,9606.ENSP00000400184,NDUFAF8,2
12382,9606.ENSP00000400223,FJX1,6
12383,9606.ENSP00000400224,TBATA,1
12384,9606.ENSP00000400252,DNAI2,1
12385,9606.ENSP00000400312,ULK3,1
12386,9606.ENSP00000400325,SLC2A11-2,2
12387,9606.ENSP00000400333,SNX27,4
12388,9606.ENSP00000400341,FOXA2,2
12389,9606.ENSP00000400365,LAMA2,12
12390,9606.ENSP00000400376,ERAP2,7
12391,9606.ENSP00000400391,ZNF146,2
12392,9606.ENSP00000400433,HNRNPF,3
12393,9606.ENSP00000400459,SNAP91,17
12394,9606.ENSP00000400482,CMTM3,7
12395,9606.ENSP00000400500,THAP5,7
12396,9606.ENSP00000400513,FASTKD1,6
12397,9606.ENSP00000400533,CCL24,2
12398,9606.ENSP00000400591,SNRPE,13
12399,9606.ENSP00000400646,PNPT1,17
12400,9606.ENSP00000400717,GNA13,3
12401,9606.ENSP00000400870,AARSD1,2
12402,9606.ENSP00000400882,CAPNS2,18
12403,9606.ENSP00000400887,PPIP5K1,12
12404,9606.ENSP00000400892,TESPA1,7
12405,9606.ENSP00000400894,PENK,3
12406,9606.ENSP00000400906,UBE2L3,2
12407,9606.ENSP00000400908,MYBPC1,1
12408,9606.ENSP00000400921,SLAIN1,1
12409,9606.ENSP00000400932,SLC35G1,4
12410,9606.ENSP00000401010,CAPZB,3
12411,9606.ENSP00000401018,GINS3,5
12412,9606.ENSP00000401112,SATB2,18
12413,9606.ENSP00000401115,SS18L2,7
12414,9606.ENSP00000401145,GAS2,6
12415,9606.ENSP00000401191,BUD23,15
12416,9606.ENSP00000401197,USP19,2
12417,9606.ENSP00000401237,NAA60,6
12418,9606.ENSP00000401264,CTPS2,3
12419,9606.ENSP00000401277,CBLL1,3
12420,9606.ENSP00000401303,SHC1,4
12421,9606.ENSP00000401306,FSIP2,1
12422,9606.ENSP00000401371,TIA1,7
12423,9606.ENSP00000401435,VPS53,10
12424,9606.ENSP00000401437,LDB3,4
12425,9606.ENSP00000401445,ERN1,6
12426,9606.ENSP00000401470,RANGAP1,15
12427,9606.ENSP00000401477,TMEM232,1
12428,9606.ENSP00000401498,C11orf94,1
12429,9606.ENSP00000401502,SIGLEC6,5
12430,9606.ENSP00000401508,NAPRT,6
12431,9606.ENSP00000401513,STRC,1
12432,9606.ENSP00000401514,DNAH1,4
12433,9606.ENSP00000401564,RANBP1,2
12434,9606.ENSP00000401566,ECD,6
12435,9606.ENSP00000401642,ZNF304,30
12436,9606.ENSP00000401645,SERPINB2,28
12437,9606.ENSP00000401678,MYOCD,5
12438,9606.ENSP00000401720,GK,8
12439,9606.ENSP00000401749,P4HA3,4
12440,9606.ENSP00000401764,CITED1,4
12441,9606.ENSP00000401770,ATP5MPL,22
12442,9606.ENSP00000401831,ACSF2,10
12443,9606.ENSP00000401853,HYAL2,11
12444,9606.ENSP00000401867,MXD3,8
12445,9606.ENSP00000401878,KBTBD8,6
12446,9606.ENSP00000401888,RAF1,14
12447,9606.ENSP00000401907,BMPR1B,13
12448,9606.ENSP00000401946,TNRC6B,1
12449,9606.ENSP00000401947,ZNF223,6
12450,9606.ENSP00000401980,MAVS,8
12451,9606.ENSP00000402033,PDZD2,13
12452,9606.ENSP00000402038,MTO1,1
12453,9606.ENSP00000402060,PVR,9
12454,9606.ENSP00000402084,WEE1,3
12455,9606.ENSP00000402107,L3MBTL1,2
12456,9606.ENSP00000402152,SLC12A3,1
12457,9606.ENSP00000402153,IQCJ,2
12458,9606.ENSP00000402154,MEF2B,7
12459,9606.ENSP00000402257,RUNX1T1,3
12460,9606.ENSP00000402280,CDY2A,5
12461,9606.ENSP00000402301,LAPTM4B,12
12462,9606.ENSP00000402338,RPF2,7
12463,9606.ENSP00000402346,COPG2,2
12464,9606.ENSP00000402457,GRAMD1B,3
12465,9606.ENSP00000402460,CLSTN2,10
12466,9606.ENSP00000402510,MTRR,2
12467,9606.ENSP00000402515,SMG1,4
12468,9606.ENSP00000402527,SENP6,4
12469,9606.ENSP00000402537,MTMR10,4
12470,9606.ENSP00000402576,PPFIA4,1
12471,9606.ENSP00000402584,MDGA1,4
12472,9606.ENSP00000402608,CPS1,8
12473,9606.ENSP00000402653,WDR83,20
12474,9606.ENSP00000402661,TMEM177,1
12475,9606.ENSP00000402674,BHMG1,7
12476,9606.ENSP00000402723,PTH1R,14
12477,9606.ENSP00000402756,NR2C2AP,7
12478,9606.ENSP00000402758,PMEL,1
12479,9606.ENSP00000402760,SLC22A5,11
12480,9606.ENSP00000402790,TMEM235,6
12481,9606.ENSP00000402797,KCNK4,13
12482,9606.ENSP00000402849,IFRD2,6
12483,9606.ENSP00000402855,TREML1,5
12484,9606.ENSP00000402861,PLCL1,1
12485,9606.ENSP00000402935,TBC1D5,3
12486,9606.ENSP00000402949,CCNQ,4
12487,9606.ENSP00000403077,VKORC1L1,6
12488,9606.ENSP00000403104,SIGIRR,5
12489,9606.ENSP00000403172,RPL6,2
12490,9606.ENSP00000403210,EMC9,14
12491,9606.ENSP00000403293,FBXO43,3
12492,9606.ENSP00000403304,TSPY1,3
12493,9606.ENSP00000403310,SNRNP35,2
12494,9606.ENSP00000403323,ARHGAP27,27
12495,9606.ENSP00000403343,AAMP,3
12496,9606.ENSP00000403362,AP2M1,21
12497,9606.ENSP00000403396,FAM126A,16
12498,9606.ENSP00000403397,ZDHHC17,12
12499,9606.ENSP00000403400,CCPG1,21
12500,9606.ENSP00000403453,ODF2,8
12501,9606.ENSP00000403459,GRB7,2
12502,9606.ENSP00000403465,CC2D2A,14
12503,9606.ENSP00000403495,LTA,2
12504,9606.ENSP00000403524,BRAP,3
12505,9606.ENSP00000403536,GAMT,1
12506,9606.ENSP00000403614,MRPL55,5
12507,9606.ENSP00000403644,DDC,17
12508,9606.ENSP00000403645,TANGO2,13
12509,9606.ENSP00000403649,CGB8,18
12510,9606.ENSP00000403660,MRGPRF,3
12511,9606.ENSP00000403663,AP4M1,3
12512,9606.ENSP00000403681,PRM2,1
12513,9606.ENSP00000403683,NABP1,1
12514,9606.ENSP00000403701,ARRB2,1
12515,9606.ENSP00000403768,AASS,3
12516,9606.ENSP00000403802,FBXO10,2
12517,9606.ENSP00000403888,DISC1,3
12518,9606.ENSP00000403910,DMAC2,1
12519,9606.ENSP00000403925,TBCEL,3
12520,9606.ENSP00000403937,C11orf74,1
12521,9606.ENSP00000403954,TENM1,1
12522,9606.ENSP00000403980,CLDN34,1
12523,9606.ENSP00000403982,ICA1,1
12524,9606.ENSP00000403987,C15orf40,2
12525,9606.ENSP00000404042,TMED4,9
12526,9606.ENSP00000404074,ZSCAN9,1
12527,9606.ENSP00000404079,DNAJB5,7
12528,9606.ENSP00000404092,SMC6,6
12529,9606.ENSP00000404121,ILF3,2
12530,9606.ENSP00000404122,IFT74,7
12531,9606.ENSP00000404131,TGFA,9
12532,9606.ENSP00000404190,RACGAP1,2
12533,9606.ENSP00000404203,CKMT2,2
12534,9606.ENSP00000404220,CCDC155,5
12535,9606.ENSP00000404232,EFHC2,22
12536,9606.ENSP00000404236,LILRA5,14
12537,9606.ENSP00000404251,VGLL4,12
12538,9606.ENSP00000404281,PRR20E,11
12539,9606.ENSP00000404296,PLEKHA5,10
12540,9606.ENSP00000404304,ARMCX4,17
12541,9606.ENSP00000404375,RPL36A,1
12542,9606.ENSP00000404381,DNAJB14,18
12543,9606.ENSP00000404438,SOHLH1,2
12544,9606.ENSP00000404503,BBC3,1
12545,9606.ENSP00000404517,KRTAP21-3,9
12546,9606.ENSP00000404570,MYH13,15
12547,9606.ENSP00000404658,EZH1,1
12548,9606.ENSP00000404676,PGGT1B,3
12549,9606.ENSP00000404705,NAALADL2,4
12550,9606.ENSP00000404833,TAPBP,4
12551,9606.ENSP00000404843,HEMK1,3
12552,9606.ENSP00000404854,NDRG1,5
12553,9606.ENSP00000404860,SCHIP1,2
12554,9606.ENSP00000404911,PRICKLE4,5
12555,9606.ENSP00000404923,TECPR1,23
12556,9606.ENSP00000404991,TMEM120B,23
12557,9606.ENSP00000405004,ACVR1,23
12558,9606.ENSP00000405068,NOP14,4
12559,9606.ENSP00000405095,TAS2R39,1
12560,9606.ENSP00000405111,DHX57,6
12561,9606.ENSP00000405165,LIMS3,6
12562,9606.ENSP00000405202,SPANXB1,11
12563,9606.ENSP00000405210,SPANXN4,5
12564,9606.ENSP00000405222,DCAF8L1,7
12565,9606.ENSP00000405252,AKAP7,7
12566,9606.ENSP00000405327,ETV1,1
12567,9606.ENSP00000405330,ESR1,8
12568,9606.ENSP00000405338,INPP5D,10
12569,9606.ENSP00000405388,CA10,6
12570,9606.ENSP00000405405,PHLDB2,16
12571,9606.ENSP00000405423,HHATL,10
12572,9606.ENSP00000405424,OXR1,23
12573,9606.ENSP00000405453,MSR1,4
12574,9606.ENSP00000405456,MDGA2,1
12575,9606.ENSP00000405514,PPP1R9A,1
12576,9606.ENSP00000405573,GPI,3
12577,9606.ENSP00000405574,TBL1XR1,1
12578,9606.ENSP00000405577,CLMP,7
12579,9606.ENSP00000405620,DHX30,18
12580,9606.ENSP00000405635,CNEP1R1,6
12581,9606.ENSP00000405674,NOL7,11
12582,9606.ENSP00000405726,CDC45,6
12583,9606.ENSP00000405738,ESRP1,8
12584,9606.ENSP00000405812,SLC4A8,8
12585,9606.ENSP00000405841,RXFP1,19
12586,9606.ENSP00000405890,PBX1,9
12587,9606.ENSP00000405899,AQP12A,13
12588,9606.ENSP00000405926,TMED7,15
12589,9606.ENSP00000405950,PNCK,4
12590,9606.ENSP00000405963,RASGRF1,2
12591,9606.ENSP00000405965,SUMO2,4
12592,9606.ENSP00000405969,ACBD4,7
12593,9606.ENSP00000405987,LRRD1,6
12594,9606.ENSP00000406012,IFT140,9
12595,9606.ENSP00000406022,UNC5C,6
12596,9606.ENSP00000406026,SH2D5,18
12597,9606.ENSP00000406027,EPM2AIP1,3
12598,9606.ENSP00000406037,KAT8,8
12599,9606.ENSP00000406047,TSGA13,8
12600,9606.ENSP00000406050,HTR3E,8
12601,9606.ENSP00000406052,TDRD5,20
12602,9606.ENSP00000406157,PAPSS2,7
12603,9606.ENSP00000406162,PRMT1,5
12604,9606.ENSP00000406164,GMNC,6
12605,9606.ENSP00000406191,TRPV4,17
12606,9606.ENSP00000406197,PAQR8,17
12607,9606.ENSP00000406209,EPN1,5
12608,9606.ENSP00000406220,SLC13A5,7
12609,9606.ENSP00000406229,FAT1,12
12610,9606.ENSP00000406261,ENPP3,9
12611,9606.ENSP00000406286,ZBTB7B,12
12612,9606.ENSP00000406293,TCEA3,13
12613,9606.ENSP00000406367,ADGRA2,3
12614,9606.ENSP00000406463,DNAJC7,10
12615,9606.ENSP00000406472,CDK15,1
12616,9606.ENSP00000406478,LILRB5,9
12617,9606.ENSP00000406482,THSD7A,5
12618,9606.ENSP00000406490,PMS1,12
12619,9606.ENSP00000406541,C11orf21,13
12620,9606.ENSP00000406546,SLC23A3,5
12621,9606.ENSP00000406549,TAF1,15
12622,9606.ENSP00000406577,CKMT1A,16
12623,9606.ENSP00000406598,HPF1,5
12624,9606.ENSP00000406674,MOGAT1,9
12625,9606.ENSP00000406723,GTF2IRD2,8
12626,9606.ENSP00000406861,MUC6,7
12627,9606.ENSP00000406909,PHOSPHO1,8
12628,9606.ENSP00000406925,ODAPH,10
12629,9606.ENSP00000406970,LAX1,6
12630,9606.ENSP00000406986,GPR6,28
12631,9606.ENSP00000407087,NIPAL2,1
12632,9606.ENSP00000407112,NAPEPLD,2
12633,9606.ENSP00000407118,SYBU,13
12634,9606.ENSP00000407182,TNPO2,1
12635,9606.ENSP00000407193,ARSG,5
12636,9606.ENSP00000407301,GASK1A,2
12637,9606.ENSP00000407323,EBNA1BP2,1
12638,9606.ENSP00000407336,NDUFB3,2
12639,9606.ENSP00000407422,MUC7,3
12640,9606.ENSP00000407442,HIPK1,7
12641,9606.ENSP00000407487,UNC45A,2
12642,9606.ENSP00000407509,PNPLA6,7
12643,9606.ENSP00000407545,ZBTB22,4
12644,9606.ENSP00000407546,CHRNA7,2
12645,9606.ENSP00000407552,GAS7,5
12646,9606.ENSP00000407560,SLC25A44,4
12647,9606.ENSP00000407586,HRAS,4
12648,9606.ENSP00000407592,KCNMB2,7
12649,9606.ENSP00000407613,METTL6,4
12650,9606.ENSP00000407685,TNXB,9
12651,9606.ENSP00000407761,ACOXL,15
12652,9606.ENSP00000407763,CCDC122,16
12653,9606.ENSP00000407818,USP46,6
12654,9606.ENSP00000407822,CNTN6,11
12655,9606.ENSP00000408002,VRK2,13
12656,9606.ENSP00000408005,SLC9A3R2,6
12657,9606.ENSP00000408025,FBP1,10
12658,9606.ENSP00000408146,HLA-DPB1,2
12659,9606.ENSP00000408204,CT47A9,3
12660,9606.ENSP00000408205,LPAR4,3
12661,9606.ENSP00000408288,PPP1R3E,5
12662,9606.ENSP00000408292,TRIM32,8
12663,9606.ENSP00000408295,RFC5,8
12664,9606.ENSP00000408342,PRAM1,1
12665,9606.ENSP00000408367,CHTF8,1
12666,9606.ENSP00000408410,H7C2Y5_HUMAN,5
12667,9606.ENSP00000408411,LAMP2,4
12668,9606.ENSP00000408526,IMPA1,4
12669,9606.ENSP00000408598,PABPN1L,5
12670,9606.ENSP00000408617,HDAC9,8
12671,9606.ENSP00000408695,PRKCA,5
12672,9606.ENSP00000408792,SP8,10
12673,9606.ENSP00000408910,DCTN2,3
12674,9606.ENSP00000408979,KIF5A,1
12675,9606.ENSP00000409007,GDNF,10
12676,9606.ENSP00000409016,TBRG1,3
12677,9606.ENSP00000409126,ANO6,3
12678,9606.ENSP00000409131,WSB2,2
12679,9606.ENSP00000409231,TRAPPC13,42
12680,9606.ENSP00000409279,OTUD4,28
12681,9606.ENSP00000409315,RBM18,2
12682,9606.ENSP00000409316,OR4F29,7
12683,9606.ENSP00000409318,ZNF230,19
12684,9606.ENSP00000409346,CISH,32
12685,9606.ENSP00000409378,CHRM4,32
12686,9606.ENSP00000409382,CRACR2A,2
12687,9606.ENSP00000409463,ZNF740,3
12688,9606.ENSP00000409544,CLDN4,7
12689,9606.ENSP00000409555,HERPUD1,13
12690,9606.ENSP00000409581,ARRB1,19
12691,9606.ENSP00000409594,ZFYVE27,37
12692,9606.ENSP00000409652,ZNF766,9
12693,9606.ENSP00000409666,SUMO3,17
12694,9606.ENSP00000409667,SYNJ1,8
12695,9606.ENSP00000409799,RPP21,5
12696,9606.ENSP00000409832,GAGE12J,5
12697,9606.ENSP00000409879,TMEM159,4
12698,9606.ENSP00000409896,CCNB1IP1,17
12699,9606.ENSP00000409906,USP53,1
12700,9606.ENSP00000409924,PTGES3L-AARSD1,3
12701,9606.ENSP00000409952,VPS52,10
12702,9606.ENSP00000410007,FBXO46,11
12703,9606.ENSP00000410041,SKIDA1,7
12704,9606.ENSP00000410042,BRD1,6
12705,9606.ENSP00000410059,EEF1D,4
12706,9606.ENSP00000410083,VEZT,3
12707,9606.ENSP00000410186,AK9,4
12708,9606.ENSP00000410216,POC5,3
12709,9606.ENSP00000410242,IGF2BP2,11
12710,9606.ENSP00000410294,FGFR2,12
12711,9606.ENSP00000410309,PDE1A,11
12712,9606.ENSP00000410339,TOMM40,5
12713,9606.ENSP00000410396,CMSS1,3
12714,9606.ENSP00000410402,MAP2K4,3
12715,9606.ENSP00000410409,TAF1D,4
12716,9606.ENSP00000410446,TRIM26,2
12717,9606.ENSP00000410452,STMN1,10
12718,9606.ENSP00000410470,FAHD2B,1
12719,9606.ENSP00000410481,LTB,9
12720,9606.ENSP00000410561,CDK3,17
12721,9606.ENSP00000410584,CELF4,22
12722,9606.ENSP00000410603,FAM131B,1
12723,9606.ENSP00000410689,AFAP1,3
12724,9606.ENSP00000410715,SFRP4,7
12725,9606.ENSP00000410732,GABRG2,2
12726,9606.ENSP00000410746,DOCK4,1
12727,9606.ENSP00000410758,LSM5,2
12728,9606.ENSP00000410759,ATXN7L1,16
12729,9606.ENSP00000410769,CNBP,6
12730,9606.ENSP00000410798,FCGRT,17
12731,9606.ENSP00000410811,FIGNL1,17
12732,9606.ENSP00000410815,B4E1Z4_HUMAN,5
12733,9606.ENSP00000410818,MAD2L1BP,5
12734,9606.ENSP00000410833,GBE1,8
12735,9606.ENSP00000410858,NHLRC4,2
12736,9606.ENSP00000410862,RUNDC3A,2
12737,9606.ENSP00000410890,ZNF783,2
12738,9606.ENSP00000410910,MUSTN1,3
12739,9606.ENSP00000410926,LMLN,8
12740,9606.ENSP00000410943,TSPYL4,7
12741,9606.ENSP00000410964,ERLIN1,8
12742,9606.ENSP00000410992,MOGS,1
12743,9606.ENSP00000411010,DNTTIP2,3
12744,9606.ENSP00000411012,NSMAF,11
12745,9606.ENSP00000411013,TMPRSS3,5
12746,9606.ENSP00000411070,LCE6A,2
12747,9606.ENSP00000411073,BCL7B,8
12748,9606.ENSP00000411084,ZNF799,10
12749,9606.ENSP00000411099,TLK1,10
12750,9606.ENSP00000411124,BEGAIN,2
12751,9606.ENSP00000411152,ITPKB,2
12752,9606.ENSP00000411253,TBCCD1,3
12753,9606.ENSP00000411256,GABARAPL1,5
12754,9606.ENSP00000411268,BEND3,4
12755,9606.ENSP00000411355,PTPRC,7
12756,9606.ENSP00000411397,MARK3,5
12757,9606.ENSP00000411418,RAB3GAP1,7
12758,9606.ENSP00000411471,ABCF3,1
12759,9606.ENSP00000411532,TOP2A,4
12760,9606.ENSP00000411593,GLRA1,1
12761,9606.ENSP00000411613,AOC1,7
12762,9606.ENSP00000411672,ATP6V0E2,5
12763,9606.ENSP00000411719,MPST,3
12764,9606.ENSP00000411770,COLEC11,6
12765,9606.ENSP00000411788,GPR35,6
12766,9606.ENSP00000411816,CSGALNACT1,1
12767,9606.ENSP00000411821,ALDH3A1,5
12768,9606.ENSP00000411822,ISY1-RAB43,10
12769,9606.ENSP00000411825,PDCD6IP,9
12770,9606.ENSP00000411831,KIF21B,9
12771,9606.ENSP00000411848,MARCHF8,4
12772,9606.ENSP00000411898,EPGN,4
12773,9606.ENSP00000411909,CT47A10,1
12774,9606.ENSP00000411932,LMOD2,1
12775,9606.ENSP00000411940,IFNA17,19
12776,9606.ENSP00000411960,HSD17B4,4
12777,9606.ENSP00000412064,PRR13,4
12778,9606.ENSP00000412130,MRVI1,6
12779,9606.ENSP00000412150,CCDC121,2
12780,9606.ENSP00000412178,DGKZ,1
12781,9606.ENSP00000412189,PGAM4,1
12782,9606.ENSP00000412209,IL5RA,12
12783,9606.ENSP00000412237,IL10,2
12784,9606.ENSP00000412292,DEPDC1,3
12785,9606.ENSP00000412302,MBD3,1
12786,9606.ENSP00000412324,PPP2R5C,18
12787,9606.ENSP00000412326,ARPP21,11
12788,9606.ENSP00000412361,SIGLEC11,8
12789,9606.ENSP00000412388,AJM1,12
12790,9606.ENSP00000412457,F6UB75_HUMAN,15
12791,9606.ENSP00000412461,ARHGAP22,5
12792,9606.ENSP00000412482,MYEOV,9
12793,9606.ENSP00000412566,SNRPB,11
12794,9606.ENSP00000412673,GABRR1,11
12795,9606.ENSP00000412708,RMND1,5
12796,9606.ENSP00000412733,OSBPL9,7
12797,9606.ENSP00000412752,OR4A47,1
12798,9606.ENSP00000412869,IKZF2,16
12799,9606.ENSP00000412886,CAMTA2,3
12800,9606.ENSP00000412894,RPP14,4
12801,9606.ENSP00000412897,IFNA4,3
12802,9606.ENSP00000412940,FREM1,6
12803,9606.ENSP00000413001,AGBL1,1
12804,9606.ENSP00000413017,CCDC28B,9
12805,9606.ENSP00000413029,C7orf25,7
12806,9606.ENSP00000413035,RBFOX2,1
12807,9606.ENSP00000413064,NAT8L,2
12808,9606.ENSP00000413079,MICA,3
12809,9606.ENSP00000413098,SCAF8,4
12810,9606.ENSP00000413150,C1orf226,1
12811,9606.ENSP00000413156,RAB34,3
12812,9606.ENSP00000413196,FAM160A1,3
12813,9606.ENSP00000413405,PIGZ,1
12814,9606.ENSP00000413436,RPL10,1
12815,9606.ENSP00000413479,KRT3,1
12816,9606.ENSP00000413496,FGF12,6
12817,9606.ENSP00000413507,SEPTIN7,1
12818,9606.ENSP00000413572,NLE1,10
12819,9606.ENSP00000413575,CROT,2
12820,9606.ENSP00000413592,RFESD,4
12821,9606.ENSP00000413606,STXBP2,8
12822,9606.ENSP00000413625,FNBP1,20
12823,9606.ENSP00000413632,MCMDC2,1
12824,9606.ENSP00000413697,TOM1,3
12825,9606.ENSP00000413720,CDKN1C,2
12826,9606.ENSP00000413861,SIGLEC9,3
12827,9606.ENSP00000413908,BCS1L,5
12828,9606.ENSP00000413929,RCOR3,11
12829,9606.ENSP00000413937,INPP5K,10
12830,9606.ENSP00000414022,PERM1,9
12831,9606.ENSP00000414055,NRBP2,8
12832,9606.ENSP00000414066,SDHAF3,4
12833,9606.ENSP00000414068,J3KR12_HUMAN,4
12834,9606.ENSP00000414095,CUL2,4
12835,9606.ENSP00000414109,HJURP,6
12836,9606.ENSP00000414147,SPART,6
12837,9606.ENSP00000414150,ERG,3
12838,9606.ENSP00000414178,MTMR1,6
12839,9606.ENSP00000414202,PPP6R1,3
12840,9606.ENSP00000414237,INTS2,2
12841,9606.ENSP00000414253,CT47A2,1
12842,9606.ENSP00000414287,MST1,1
12843,9606.ENSP00000414302,SRSF12,12
12844,9606.ENSP00000414303,BDNF,2
12845,9606.ENSP00000414321,RPS24,1
12846,9606.ENSP00000414330,RIMKLA,3
12847,9606.ENSP00000414350,MUC20,1
12848,9606.ENSP00000414359,PSMA1,1
12849,9606.ENSP00000414378,EFNA4,8
12850,9606.ENSP00000414390,CFAP300,7
12851,9606.ENSP00000414398,DNAJB11,13
12852,9606.ENSP00000414516,SS18,7
12853,9606.ENSP00000414517,MAMLD1,4
12854,9606.ENSP00000414521,MID1,8
12855,9606.ENSP00000414558,ABHD4,3
12856,9606.ENSP00000414624,PRPSAP1,1
12857,9606.ENSP00000414635,LRRC34,1
12858,9606.ENSP00000414657,OSR2,7
12859,9606.ENSP00000414670,LMOD3,8
12860,9606.ENSP00000414851,ELP2,4
12861,9606.ENSP00000414856,SPARCL1,2
12862,9606.ENSP00000414884,HYLS1,3
12863,9606.ENSP00000414886,KCNIP1,3
12864,9606.ENSP00000414904,CTSO,6
12865,9606.ENSP00000414906,DCTN4,5
12866,9606.ENSP00000414921,PTBP3,1
12867,9606.ENSP00000414922,USP41,5
12868,9606.ENSP00000414982,KLC1,3
12869,9606.ENSP00000415011,SLC30A8,15
12870,9606.ENSP00000415034,NBEAL2,16
12871,9606.ENSP00000415049,GSDMB,3
12872,9606.ENSP00000415056,EXD1,2
12873,9606.ENSP00000415070,ZNF177,1
12874,9606.ENSP00000415078,CACTIN,13
12875,9606.ENSP00000415090,MYO7B,2
12876,9606.ENSP00000415139,TICAM2,5
12877,9606.ENSP00000415151,CBFB,1
12878,9606.ENSP00000415203,PIGG,1
12879,9606.ENSP00000415243,SKIL,12
12880,9606.ENSP00000415283,ICAM2,3
12881,9606.ENSP00000415332,SESTD1,3
12882,9606.ENSP00000415416,TRIB3,3
12883,9606.ENSP00000415430,GTSE1,4
12884,9606.ENSP00000415433,INTS12,1
12885,9606.ENSP00000415434,USP40,3
12886,9606.ENSP00000415436,KANSL2,4
12887,9606.ENSP00000415454,GCNT1,6
12888,9606.ENSP00000415464,LARP4,8
12889,9606.ENSP00000415536,POLR2H,7
12890,9606.ENSP00000415556,DCAF11,12
12891,9606.ENSP00000415579,CTCFL,14
12892,9606.ENSP00000415676,GGTLC2,14
12893,9606.ENSP00000415743,CD36,14
12894,9606.ENSP00000415769,ITIH3,13
12895,9606.ENSP00000415786,SERPINE2,16
12896,9606.ENSP00000415822,ATXN1L,19
12897,9606.ENSP00000415836,ZNF276,7
12898,9606.ENSP00000415941,C4B,6
12899,9606.ENSP00000415998,SLC48A1,2
12900,9606.ENSP00000416002,SLC35A2,2
12901,9606.ENSP00000416015,MICAL3,3
12902,9606.ENSP00000416037,TMPRSS4,2
12903,9606.ENSP00000416040,KIAA1549,9
12904,9606.ENSP00000416066,SERPINA1,5
12905,9606.ENSP00000416097,GOLGA2,1
12906,9606.ENSP00000416126,PRAP1,4
12907,9606.ENSP00000416158,FKBP15,6
12908,9606.ENSP00000416193,P2RX6,12
12909,9606.ENSP00000416249,GAGE12G,4
12910,9606.ENSP00000416250,EIF2B1,2
12911,9606.ENSP00000416255,EIF4G1,7
12912,9606.ENSP00000416269,DDX39B,5
12913,9606.ENSP00000416289,WDR27,5
12914,9606.ENSP00000416293,SLC2A1,10
12915,9606.ENSP00000416330,TGFBI,19
12916,9606.ENSP00000416338,MFN2,1
12917,9606.ENSP00000416341,NELL2,12
12918,9606.ENSP00000416387,FBLIM1,9
12919,9606.ENSP00000416418,SLC9A8,5
12920,9606.ENSP00000416429,RPL32,10
12921,9606.ENSP00000416508,ATP13A3,20
12922,9606.ENSP00000416515,FDXR,18
12923,9606.ENSP00000416523,SEMA4D,2
12924,9606.ENSP00000416534,DDX46,1
12925,9606.ENSP00000416558,FBXO24,7
12926,9606.ENSP00000416561,CFB,3
12927,9606.ENSP00000416583,DERA,2
12928,9606.ENSP00000416606,FSHB,2
12929,9606.ENSP00000416658,NME6,7
12930,9606.ENSP00000416673,PATL2,2
12931,9606.ENSP00000416683,IGFALS,11
12932,9606.ENSP00000416696,RIC1,1
12933,9606.ENSP00000416706,ACTBL2,3
12934,9606.ENSP00000416707,XKR6,4
12935,9606.ENSP00000416739,RECQL,3
12936,9606.ENSP00000416741,HS3ST6,4
12937,9606.ENSP00000416750,STK33,1
12938,9606.ENSP00000416787,GALNT11,10
12939,9606.ENSP00000416797,CAMSAP3,10
12940,9606.ENSP00000416799,SPATA2,7
12941,9606.ENSP00000416951,ZC3H18,4
12942,9606.ENSP00000416959,TRA2B,1
12943,9606.ENSP00000416996,ACKR2,6
12944,9606.ENSP00000417038,PHACTR2,2
12945,9606.ENSP00000417050,B4E171_HUMAN,3
12946,9606.ENSP00000417052,EBP,3
12947,9606.ENSP00000417061,CFAP74,3
12948,9606.ENSP00000417078,DHX36,1
12949,9606.ENSP00000417128,DEFB121,1
12950,9606.ENSP00000417132,BAP1,1
12951,9606.ENSP00000417138,PLTP,1
12952,9606.ENSP00000417142,NDUFA5,8
12953,9606.ENSP00000417161,GPR143,3
12954,9606.ENSP00000417171,ATP6V1G3,3
12955,9606.ENSP00000417175,VAPB,3
12956,9606.ENSP00000417183,DUSP7,1
12957,9606.ENSP00000417190,ATPAF2,1
12958,9606.ENSP00000417196,PCBP4,1
12959,9606.ENSP00000417207,HOXB3,3
12960,9606.ENSP00000417214,PARP15,2
12961,9606.ENSP00000417222,CPB1,13
12962,9606.ENSP00000417229,EIF2A,7
12963,9606.ENSP00000417235,MED12L,8
12964,9606.ENSP00000417261,GPR156,17
12965,9606.ENSP00000417273,NCK1,11
12966,9606.ENSP00000417291,REPIN1,4
12967,9606.ENSP00000417303,KLF8,1
12968,9606.ENSP00000417330,KRTAP5-7,1
12969,9606.ENSP00000417335,ROBO2,7
12970,9606.ENSP00000417354,GOLIM4,1
12971,9606.ENSP00000417378,ATP6V1F,1
12972,9606.ENSP00000417401,HELZ2,2
12973,9606.ENSP00000417402,PUS7,9
12974,9606.ENSP00000417404,HFE,1
12975,9606.ENSP00000417418,DNAJB8,9
12976,9606.ENSP00000417451,RBMXL3,11
12977,9606.ENSP00000417464,RRP1,9
12978,9606.ENSP00000417470,ZNF786,10
12979,9606.ENSP00000417498,MUC4,11
12980,9606.ENSP00000417510,SUPT20H,11
12981,9606.ENSP00000417548,DNAJC24,7
12982,9606.ENSP00000417559,NMD3,2
12983,9606.ENSP00000417569,STIM2,1
12984,9606.ENSP00000417573,YIPF6,13
12985,9606.ENSP00000417580,IAH1,7
12986,9606.ENSP00000417581,FAM199X,1
12987,9606.ENSP00000417583,ST6GALNAC5,1
12988,9606.ENSP00000417601,FBXL2,15
12989,9606.ENSP00000417602,MRPL47,3
12990,9606.ENSP00000417610,RAB23,4
12991,9606.ENSP00000417653,DBNL,2
12992,9606.ENSP00000417659,PPM1L,6
12993,9606.ENSP00000417677,ZBTB8OS,1
12994,9606.ENSP00000417686,SLBP,7
12995,9606.ENSP00000417706,DCUN1D2,3
12996,9606.ENSP00000417710,DPPA2,2
12997,9606.ENSP00000417748,DDI2,4
12998,9606.ENSP00000417763,NAA10,5
12999,9606.ENSP00000417764,ALG2,2
13000,9606.ENSP00000417864,ANP32A,8
13001,9606.ENSP00000417898,PAEP,2
13002,9606.ENSP00000417901,GPHN,6
13003,9606.ENSP00000417914,ASB11,1
13004,9606.ENSP00000417960,CCDC39,8
13005,9606.ENSP00000417963,PPP2R5D,9
13006,9606.ENSP00000417980,EHMT1,10
13007,9606.ENSP00000418001,GK5,9
13008,9606.ENSP00000418008,MRPS22,3
13009,9606.ENSP00000418009,RARRES2,2
13010,9606.ENSP00000418018,IFNE,4
13011,9606.ENSP00000418037,IRF5,13
13012,9606.ENSP00000418070,NECTIN3,3
13013,9606.ENSP00000418081,CACNA2D2,1
13014,9606.ENSP00000418082,RPL37A,21
13015,9606.ENSP00000418086,C3orf14,6
13016,9606.ENSP00000418112,PTPRG,3
13017,9606.ENSP00000418193,SPRR2F,1
13018,9606.ENSP00000418194,PARP14,1
13019,9606.ENSP00000418221,RPL7L1,1
13020,9606.ENSP00000418232,NISCH,14
13021,9606.ENSP00000418259,ZFP57,6
13022,9606.ENSP00000418268,MCM10,16
13023,9606.ENSP00000418287,CIAO1,4
13024,9606.ENSP00000418348,CMC1,2
13025,9606.ENSP00000418379,TAF1L,7
13026,9606.ENSP00000418401,SRPRB,4
13027,9606.ENSP00000418438,NDUFA3,11
13028,9606.ENSP00000418447,PPP2CA,5
13029,9606.ENSP00000418491,LCN10,7
13030,9606.ENSP00000418525,MME,6
13031,9606.ENSP00000418529,NSFL1C,4
13032,9606.ENSP00000418532,UGT1A3,9
13033,9606.ENSP00000418563,U2SURP,8
13034,9606.ENSP00000418572,VAMP2,5
13035,9606.ENSP00000418582,FHIT,3
13036,9606.ENSP00000418648,UBN2,6
13037,9606.ENSP00000418661,PTRH1,2
13038,9606.ENSP00000418668,CAVIN4,1
13039,9606.ENSP00000418669,SEPHS2,7
13040,9606.ENSP00000418693,RWDD2B,10
13041,9606.ENSP00000418695,PSMD6,2
13042,9606.ENSP00000418719,ZNF273,3
13043,9606.ENSP00000418734,MYSM1,1
13044,9606.ENSP00000418735,ADAMTS9,2
13045,9606.ENSP00000418748,ESRP2,2
13046,9606.ENSP00000418751,BTBD9,3
13047,9606.ENSP00000418754,PTK7,2
13048,9606.ENSP00000418767,TREML2,3
13049,9606.ENSP00000418803,TIMMDC1,22
13050,9606.ENSP00000418813,SELENOK,1
13051,9606.ENSP00000418823,FTO,9
13052,9606.ENSP00000418910,SELENOT,5
13053,9606.ENSP00000418915,CDKN2A,2
13054,9606.ENSP00000418944,PEG10,14
13055,9606.ENSP00000418960,BRCA1,7
13056,9606.ENSP00000418994,SYNPR,4
13057,9606.ENSP00000419005,UTP25,20
13058,9606.ENSP00000419027,PCCB,16
13059,9606.ENSP00000419060,BRAF,9
13060,9606.ENSP00000419081,CALML4,6
13061,9606.ENSP00000419085,TIGIT,5
13062,9606.ENSP00000419087,NDUFB2,10
13063,9606.ENSP00000419101,CACNA2D3,10
13064,9606.ENSP00000419153,ZBTB20,14
13065,9606.ENSP00000419162,WDR86,9
13066,9606.ENSP00000419184,SMYD3,10
13067,9606.ENSP00000419185,ONECUT2,4
13068,9606.ENSP00000419194,MSMP,10
13069,9606.ENSP00000419235,TCAF1,3
13070,9606.ENSP00000419243,FXN,14
13071,9606.ENSP00000419260,PIK3CG,10
13072,9606.ENSP00000419266,EVX1,4
13073,9606.ENSP00000419270,PRKRIP1,6
13074,9606.ENSP00000419279,TTC26,11
13075,9606.ENSP00000419298,POU5F1B,4
13076,9606.ENSP00000419313,TRPC1,7
13077,9606.ENSP00000419325,SUCLG2,3
13078,9606.ENSP00000419361,ADCY5,8
13079,9606.ENSP00000419370,MALSU1,5
13080,9606.ENSP00000419371,AZI2,6
13081,9606.ENSP00000419378,CLIC3,3
13082,9606.ENSP00000419395,CDNF,2
13083,9606.ENSP00000419411,GCNT2,5
13084,9606.ENSP00000419412,SLC4A2,4
13085,9606.ENSP00000419413,ARMC8,9
13086,9606.ENSP00000419425,PPIA,5
13087,9606.ENSP00000419446,ADAM9,8
13088,9606.ENSP00000419449,EIF1,16
13089,9606.ENSP00000419454,RNF183,17
13090,9606.ENSP00000419457,NOBOX,9
13091,9606.ENSP00000419465,WWTR1,3
13092,9606.ENSP00000419475,COMMD2,6
13093,9606.ENSP00000419494,RYBP,4
13094,9606.ENSP00000419503,HACD4,4
13095,9606.ENSP00000419545,GIMAP4,2
13096,9606.ENSP00000419599,DPH3,4
13097,9606.ENSP00000419619,ARL6,1
13098,9606.ENSP00000419628,NUDT5,2
13099,9606.ENSP00000419652,TTC12,10
13100,9606.ENSP00000419654,DENND2A,1
13101,9606.ENSP00000419665,SSBP1,1
13102,9606.ENSP00000419692,RXRA,1
13103,9606.ENSP00000419705,KNCN,4
13104,9606.ENSP00000419712,MYMK,6
13105,9606.ENSP00000419740,NSUN4,1
13106,9606.ENSP00000419765,BRD9,4
13107,9606.ENSP00000419782,CDK5,5
13108,9606.ENSP00000419803,KLHL13,2
13109,9606.ENSP00000419834,KIAA2012,3
13110,9606.ENSP00000419851,GMPS,3
13111,9606.ENSP00000419879,CDS2,3
13112,9606.ENSP00000419881,RAD51B,7
13113,9606.ENSP00000419901,L1TD1,3
13114,9606.ENSP00000419923,KLF6,2
13115,9606.ENSP00000419945,ERVW-1,3
13116,9606.ENSP00000419952,KCNAB1,4
13117,9606.ENSP00000419970,POR,2
13118,9606.ENSP00000419975,PEX5L,9
13119,9606.ENSP00000420009,HOXB6,6
13120,9606.ENSP00000420037,PIGP,1
13121,9606.ENSP00000420040,KCNIP2,4
13122,9606.ENSP00000420076,SERP1,3
13123,9606.ENSP00000420091,SLITRK3,6
13124,9606.ENSP00000420127,RAB9A,5
13125,9606.ENSP00000420161,B4GALT4,14
13126,9606.ENSP00000420168,GSTA2,8
13127,9606.ENSP00000420174,ERVFRD-1,6
13128,9606.ENSP00000420176,POLE4,8
13129,9606.ENSP00000420180,CCDC14,2
13130,9606.ENSP00000420182,IQCJ-SCHIP1,2
13131,9606.ENSP00000420194,CASR,3
13132,9606.ENSP00000420195,SRSF10,2
13133,9606.ENSP00000420211,RGL2,8
13134,9606.ENSP00000420213,FLNB,7
13135,9606.ENSP00000420267,NR6A1,10
13136,9606.ENSP00000420269,ADH7,8
13137,9606.ENSP00000420270,UHMK1,3
13138,9606.ENSP00000420294,PHC3,1
13139,9606.ENSP00000420295,PDE6B,1
13140,9606.ENSP00000420298,CD200,12
13141,9606.ENSP00000420306,THOC5,1
13142,9606.ENSP00000420311,RPL23,6
13143,9606.ENSP00000420321,ROBO1,15
13144,9606.ENSP00000420357,RWDD1,3
13145,9606.ENSP00000420384,CST7,1
13146,9606.ENSP00000420387,ATP11A,2
13147,9606.ENSP00000420418,ZNF398,7
13148,9606.ENSP00000420443,CNIH4,4
13149,9606.ENSP00000420449,MGAM2,2
13150,9606.ENSP00000420477,NACAD,20
13151,9606.ENSP00000420484,OARD1,4
13152,9606.ENSP00000420525,TFR2,7
13153,9606.ENSP00000420588,TFAM,10
13154,9606.ENSP00000420608,EMC1,9
13155,9606.ENSP00000420612,TIPARP,12
13156,9606.ENSP00000420616,TFDP2,5
13157,9606.ENSP00000420617,MFN1,9
13158,9606.ENSP00000420641,SSR3,2
13159,9606.ENSP00000420659,KLHL29,9
13160,9606.ENSP00000420682,QTRT2,4
13161,9606.ENSP00000420714,MRPS14,1
13162,9606.ENSP00000420826,PRB1,10
13163,9606.ENSP00000420860,PRIMPOL,1
13164,9606.ENSP00000420875,RMND5B,1
13165,9606.ENSP00000420927,PDK2,1
13166,9606.ENSP00000421076,ATP5MGL,3
13167,9606.ENSP00000421172,AWAT2,4
13168,9606.ENSP00000421180,MAML3,1
13169,9606.ENSP00000421185,MGAT4D,6
13170,9606.ENSP00000421275,SLC10A7,1
13171,9606.ENSP00000421280,MYO10,9
13172,9606.ENSP00000421326,ATP2C1,1
13173,9606.ENSP00000421339,SLCO6A1,2
13174,9606.ENSP00000421377,PIEZO2,15
13175,9606.ENSP00000421380,SNF8,4
13176,9606.ENSP00000421405,ROPN1L,1
13177,9606.ENSP00000421491,XRCC4,4
13178,9606.ENSP00000421544,PCBD2,1
13179,9606.ENSP00000421566,XPNPEP1,1
13180,9606.ENSP00000421592,ALYREF,4
13181,9606.ENSP00000421686,SPDYE2,2
13182,9606.ENSP00000421710,GNGT2,10
13183,9606.ENSP00000421725,GC,8
13184,9606.ENSP00000421736,CR1L,10
13185,9606.ENSP00000421799,D6RAR5_HUMAN,16
13186,9606.ENSP00000421801,HGFAC,4
13187,9606.ENSP00000421842,ANAPC13,2
13188,9606.ENSP00000421861,MAGED4B,2
13189,9606.ENSP00000421863,ZNF827,3
13190,9606.ENSP00000421868,CCDC169-SOHLH2,21
13191,9606.ENSP00000421871,DCANP1,6
13192,9606.ENSP00000421926,UIMC1,19
13193,9606.ENSP00000421965,PRRC1,3
13194,9606.ENSP00000421981,PAQR3,6
13195,9606.ENSP00000421985,FNIP1,1
13196,9606.ENSP00000422007,ACTN3,2
13197,9606.ENSP00000422097,USP17L25,1
13198,9606.ENSP00000422176,CAST,2
13199,9606.ENSP00000422185,SORCS2,3
13200,9606.ENSP00000422188,TTC23L,2
13201,9606.ENSP00000422338,ATPSCKMT,5
13202,9606.ENSP00000422354,GSTCD,8
13203,9606.ENSP00000422375,NUDT16,5
13204,9606.ENSP00000422435,RPS6KA2,7
13205,9606.ENSP00000422464,PDGFC,2
13206,9606.ENSP00000422473,TMEM33,3
13207,9606.ENSP00000422533,ADGRL3,6
13208,9606.ENSP00000422554,ADAMTS12,5
13209,9606.ENSP00000422591,SLIT2,3
13210,9606.ENSP00000422607,ACSL1,2
13211,9606.ENSP00000422626,LARP7,3
13212,9606.ENSP00000422793,INPP4B,3
13213,9606.ENSP00000422834,FRAS1,10
13214,9606.ENSP00000422896,SEPTIN11,6
13215,9606.ENSP00000422907,GTF2H2C,4
13216,9606.ENSP00000422947,TRIM34,1
13217,9606.ENSP00000423067,WDR36,10
13218,9606.ENSP00000423099,CXorf40A,2
13219,9606.ENSP00000423190,AADAT,1
13220,9606.ENSP00000423276,ZCCHC10,7
13221,9606.ENSP00000423309,H0Y980_HUMAN,5
13222,9606.ENSP00000423313,GALNTL6,11
13223,9606.ENSP00000423325,ENSP00000423325,5
13224,9606.ENSP00000423333,USP51,2
13225,9606.ENSP00000423354,MEGF10,3
13226,9606.ENSP00000423390,USP26,7
13227,9606.ENSP00000423391,RFPL4B,4
13228,9606.ENSP00000423399,MRPL36,2
13229,9606.ENSP00000423463,LY75-CD302,3
13230,9606.ENSP00000423505,TTC29,4
13231,9606.ENSP00000423541,SV2C,1
13232,9606.ENSP00000423563,MACROH2A1,2
13233,9606.ENSP00000423602,DAPP1,3
13234,9606.ENSP00000423630,FBXL7,3
13235,9606.ENSP00000423660,SH3TC2,5
13236,9606.ENSP00000423665,CDK18,3
13237,9606.ENSP00000423673,NDUFA13,4
13238,9606.ENSP00000423674,GNPDA1,3
13239,9606.ENSP00000423820,ZFP62,3
13240,9606.ENSP00000423822,GPX8,1
13241,9606.ENSP00000423861,HOXC9,2
13242,9606.ENSP00000423881,PACRGL,3
13243,9606.ENSP00000423897,KLHL5,5
13244,9606.ENSP00000423917,NPY5R,7
13245,9606.ENSP00000423933,THUMPD2,6
13246,9606.ENSP00000424007,SHLD3,6
13247,9606.ENSP00000424015,FRG2,7
13248,9606.ENSP00000424040,TAS2R50,2
13249,9606.ENSP00000424058,SPDYE2B,6
13250,9606.ENSP00000424123,ELOVL7,2
13251,9606.ENSP00000424183,LAMTOR3,3
13252,9606.ENSP00000424191,SMUG1,1
13253,9606.ENSP00000424198,KLHL2,10
13254,9606.ENSP00000424226,TENM3,3
13255,9606.ENSP00000424261,PTTG2,3
13256,9606.ENSP00000424328,MRPS30,5
13257,9606.ENSP00000424381,LMF2,5
13258,9606.ENSP00000424417,PLRG1,15
13259,9606.ENSP00000424474,SAMD14,3
13260,9606.ENSP00000424495,ZNF346,4
13261,9606.ENSP00000424501,HTN1,10
13262,9606.ENSP00000424544,TUSC3,4
13263,9606.ENSP00000424565,CDHR2,11
13264,9606.ENSP00000424571,FBN2,10
13265,9606.ENSP00000424595,PRPS1L1,1
13266,9606.ENSP00000424598,DEFB4B,2
13267,9606.ENSP00000424630,ADH4,2
13268,9606.ENSP00000424655,COPS4,7
13269,9606.ENSP00000424711,CLRN2,10
13270,9606.ENSP00000424725,PKD2L2,3
13271,9606.ENSP00000424737,ZGRF1,6
13272,9606.ENSP00000424757,NEK1,7
13273,9606.ENSP00000424765,AMOTL2,5
13274,9606.ENSP00000424798,MTX3,1
13275,9606.ENSP00000424827,NEDD4,13
13276,9606.ENSP00000424838,DDX4,7
13277,9606.ENSP00000424846,SH3BP2,13
13278,9606.ENSP00000424870,SRP19,11
13279,9606.ENSP00000424896,CNOT6L,12
13280,9606.ENSP00000425031,HNRNPAB,1
13281,9606.ENSP00000425040,CCSER1,2
13282,9606.ENSP00000425048,DTWD2,3
13283,9606.ENSP00000425107,ATG12,4
13284,9606.ENSP00000425130,UVSSA,3
13285,9606.ENSP00000425133,SMG7,2
13286,9606.ENSP00000425261,COX18,2
13287,9606.ENSP00000425375,USP17L24,3
13288,9606.ENSP00000425394,ABLIM3,5
13289,9606.ENSP00000425493,CAGE1,2
13290,9606.ENSP00000425497,UGT2A1,8
13291,9606.ENSP00000425556,PALLD,8
13292,9606.ENSP00000425561,EIF4E,3
13293,9606.ENSP00000425587,EXOC3,3
13294,9606.ENSP00000425634,HARS1,6
13295,9606.ENSP00000425658,ANKRD50,6
13296,9606.ENSP00000425759,COX7C,2
13297,9606.ENSP00000425786,CFAP299,3
13298,9606.ENSP00000425809,PGM3,2
13299,9606.ENSP00000425824,CAMK2D,1
13300,9606.ENSP00000425864,BORCS8,1
13301,9606.ENSP00000425915,SELENOP,9
13302,9606.ENSP00000425961,SPINK2,1
13303,9606.ENSP00000425979,DROSHA,1
13304,9606.ENSP00000426033,HELT,11
13305,9606.ENSP00000426070,TRPC7,12
13306,9606.ENSP00000426083,ADH1C,15
13307,9606.ENSP00000426103,MIB2,5
13308,9606.ENSP00000426120,GRAMD2B,2
13309,9606.ENSP00000426167,OSTC,1
13310,9606.ENSP00000426191,RAD17,10
13311,9606.ENSP00000426237,SERINC5,8
13312,9606.ENSP00000426255,SNX25,1
13313,9606.ENSP00000426271,ROPN1B,7
13314,9606.ENSP00000426359,MCIDAS,6
13315,9606.ENSP00000426387,ZBTB38,5
13316,9606.ENSP00000426421,ASTE1,6
13317,9606.ENSP00000426455,RNASET2,3
13318,9606.ENSP00000426503,RNF4,3
13319,9606.ENSP00000426504,ZNF131,12
13320,9606.ENSP00000426548,KCTD16,7
13321,9606.ENSP00000426613,TNIP3,3
13322,9606.ENSP00000426632,ERBIN,1
13323,9606.ENSP00000426638,ETFDH,2
13324,9606.ENSP00000426653,WNT8A,16
13325,9606.ENSP00000426654,ANAPC4,6
13326,9606.ENSP00000426786,GUCY1B1,13
13327,9606.ENSP00000426809,PROM1,1
13328,9606.ENSP00000426848,ZFYVE16,2
13329,9606.ENSP00000426909,RACK1,6
13330,9606.ENSP00000426932,AHRR-2,13
13331,9606.ENSP00000426941,MRPS27,6
13332,9606.ENSP00000426948,E9PCH4_HUMAN,19
13333,9606.ENSP00000426964,YJEFN3,2
13334,9606.ENSP00000426978,NXF5,4
13335,9606.ENSP00000426983,CLOCK,15
13336,9606.ENSP00000427004,GFM2,36
13337,9606.ENSP00000427018,RIMS2,6
13338,9606.ENSP00000427108,CDKN2AIP,2
13339,9606.ENSP00000427130,ANKRD13D,2
13340,9606.ENSP00000427211,APBB2,3
13341,9606.ENSP00000427223,MARCHF1,1
13342,9606.ENSP00000427279,CXCL2,4
13343,9606.ENSP00000427329,FOXR2,9
13344,9606.ENSP00000427336,DIO3,8
13345,9606.ENSP00000427366,USP17L26,1
13346,9606.ENSP00000427401,SREK1IP1,7
13347,9606.ENSP00000427407,SMIM20,8
13348,9606.ENSP00000427421,CDC42SE2,3
13349,9606.ENSP00000427463,SPCS3,3
13350,9606.ENSP00000427514,CEBPA,1
13351,9606.ENSP00000427550,CEP192,5
13352,9606.ENSP00000427552,DDR1,5
13353,9606.ENSP00000427562,ABL2,1
13354,9606.ENSP00000427567,FHDC1,2
13355,9606.ENSP00000427603,GABRA2,6
13356,9606.ENSP00000427661,SLC4A9,5
13357,9606.ENSP00000427679,MTTP,2
13358,9606.ENSP00000427687,WDR1,2
13359,9606.ENSP00000427690,GYPB,1
13360,9606.ENSP00000427695,TOB1,1
13361,9606.ENSP00000427772,WWC1,7
13362,9606.ENSP00000427793,WWP1,11
13363,9606.ENSP00000427802,NACA2,2
13364,9606.ENSP00000427866,DMTN,1
13365,9606.ENSP00000427874,TENM2,14
13366,9606.ENSP00000427882,ANKAR,4
13367,9606.ENSP00000427888,HS3ST5,7
13368,9606.ENSP00000427900,KIF13B,4
13369,9606.ENSP00000427926,RHOBTB2,6
13370,9606.ENSP00000427951,CCDC160,2
13371,9606.ENSP00000427975,RANBP17,6
13372,9606.ENSP00000427985,DPYSL2,6
13373,9606.ENSP00000428055,ENSP00000428055,6
13374,9606.ENSP00000428056,PIK3R1,5
13375,9606.ENSP00000428085,RPL30,13
13376,9606.ENSP00000428112,ERLIN2,1
13377,9606.ENSP00000428182,MPP2,4
13378,9606.ENSP00000428184,SDCBP,1
13379,9606.ENSP00000428205,FBXO32,1
13380,9606.ENSP00000428209,UBE2V2,3
13381,9606.ENSP00000428220,IRGM,8
13382,9606.ENSP00000428223,RPL26L1,3
13383,9606.ENSP00000428259,CETN3,1
13384,9606.ENSP00000428263,DGLUCY,3
13385,9606.ENSP00000428281,LEPROTL1,1
13386,9606.ENSP00000428324,VASH2,12
13387,9606.ENSP00000428331,SFTA3,12
13388,9606.ENSP00000428338,SPSB2,12
13389,9606.ENSP00000428340,ANGPT1,10
13390,9606.ENSP00000428343,RGS21,17
13391,9606.ENSP00000428417,RIMS1,4
13392,9606.ENSP00000428426,TCEA1,3
13393,9606.ENSP00000428480,DLX6,10
13394,9606.ENSP00000428489,PBK,3
13395,9606.ENSP00000428518,GFRA2,1
13396,9606.ENSP00000428540,ST3GAL1,4
13397,9606.ENSP00000428564,SEC24B,3
13398,9606.ENSP00000428572,LY6E,5
13399,9606.ENSP00000428585,SMIM12,15
13400,9606.ENSP00000428612,SLC10A5,2
13401,9606.ENSP00000428619,UTP14C,5
13402,9606.ENSP00000428646,FBXO41,16
13403,9606.ENSP00000428657,NAIP,1
13404,9606.ENSP00000428714,DENND3,2
13405,9606.ENSP00000428756,STAU2,9
13406,9606.ENSP00000428780,CLDN23,4
13407,9606.ENSP00000428787,AP3M2,4
13408,9606.ENSP00000428845,VDAC3,5
13409,9606.ENSP00000428864,CES5A,19
13410,9606.ENSP00000428924,LYN,14
13411,9606.ENSP00000428968,RNF19A,7
13412,9606.ENSP00000428976,PTP4A3,3
13413,9606.ENSP00000428982,CCNC,1
13414,9606.ENSP00000428994,GRIA1,1
13415,9606.ENSP00000429015,ANKRD46,1
13416,9606.ENSP00000429065,INTS9,4
13417,9606.ENSP00000429084,UBR5,3
13418,9606.ENSP00000429089,CCNE2,2
13419,9606.ENSP00000429148,ZNF674,1
13420,9606.ENSP00000429150,FAM49B,5
13421,9606.ENSP00000429168,SLC25A30,2
13422,9606.ENSP00000429190,ENDOV,2
13423,9606.ENSP00000429200,SLC25A37,4
13424,9606.ENSP00000429243,STMN2,2
13425,9606.ENSP00000429283,DOCK2,14
13426,9606.ENSP00000429309,TPD52,5
13427,9606.ENSP00000429323,EIF2B4,2
13428,9606.ENSP00000429344,PNMA2,11
13429,9606.ENSP00000429367,FAM92A,3
13430,9606.ENSP00000429374,RPS20,1
13431,9606.ENSP00000429473,HS6ST2,1
13432,9606.ENSP00000429562,UNC13A,3
13433,9606.ENSP00000429633,MYBL1,1
13434,9606.ENSP00000429690,ATP6V0E1,10
13435,9606.ENSP00000429707,COX6C,4
13436,9606.ENSP00000429744,STK3,4
13437,9606.ENSP00000429754,SLC20A2,2
13438,9606.ENSP00000429763,INSYN2A,1
13439,9606.ENSP00000429824,CLINT1,1
13440,9606.ENSP00000429900,ASAP1,6
13441,9606.ENSP00000429931,EIF3H,4
13442,9606.ENSP00000429986,ENY2,4
13443,9606.ENSP00000429993,TSPAN18,4
13444,9606.ENSP00000430000,ATXN7L3B,4
13445,9606.ENSP00000430025,LYRM2,2
13446,9606.ENSP00000430031,TXNRD3,6
13447,9606.ENSP00000430075,AMPD1,1
13448,9606.ENSP00000430100,GABRP,7
13449,9606.ENSP00000430128,RALYL,7
13450,9606.ENSP00000430236,ALG11,4
13451,9606.ENSP00000430237,RNF130,4
13452,9606.ENSP00000430241,EBF2,9
13453,9606.ENSP00000430242,SBSN,7
13454,9606.ENSP00000430269,EPHX2,3
13455,9606.ENSP00000430276,MCF2,2
13456,9606.ENSP00000430282,ATP6V1C1,3
13457,9606.ENSP00000430325,TDRP,3
13458,9606.ENSP00000430338,INTS8,1
13459,9606.ENSP00000430344,PLCD1,2
13460,9606.ENSP00000430432,HDAC2,8
13461,9606.ENSP00000430493,CNOT8,2
13462,9606.ENSP00000430494,UQCRB,3
13463,9606.ENSP00000430548,PTDSS1,2
13464,9606.ENSP00000430598,ATOX1,2
13465,9606.ENSP00000430620,HEPH,2
13466,9606.ENSP00000430656,CA1,5
13467,9606.ENSP00000430684,IKBKB,5
13468,9606.ENSP00000430690,TFF3,4
13469,9606.ENSP00000430706,EIF5AL1,7
13470,9606.ENSP00000430711,TRHR,4
13471,9606.ENSP00000430774,E5RI56_HUMAN,4
13472,9606.ENSP00000430846,KCNB2,4
13473,9606.ENSP00000430886,GPBAR1,12
13474,9606.ENSP00000430945,ADGRB1,3
13475,9606.ENSP00000430947,HSF4,3
13476,9606.ENSP00000430950,IDO1,2
13477,9606.ENSP00000430955,RNF145,5
13478,9606.ENSP00000431010,SDR16C5,2
13479,9606.ENSP00000431012,ARHGEF10,4
13480,9606.ENSP00000431040,MRPL22,1
13481,9606.ENSP00000431049,GSTK1,1
13482,9606.ENSP00000431076,DNPEP,3
13483,9606.ENSP00000431140,C1QTNF5,4
13484,9606.ENSP00000431162,EID1,5
13485,9606.ENSP00000431186,BTBD10,7
13486,9606.ENSP00000431240,RPLP2,4
13487,9606.ENSP00000431254,IGLL5,2
13488,9606.ENSP00000431284,LPXN,4
13489,9606.ENSP00000431287,CSKMT,6
13490,9606.ENSP00000431391,API5,4
13491,9606.ENSP00000431418,NTRK1,5
13492,9606.ENSP00000431443,KRTAP5-9,2
13493,9606.ENSP00000431445,CD3G,12
13494,9606.ENSP00000431459,FAM89B,5
13495,9606.ENSP00000431512,HSF1,1
13496,9606.ENSP00000431603,POU2F2,3
13497,9606.ENSP00000431719,TAS2R43,2
13498,9606.ENSP00000431759,CFAP54,3
13499,9606.ENSP00000431775,IL32,19
13500,9606.ENSP00000431800,EIF3F,20
13501,9606.ENSP00000431813,CSRP3,17
13502,9606.ENSP00000431822,FAU,15
13503,9606.ENSP00000431840,SLC24A4,17
13504,9606.ENSP00000431876,USP35,17
13505,9606.ENSP00000431885,TYK2,7
13506,9606.ENSP00000431926,AMBRA1,14
13507,9606.ENSP00000431971,SAMD1,25
13508,9606.ENSP00000431983,MUC15,17
13509,9606.ENSP00000431984,CAPN1,23
13510,9606.ENSP00000432011,OR52B2,2
13511,9606.ENSP00000432016,H7C0V5_HUMAN,2
13512,9606.ENSP00000432104,EBLN2,3
13513,9606.ENSP00000432119,WDR74,1
13514,9606.ENSP00000432172,CCDC17,3
13515,9606.ENSP00000432279,CHMP1B,5
13516,9606.ENSP00000432305,SPA17,1
13517,9606.ENSP00000432412,ATG13,2
13518,9606.ENSP00000432456,GPR61,2
13519,9606.ENSP00000432459,TMEM262,3
13520,9606.ENSP00000432472,BRK1,2
13521,9606.ENSP00000432481,NAALAD2,2
13522,9606.ENSP00000432504,ZNF202,8
13523,9606.ENSP00000432511,JAK3,3
13524,9606.ENSP00000432561,HTN3,8
13525,9606.ENSP00000432568,SPTBN2,2
13526,9606.ENSP00000432586,FAT3,2
13527,9606.ENSP00000432651,SMTNL1,1
13528,9606.ENSP00000432660,CFL1,13
13529,9606.ENSP00000432688,PIGY,1
13530,9606.ENSP00000432692,UQCC3,2
13531,9606.ENSP00000432695,TRMT9B,2
13532,9606.ENSP00000432743,TP53AIP1,3
13533,9606.ENSP00000432768,CKAP5,1
13534,9606.ENSP00000432770,EYA4,1
13535,9606.ENSP00000432786,KDM2A,11
13536,9606.ENSP00000432816,ACRV1,5
13537,9606.ENSP00000432845,MEX3A,7
13538,9606.ENSP00000432886,RNPC3,5
13539,9606.ENSP00000432973,PTPRK,11
13540,9606.ENSP00000433001,RGS5,2
13541,9606.ENSP00000433102,TRIM3,1
13542,9606.ENSP00000433112,DKK3,5
13543,9606.ENSP00000433126,TMEM41B,7
13544,9606.ENSP00000433138,CASP1,10
13545,9606.ENSP00000433157,BBIP1,3
13546,9606.ENSP00000433205,EMSY,1
13547,9606.ENSP00000433208,PTH,4
13548,9606.ENSP00000433209,GSDMD,1
13549,9606.ENSP00000433277,MS4A1,6
13550,9606.ENSP00000433295,KCNJ5,7
13551,9606.ENSP00000433343,FAM118B,4
13552,9606.ENSP00000433415,NT5C1B-RDH14,5
13553,9606.ENSP00000433427,ARL15,6
13554,9606.ENSP00000433459,CREBZF,4
13555,9606.ENSP00000433488,FLI1,6
13556,9606.ENSP00000433490,CALCB,2
13557,9606.ENSP00000433528,DENND2B,3
13558,9606.ENSP00000433560,CRYAB,4
13559,9606.ENSP00000433623,TRAF6,7
13560,9606.ENSP00000433642,FCGR3B,2
13561,9606.ENSP00000433664,EIF4G2,2
13562,9606.ENSP00000433666,FGD4,1
13563,9606.ENSP00000433681,NCAPD3,2
13564,9606.ENSP00000433712,SPRN,6
13565,9606.ENSP00000433760,BANF1,3
13566,9606.ENSP00000433769,CYHR1,6
13567,9606.ENSP00000433847,B3GAT1,1
13568,9606.ENSP00000433919,CLNS1A,7
13569,9606.ENSP00000433933,PNLIPRP1,4
13570,9606.ENSP00000433967,E9PSI1_HUMAN,2
13571,9606.ENSP00000433999,RNH1,3
13572,9606.ENSP00000434024,H2AX,5
13573,9606.ENSP00000434034,FZD4,2
13574,9606.ENSP00000434056,EIF1AD,4
13575,9606.ENSP00000434103,RAB15,1
13576,9606.ENSP00000434241,KCNC3,1
13577,9606.ENSP00000434343,CYB5RL,2
13578,9606.ENSP00000434359,PUF60,1
13579,9606.ENSP00000434364,SLC6A5,2
13580,9606.ENSP00000434412,SERPINH1,2
13581,9606.ENSP00000434435,FAM111A,2
13582,9606.ENSP00000434442,ARFGAP2,6
13583,9606.ENSP00000434466,INTS4,6
13584,9606.ENSP00000434480,ACER3,2
13585,9606.ENSP00000434511,SELENOH,3
13586,9606.ENSP00000434516,TXNRD1,2
13587,9606.ENSP00000434552,MAML2,4
13588,9606.ENSP00000434570,SOGA3,7
13589,9606.ENSP00000434614,CDC27,4
13590,9606.ENSP00000434676,USP50,23
13591,9606.ENSP00000434717,IL18BP,22
13592,9606.ENSP00000434729,ATP6V0B,15
13593,9606.ENSP00000434776,PARP10,4
13594,9606.ENSP00000434847,TSKU,6
13595,9606.ENSP00000434887,THNSL1,1
13596,9606.ENSP00000434995,CLP1,2
13597,9606.ENSP00000435010,DEFB134,6
13598,9606.ENSP00000435096,RPS25,2
13599,9606.ENSP00000435150,KIAA0408,1
13600,9606.ENSP00000435189,RAB30,16
13601,9606.ENSP00000435210,BCLAF1,9
13602,9606.ENSP00000435233,TEAD1,2
13603,9606.ENSP00000435289,PAFAH1B2,1
13604,9606.ENSP00000435355,GJB7,2
13605,9606.ENSP00000435365,TOR1AIP1,2
13606,9606.ENSP00000435373,CCNJ,17
13607,9606.ENSP00000435380,SLN,13
13608,9606.ENSP00000435389,PLEKHA7,2
13609,9606.ENSP00000435412,RPS6KA1,6
13610,9606.ENSP00000435421,DDIAS,6
13611,9606.ENSP00000435460,LGALS8,9
13612,9606.ENSP00000435466,KIRREL3,3
13613,9606.ENSP00000435506,POLN,4
13614,9606.ENSP00000435509,ZIC4,5
13615,9606.ENSP00000435534,CCKBR,2
13616,9606.ENSP00000435550,ZC2HC1C,2
13617,9606.ENSP00000435565,MROH1,2
13618,9606.ENSP00000435582,AGBL2,1
13619,9606.ENSP00000435585,EPS8L2,3
13620,9606.ENSP00000435619,EID3,2
13621,9606.ENSP00000435637,CNTN5,1
13622,9606.ENSP00000435648,GRIK4,4
13623,9606.ENSP00000435712,GATA4,3
13624,9606.ENSP00000435770,ASCL3,6
13625,9606.ENSP00000435777,RPS13,1
13626,9606.ENSP00000435790,ANKRD42,3
13627,9606.ENSP00000435844,MS4A6A,1
13628,9606.ENSP00000435954,KCNV1,2
13629,9606.ENSP00000436004,OR5M10,4
13630,9606.ENSP00000436005,TRAPPC4,8
13631,9606.ENSP00000436047,ST3GAL4,4
13632,9606.ENSP00000436049,EIF3M,2
13633,9606.ENSP00000436126,SAA2,1
13634,9606.ENSP00000436152,TP53I11,4
13635,9606.ENSP00000436318,CCS,5
13636,9606.ENSP00000436376,OMP,6
13637,9606.ENSP00000436423,GNLY,3
13638,9606.ENSP00000436450,TAS2R46,7
13639,9606.ENSP00000436453,OR52I1,2
13640,9606.ENSP00000436455,NUCB2,1
13641,9606.ENSP00000436552,IGSF9B,2
13642,9606.ENSP00000436585,ECHDC1,1
13643,9606.ENSP00000436596,TMEM218,3
13644,9606.ENSP00000436604,GALNT4,6
13645,9606.ENSP00000436607,ADM,3
13646,9606.ENSP00000436621,C8orf82,7
13647,9606.ENSP00000436649,SAC3D1,4
13648,9606.ENSP00000436679,NXF1,3
13649,9606.ENSP00000436682,ARMS2,3
13650,9606.ENSP00000436691,CARD18,8
13651,9606.ENSP00000436713,KBTBD4,4
13652,9606.ENSP00000436714,HCAR3,6
13653,9606.ENSP00000436786,KMT2A,4
13654,9606.ENSP00000436812,MUC5B,12
13655,9606.ENSP00000436836,CACNG5,1
13656,9606.ENSP00000436864,CELF1,1
13657,9606.ENSP00000436897,SMIM3,5
13658,9606.ENSP00000436926,NFRKB,7
13659,9606.ENSP00000436975,DNAAF3,5
13660,9606.ENSP00000437041,CYB5R2,3
13661,9606.ENSP00000437073,MYO18A,5
13662,9606.ENSP00000437082,CHI3L2,5
13663,9606.ENSP00000437125,HSPA8,6
13664,9606.ENSP00000437188,TIAM2,2
13665,9606.ENSP00000437256,DICER1,7
13666,9606.ENSP00000437271,TNKS1BP1,1
13667,9606.ENSP00000437360,ANAPC15,7
13668,9606.ENSP00000437402,ENO2,1
13669,9606.ENSP00000437464,FBXL17,4
13670,9606.ENSP00000437532,CCDC189,3
13671,9606.ENSP00000437550,LATS1,3
13672,9606.ENSP00000437554,IQSEC3,3
13673,9606.ENSP00000437563,KLRC3-2,4
13674,9606.ENSP00000437616,ZNF611,8
13675,9606.ENSP00000437621,HMGA2,1
13676,9606.ENSP00000437659,PHC1,2
13677,9606.ENSP00000437737,HTR2A,1
13678,9606.ENSP00000437738,SFSWAP,1
13679,9606.ENSP00000437775,BCORL1,5
13680,9606.ENSP00000437783,LDHC,2
13681,9606.ENSP00000437790,CDH22,1
13682,9606.ENSP00000437849,TRPM1,2
13683,9606.ENSP00000437872,GPRASP2,2
13684,9606.ENSP00000437910,MTRNR2L5,8
13685,9606.ENSP00000437955,HIF1A,1
13686,9606.ENSP00000438038,KLRC1,11
13687,9606.ENSP00000438040,CCDC91,1
13688,9606.ENSP00000438071,PAAF1,1
13689,9606.ENSP00000438085,GGA3,4
13690,9606.ENSP00000438204,TOMM5,4
13691,9606.ENSP00000438209,SP6,3
13692,9606.ENSP00000438244,KLRF2,2
13693,9606.ENSP00000438248,CALU,1
13694,9606.ENSP00000438262,TJP2,10
13695,9606.ENSP00000438273,BBS12,10
13696,9606.ENSP00000438349,TRMT112,1
13697,9606.ENSP00000438388,KIF1A,2
13698,9606.ENSP00000438399,IST1,4
13699,9606.ENSP00000438400,CLDN24,5
13700,9606.ENSP00000438406,SLAMF1,8
13701,9606.ENSP00000438455,TIMM8B,1
13702,9606.ENSP00000438465,PGAM5,4
13703,9606.ENSP00000438468,HHAT,1
13704,9606.ENSP00000438483,KPNA2,1
13705,9606.ENSP00000438553,H2AJ,1
13706,9606.ENSP00000438574,PIAS1,1
13707,9606.ENSP00000438677,PLD4,1
13708,9606.ENSP00000438689,ACADVL,5
13709,9606.ENSP00000438748,SMG8,4
13710,9606.ENSP00000438757,PRR20C,6
13711,9606.ENSP00000438788,CUL7,3
13712,9606.ENSP00000438804,HNF1A,2
13713,9606.ENSP00000438863,PACC1,4
13714,9606.ENSP00000438875,NOVA1,10
13715,9606.ENSP00000438886,CDK5RAP3,4
13716,9606.ENSP00000438949,CACNB4,2
13717,9606.ENSP00000438993,ZCCHC8,1
13718,9606.ENSP00000439020,TUBA1A,3
13719,9606.ENSP00000439056,HAUS5,9
13720,9606.ENSP00000439065,COA8-2,2
13721,9606.ENSP00000439068,CRADD,2
13722,9606.ENSP00000439120,NFE2,7
13723,9606.ENSP00000439128,BANF2,7
13724,9606.ENSP00000439170,TBCE,3
13725,9606.ENSP00000439228,MTRNR2L1,2
13726,9606.ENSP00000439244,CIZ1,4
13727,9606.ENSP00000439427,ZNF133,4
13728,9606.ENSP00000439444,PPIAL4D,1
13729,9606.ENSP00000439467,PDCD2,2
13730,9606.ENSP00000439479,DMXL1,3
13731,9606.ENSP00000439585,ATXN7-2,5
13732,9606.ENSP00000439601,ARHGAP45,1
13733,9606.ENSP00000439625,PLEKHG5,2
13734,9606.ENSP00000439666,MTRNR2L8,6
13735,9606.ENSP00000439689,TRERF1,9
13736,9606.ENSP00000439768,TMEM50B,13
13737,9606.ENSP00000439800,ZMYND8,6
13738,9606.ENSP00000439856,CHERP,2
13739,9606.ENSP00000439937,HOMER3,11
13740,9606.ENSP00000439985,MTRNR2L7,4
13741,9606.ENSP00000440005,ARF1,1
13742,9606.ENSP00000440038,TCEANC,4
13743,9606.ENSP00000440045,ATP2A2,1
13744,9606.ENSP00000440066,JCHAIN,2
13745,9606.ENSP00000440077,CPNE6,7
13746,9606.ENSP00000440100,MED24,1
13747,9606.ENSP00000440125,FAM120B,1
13748,9606.ENSP00000440163,FAM9A,5
13749,9606.ENSP00000440185,PDYN,1
13750,9606.ENSP00000440190,TDRD3,5
13751,9606.ENSP00000440222,FMC1-LUC7L2,2
13752,9606.ENSP00000440246,ME3,3
13753,9606.ENSP00000440273,SH2B2,4
13754,9606.ENSP00000440288,ABCB9,4
13755,9606.ENSP00000440329,SLC29A2,2
13756,9606.ENSP00000440374,MCF2L,8
13757,9606.ENSP00000440396,ANKRD49,4
13758,9606.ENSP00000440402,DDX11,1
13759,9606.ENSP00000440428,CLEC4C,6
13760,9606.ENSP00000440440,ATF7IP,6
13761,9606.ENSP00000440485,PSMD9,2
13762,9606.ENSP00000440502,DPP3,3
13763,9606.ENSP00000440542,CHD4,4
13764,9606.ENSP00000440556,GRM4,8
13765,9606.ENSP00000440689,CYP2E1,3
13766,9606.ENSP00000440704,SYTL1,1
13767,9606.ENSP00000440826,EVI5,3
13768,9606.ENSP00000440847,ZNF185,2
13769,9606.ENSP00000440850,PARPBP,1
13770,9606.ENSP00000440864,NR4A1,5
13771,9606.ENSP00000440896,PLD5,3
13772,9606.ENSP00000440905,LNPK,4
13773,9606.ENSP00000440915,PRORP,1
13774,9606.ENSP00000440945,PACSIN3,2
13775,9606.ENSP00000440984,AP3B2,1
13776,9606.ENSP00000441000,VARS2,4
13777,9606.ENSP00000441039,GPR161,3
13778,9606.ENSP00000441065,SLC16A1,3
13779,9606.ENSP00000441126,NDUFC1,4
13780,9606.ENSP00000441140,NOL8,4
13781,9606.ENSP00000441158,CLTCL1,8
13782,9606.ENSP00000441214,USP36,6
13783,9606.ENSP00000441235,TSHR,2
13784,9606.ENSP00000441273,CDY2B,2
13785,9606.ENSP00000441365,MARVELD1,1
13786,9606.ENSP00000441369,PRKAB1,1
13787,9606.ENSP00000441405,ZNF664,1
13788,9606.ENSP00000441434,NNMT,6
13789,9606.ENSP00000441543,UBC,1
13790,9606.ENSP00000441600,CCR3,2
13791,9606.ENSP00000441624,TAS2R20,1
13792,9606.ENSP00000441641,PRR14,3
13793,9606.ENSP00000441726,CLUL1,11
13794,9606.ENSP00000441755,DYRK4,3
13795,9606.ENSP00000441765,PTHLH,2
13796,9606.ENSP00000441786,CXorf56,1
13797,9606.ENSP00000441802,PCDH7,1
13798,9606.ENSP00000441823,SALL3,4
13799,9606.ENSP00000441828,HPR,4
13800,9606.ENSP00000441831,FNDC3A,6
13801,9606.ENSP00000441838,ZNF567,3
13802,9606.ENSP00000441858,DMXL2,3
13803,9606.ENSP00000441875,PHB2,2
13804,9606.ENSP00000441913,ARHGEF28,1
13805,9606.ENSP00000441927,SESN3,4
13806,9606.ENSP00000441929,MUC12,10
13807,9606.ENSP00000441930,PIH1D3,6
13808,9606.ENSP00000441949,TAS2R14,4
13809,9606.ENSP00000441953,ORC4,1
13810,9606.ENSP00000441954,SMAD5,7
13811,9606.ENSP00000441980,CEPT1,2
13812,9606.ENSP00000442008,KIFC3,5
13813,9606.ENSP00000442046,TMTC1,1
13814,9606.ENSP00000442047,UTY,4
13815,9606.ENSP00000442050,PCYT2,6
13816,9606.ENSP00000442053,RBM19,2
13817,9606.ENSP00000442060,MAFF,8
13818,9606.ENSP00000442068,CDCA3,4
13819,9606.ENSP00000442129,HDGFL1,2
13820,9606.ENSP00000442157,PIANP,7
13821,9606.ENSP00000442159,MTRNR2L10,4
13822,9606.ENSP00000442224,C12orf43,6
13823,9606.ENSP00000442291,IQCC,9
13824,9606.ENSP00000442304,ERFE,2
13825,9606.ENSP00000442308,NKRF,2
13826,9606.ENSP00000442318,CAND1,3
13827,9606.ENSP00000442397,SLC34A3,5
13828,9606.ENSP00000442424,IL22,5
13829,9606.ENSP00000442439,MIXL1,11
13830,9606.ENSP00000442460,PTK6,2
13831,9606.ENSP00000442464,NCEH1,3
13832,9606.ENSP00000442477,ASIC5,7
13833,9606.ENSP00000442521,BEX2,5
13834,9606.ENSP00000442563,POLG2,1
13835,9606.ENSP00000442600,DAG1,5
13836,9606.ENSP00000442626,PRB3,1
13837,9606.ENSP00000442656,ACVR1B,9
13838,9606.ENSP00000442658,PTAFR,3
13839,9606.ENSP00000442682,ADAP1,1
13840,9606.ENSP00000442688,MFSD5,9
13841,9606.ENSP00000442699,HTATSF1,3
13842,9606.ENSP00000442736,PLXNB3,5
13843,9606.ENSP00000442756,FXYD6,1
13844,9606.ENSP00000442770,GPN3,7
13845,9606.ENSP00000442786,LMO3,4
13846,9606.ENSP00000442788,TET2,5
13847,9606.ENSP00000442793,BEAN1,6
13848,9606.ENSP00000442795,MYBPC3,14
13849,9606.ENSP00000442837,RGS13,12
13850,9606.ENSP00000442920,SOD2-2,3
13851,9606.ENSP00000442954,APC2,6
13852,9606.ENSP00000442973,DAPK3,7
13853,9606.ENSP00000442982,GPR17,2
13854,9606.ENSP00000443017,H4-16,2
13855,9606.ENSP00000443021,RASSF3,1
13856,9606.ENSP00000443113,ZCCHC7,2
13857,9606.ENSP00000443130,F5H5T6_HUMAN,1
13858,9606.ENSP00000443168,STH,4
13859,9606.ENSP00000443194,NAT1,1
13860,9606.ENSP00000443204,C2CD5,2
13861,9606.ENSP00000443216,TMEM258,5
13862,9606.ENSP00000443246,F5H5P2_HUMAN,3
13863,9606.ENSP00000443256,LPAR2,1
13864,9606.ENSP00000443291,FAR2,2
13865,9606.ENSP00000443292,FAM222A,11
13866,9606.ENSP00000443432,IDO2,1
13867,9606.ENSP00000443459,BCAT1,1
13868,9606.ENSP00000443475,TUBA1C,3
13869,9606.ENSP00000443631,PLCB3,5
13870,9606.ENSP00000443647,AUNIP,4
13871,9606.ENSP00000443654,TBC1D10C,1
13872,9606.ENSP00000443795,COA4,4
13873,9606.ENSP00000443824,ZNRF3,5
13874,9606.ENSP00000443827,SP7,4
13875,9606.ENSP00000443900,LYRM4,6
13876,9606.ENSP00000443965,ADK,1
13877,9606.ENSP00000443985,CPEB2,5
13878,9606.ENSP00000443988,SUDS3,1
13879,9606.ENSP00000444029,NUP153,5
13880,9606.ENSP00000444054,OR52E8,3
13881,9606.ENSP00000444136,POLR1B,3
13882,9606.ENSP00000444149,SLCO1C1,1
13883,9606.ENSP00000444198,CITED2,2
13884,9606.ENSP00000444201,SYT7,3
13885,9606.ENSP00000444210,RAI2,1
13886,9606.ENSP00000444211,PDGFRL,1
13887,9606.ENSP00000444215,TNFAIP8L1,4
13888,9606.ENSP00000444271,C1R,5
13889,9606.ENSP00000444278,PRRG1,10
13890,9606.ENSP00000444339,ZNF701,2
13891,9606.ENSP00000444357,OTUB1,5
13892,9606.ENSP00000444408,SLC1A5,5
13893,9606.ENSP00000444411,FRMPD1,1
13894,9606.ENSP00000444412,ZNF268,2
13895,9606.ENSP00000444425,ADGRD1,2
13896,9606.ENSP00000444433,SCO2,6
13897,9606.ENSP00000444503,SEBOX,2
13898,9606.ENSP00000444533,KRT86,1
13899,9606.ENSP00000444561,TMEM14C,2
13900,9606.ENSP00000444565,TMUB2,2
13901,9606.ENSP00000444586,LOXHD1,6
13902,9606.ENSP00000444596,MYCBP2,1
13903,9606.ENSP00000444660,YTHDF2,3
13904,9606.ENSP00000444688,ATP1A3,3
13905,9606.ENSP00000444736,TAS2R30,7
13906,9606.ENSP00000444743,SSH2,1
13907,9606.ENSP00000444788,TDO2,3
13908,9606.ENSP00000444810,FKBP5,4
13909,9606.ENSP00000444812,ZNF324,1
13910,9606.ENSP00000444839,FXYD5,1
13911,9606.ENSP00000444896,NUTM1,2
13912,9606.ENSP00000444935,PAFAH1B3,6
13913,9606.ENSP00000445001,INTS11,4
13914,9606.ENSP00000445002,APOA5,6
13915,9606.ENSP00000445122,HSD3B2,4
13916,9606.ENSP00000445135,NLRP2,4
13917,9606.ENSP00000445162,GTF2H3,4
13918,9606.ENSP00000445175,LDHA,3
13919,9606.ENSP00000445247,PRR19,1
13920,9606.ENSP00000445306,ATP1A1,2
13921,9606.ENSP00000445340,SLC5A8,1
13922,9606.ENSP00000445366,DND1,2
13923,9606.ENSP00000445381,PIK3C2G,6
13924,9606.ENSP00000445383,OR10G2,5
13925,9606.ENSP00000445408,RABEP1,6
13926,9606.ENSP00000445418,FAM90A1,3
13927,9606.ENSP00000445440,PHKG1,1
13928,9606.ENSP00000445492,ST8SIA5,1
13929,9606.ENSP00000445508,CNOT4,5
13930,9606.ENSP00000445595,KCNS1,2
13931,9606.ENSP00000445622,ASB8,2
13932,9606.ENSP00000445626,EGR4,3
13933,9606.ENSP00000445633,H2BC8,4
13934,9606.ENSP00000445675,PRAME,17
13935,9606.ENSP00000445725,RNF170,12
13936,9606.ENSP00000445757,NELFA,8
13937,9606.ENSP00000445768,DENND11,5
13938,9606.ENSP00000445772,LTB4R2,3
13939,9606.ENSP00000445806,TIMM50,3
13940,9606.ENSP00000445829,SLC39A11,8
13941,9606.ENSP00000445831,H2BC18,2
13942,9606.ENSP00000445868,BCL7A,1
13943,9606.ENSP00000445905,EVI5L,2
13944,9606.ENSP00000445920,MMAB,1
13945,9606.ENSP00000445929,SLC2A14,3
13946,9606.ENSP00000446007,VIM,4
13947,9606.ENSP00000446039,COPS7A,3
13948,9606.ENSP00000446054,BEX5,2
13949,9606.ENSP00000446058,SHD,4
13950,9606.ENSP00000446093,TUBGCP2,1
13951,9606.ENSP00000446100,CMIP,2
13952,9606.ENSP00000446184,RRP12,1
13953,9606.ENSP00000446215,RAN,13
13954,9606.ENSP00000446242,SLC25A10,1
13955,9606.ENSP00000446252,SOD2,1
13956,9606.ENSP00000446271,LSM14A,15
13957,9606.ENSP00000446280,PCSK5,8
13958,9606.ENSP00000446335,ZNF362,3
13959,9606.ENSP00000446479,FICD,1
13960,9606.ENSP00000446485,GTSF1,1
13961,9606.ENSP00000446576,ATXN2,6
13962,9606.ENSP00000446680,HOXC11,5
13963,9606.ENSP00000446828,BPNT1,8
13964,9606.ENSP00000446872,GATC,5
13965,9606.ENSP00000446880,BAZ2A,7
13966,9606.ENSP00000446916,PRSS58,3
13967,9606.ENSP00000446917,APPL2,1
13968,9606.ENSP00000446955,MYL6,4
13969,9606.ENSP00000447001,RPL18,6
13970,9606.ENSP00000447006,CNTN1,6
13971,9606.ENSP00000447053,RAB5C,6
13972,9606.ENSP00000447057,C12orf45,1
13973,9606.ENSP00000447091,SLC8B1,1
13974,9606.ENSP00000447121,CHURC1-FNTB,3
13975,9606.ENSP00000447149,NR1H4,4
13976,9606.ENSP00000447211,OTOGL,1
13977,9606.ENSP00000447241,FRS2,2
13978,9606.ENSP00000447297,TGFBR1,1
13979,9606.ENSP00000447300,RAB3IP,5
13980,9606.ENSP00000447378,MGAM,1
13981,9606.ENSP00000447488,LIN7A,1
13982,9606.ENSP00000447537,BLOC1S1,3
13983,9606.ENSP00000447651,MTERF2,2
13984,9606.ENSP00000447730,CD63,3
13985,9606.ENSP00000447731,TMEM116,4
13986,9606.ENSP00000447879,ZBED6,11
13987,9606.ENSP00000447942,PFDN5,6
13988,9606.ENSP00000448012,CEP290,1
13989,9606.ENSP00000448035,NACA,4
13990,9606.ENSP00000448047,WSCD2,1
13991,9606.ENSP00000448051,DAZAP2,3
13992,9606.ENSP00000448054,NUP37,2
13993,9606.ENSP00000448059,PAH,2
13994,9606.ENSP00000448071,SLC16A7,1
13995,9606.ENSP00000448073,PRPF40B,1
13996,9606.ENSP00000448083,TPCN1,4
13997,9606.ENSP00000448165,APAF1,9
13998,9606.ENSP00000448182,TBC1D15,5
13999,9606.ENSP00000448219,TAS2R38,9
14000,9606.ENSP00000448220,KRT4,1
14001,9606.ENSP00000448248,GLIPR1L2,3
14002,9606.ENSP00000448310,BEST2,2
14003,9606.ENSP00000448387,BRF1,4
14004,9606.ENSP00000448419,IKZF4,4
14005,9606.ENSP00000448580,SPIC,3
14006,9606.ENSP00000448598,C17orf49,4
14007,9606.ENSP00000448665,DDIT3,4
14008,9606.ENSP00000448680,RITA1,6
14009,9606.ENSP00000448696,DTX3,3
14010,9606.ENSP00000448998,CYP4F12,1
14011,9606.ENSP00000449002,OR11H12,1
14012,9606.ENSP00000449026,RPL41,1
14013,9606.ENSP00000449038,MAP3K12,2
14014,9606.ENSP00000449079,RDH12,2
14015,9606.ENSP00000449089,DNM1L,1
14016,9606.ENSP00000449241,AGAP2,2
14017,9606.ENSP00000449253,KCNC2,5
14018,9606.ENSP00000449270,COPZ1,3
14019,9606.ENSP00000449328,RPLP0,2
14020,9606.ENSP00000449381,MAPKAPK5,8
14021,9606.ENSP00000449386,SART3,1
14022,9606.ENSP00000449396,SMARCC2,1
14023,9606.ENSP00000449404,KRT8,6
14024,9606.ENSP00000449428,TWF1,5
14025,9606.ENSP00000449500,RNASEK,4
14026,9606.ENSP00000449535,ACSS3,8
14027,9606.ENSP00000449544,H0YIJ7_HUMAN,13
14028,9606.ENSP00000449716,CMKLR1,10
14029,9606.ENSP00000449751,FKBP11,2
14030,9606.ENSP00000449756,SLC38A1,6
14031,9606.ENSP00000449795,TRIAP1,1
14032,9606.ENSP00000449884,MRPL42,5
14033,9606.ENSP00000449960,CALCOCO1,3
14034,9606.ENSP00000449999,CLEC5A,1
14035,9606.ENSP00000450040,ASPG,3
14036,9606.ENSP00000450244,RASAL1,2
14037,9606.ENSP00000450281,H0YIV9_HUMAN,15
14038,9606.ENSP00000450310,GPR84,15
14039,9606.ENSP00000450337,PPFIA2,15
14040,9606.ENSP00000450353,F8VP50_HUMAN,16
14041,9606.ENSP00000450385,MYL6B,16
14042,9606.ENSP00000450436,ALDH6A1,6
14043,9606.ENSP00000450456,RAX2,4
14044,9606.ENSP00000450480,ATP10A,8
14045,9606.ENSP00000450482,BDKRB2,3
14046,9606.ENSP00000450524,MAP1LC3B2,4
14047,9606.ENSP00000450527,HOPX,4
14048,9606.ENSP00000450540,SERPINA3,1
14049,9606.ENSP00000450565,IL11RA,7
14050,9606.ENSP00000450584,ETFRF1,5
14051,9606.ENSP00000450607,TIMELESS,6
14052,9606.ENSP00000450731,VTI1B,1
14053,9606.ENSP00000450742,ZFYVE1,4
14054,9606.ENSP00000450749,JKAMP,4
14055,9606.ENSP00000450799,KHNYN,10
14056,9606.ENSP00000450832,SIPA1L1,1
14057,9606.ENSP00000450842,TMEM30B,1
14058,9606.ENSP00000450856,G3V2T6_HUMAN,3
14059,9606.ENSP00000450857,STON2,2
14060,9606.ENSP00000450864,PPP4R3A,4
14061,9606.ENSP00000450873,ACYP1,1
14062,9606.ENSP00000450895,FPGT-TNNI3K,8
14063,9606.ENSP00000450909,SLIRP,2
14064,9606.ENSP00000450962,EMX2,1
14065,9606.ENSP00000450969,ZBTB33,1
14066,9606.ENSP00000451030,RGS6,2
14067,9606.ENSP00000451040,PGF,3
14068,9606.ENSP00000451080,ERH,6
14069,9606.ENSP00000451129,SNW1,2
14070,9606.ENSP00000451162,CEP128,2
14071,9606.ENSP00000451172,SERPINA4,6
14072,9606.ENSP00000451188,GSKIP,1
14073,9606.ENSP00000451206,NPC2,4
14074,9606.ENSP00000451211,NEDD1,5
14075,9606.ENSP00000451223,PROX2,3
14076,9606.ENSP00000451261,UBE2J1,1
14077,9606.ENSP00000451291,HNRNPC,1
14078,9606.ENSP00000451300,NUMB,8
14079,9606.ENSP00000451406,HSD17B6,8
14080,9606.ENSP00000451419,DIO2,1
14081,9606.ENSP00000451506,TCL1A,2
14082,9606.ENSP00000451575,ASB2,8
14083,9606.ENSP00000451583,DMAC2L,1
14084,9606.ENSP00000451594,MOAP1,15
14085,9606.ENSP00000451605,MC1R,14
14086,9606.ENSP00000451712,NDRG2,12
14087,9606.ENSP00000451792,G3V4G9_HUMAN,1
14088,9606.ENSP00000451812,LIN52,5
14089,9606.ENSP00000451818,SRP54,1
14090,9606.ENSP00000451828,AKT1,1
14091,9606.ENSP00000451962,PRAF2,2
14092,9606.ENSP00000451974,XRCC3,1
14093,9606.ENSP00000451976,GSTZ1,8
14094,9606.ENSP00000452007,ISCA2,1
14095,9606.ENSP00000452037,DNAL1,5
14096,9606.ENSP00000452120,ITGA7,1
14097,9606.ENSP00000452123,SRSF5,2
14098,9606.ENSP00000452126,RGMA,8
14099,9606.ENSP00000452181,VIPAS39,1
14100,9606.ENSP00000452245,RNASE4,3
14101,9606.ENSP00000452280,PTGR2,2
14102,9606.ENSP00000452398,DUXA,2
14103,9606.ENSP00000452414,PTPN21,6
14104,9606.ENSP00000452454,GTF2A1,2
14105,9606.ENSP00000452479,BCL2L2-PABPN1,5
14106,9606.ENSP00000452521,NAA30,2
14107,9606.ENSP00000452522,SOCS4,8
14108,9606.ENSP00000452535,SAMD4A,3
14109,9606.ENSP00000452549,E7ENQ6_HUMAN,1
14110,9606.ENSP00000452552,ZFP37,2
14111,9606.ENSP00000452634,TNFAIP2,5
14112,9606.ENSP00000452662,IGKV2D-28,2
14113,9606.ENSP00000452697,SEC11A,1
14114,9606.ENSP00000452746,PSTPIP1,2
14115,9606.ENSP00000452747,IGKV2D-40,2
14116,9606.ENSP00000452762,ETFA,2
14117,9606.ENSP00000452763,RPL28,3
14118,9606.ENSP00000452773,CCDC32,6
14119,9606.ENSP00000452786,ITGB3,3
14120,9606.ENSP00000452793,GDPGP1,1
14121,9606.ENSP00000452796,PEAK1,1
14122,9606.ENSP00000452871,TLE3,2
14123,9606.ENSP00000452877,ZNF592,2
14124,9606.ENSP00000452885,MINDY2,1
14125,9606.ENSP00000452948,MAN2A2,1
14126,9606.ENSP00000453015,RNF111,6
14127,9606.ENSP00000453019,TMEM250,2
14128,9606.ENSP00000453095,MEF2A,1
14129,9606.ENSP00000453129,GALK2,14
14130,9606.ENSP00000453153,BLID,4
14131,9606.ENSP00000453170,RGPD1,5
14132,9606.ENSP00000453177,TRIM69,4
14133,9606.ENSP00000453273,LRRC49,3
14134,9606.ENSP00000453293,APBA2,2
14135,9606.ENSP00000453302,ADAM8,4
14136,9606.ENSP00000453307,MEIS3,4
14137,9606.ENSP00000453502,ST20,2
14138,9606.ENSP00000453508,TLN2,5
14139,9606.ENSP00000453562,BCL2L10,3
14140,9606.ENSP00000453704,TGIF2LX,1
14141,9606.ENSP00000453750,TGIF2LY,1
14142,9606.ENSP00000453793,MEIS2,1
14143,9606.ENSP00000453801,WDR61,5
14144,9606.ENSP00000453858,PAK6,5
14145,9606.ENSP00000454014,SHISA9,8
14146,9606.ENSP00000454038,GMPR2,11
14147,9606.ENSP00000454062,NRL,9
14148,9606.ENSP00000454071,LDLR,8
14149,9606.ENSP00000454229,CLN3,4
14150,9606.ENSP00000454264,NUB1,7
14151,9606.ENSP00000454303,AP5B1,4
14152,9606.ENSP00000454341,ARPP19,2
14153,9606.ENSP00000454370,SMKR1,6
14154,9606.ENSP00000454404,TMEM170A,5
14155,9606.ENSP00000454437,H3BML4_HUMAN,7
14156,9606.ENSP00000454468,TMEM249,4
14157,9606.ENSP00000454500,H3BMQ9_HUMAN,1
14158,9606.ENSP00000454545,RBM15B,9
14159,9606.ENSP00000454562,DNASE1L2,3
14160,9606.ENSP00000454623,ITGAX,9
14161,9606.ENSP00000454746,H3BN98_HUMAN,3
14162,9606.ENSP00000454786,H3BNC9_HUMAN,19
14163,9606.ENSP00000454804,ASIP,1
14164,9606.ENSP00000454836,TBL3,27
14165,9606.ENSP00000454852,SNUPN,23
14166,9606.ENSP00000454926,MOSMO,18
14167,9606.ENSP00000454945,TMEM204,12
14168,9606.ENSP00000454973,SCAPER,17
14169,9606.ENSP00000455026,RPUSD1,1
14170,9606.ENSP00000455041,TMC7,2
14171,9606.ENSP00000455064,SLC7A6,2
14172,9606.ENSP00000455068,METRN,1
14173,9606.ENSP00000455106,BOP1,11
14174,9606.ENSP00000455114,HEXA,16
14175,9606.ENSP00000455145,ENSP00000455145,3
14176,9606.ENSP00000455169,NETO2,2
14177,9606.ENSP00000455215,ADGRG1,2
14178,9606.ENSP00000455229,DUS2,2
14179,9606.ENSP00000455265,TAF1C,3
14180,9606.ENSP00000455298,GOLGA8S,3
14181,9606.ENSP00000455308,ZNF598,4
14182,9606.ENSP00000455426,ZNF423,8
14183,9606.ENSP00000455442,NUPR2,3
14184,9606.ENSP00000455469,GJE1,2
14185,9606.ENSP00000455507,OBSCN,2
14186,9606.ENSP00000455561,AMDHD2-2,2
14187,9606.ENSP00000455566,DOK4,7
14188,9606.ENSP00000455607,PHKG2,4
14189,9606.ENSP00000455643,ST20-MTHFS,6
14190,9606.ENSP00000455711,SCRT1,1
14191,9606.ENSP00000455716,OST4,2
14192,9606.ENSP00000455785,KCTD13,5
14193,9606.ENSP00000455791,DYNLRB2,6
14194,9606.ENSP00000455813,DDX19B,4
14195,9606.ENSP00000455897,MRC1,3
14196,9606.ENSP00000455906,MUC22,1
14197,9606.ENSP00000456019,SQOR,3
14198,9606.ENSP00000456206,TUBB8,2
14199,9606.ENSP00000456218,EARS2,3
14200,9606.ENSP00000456226,PRRT2,3
14201,9606.ENSP00000456242,ADAL,3
14202,9606.ENSP00000456337,C15orf65,1
14203,9606.ENSP00000456340,DET1,2
14204,9606.ENSP00000456348,PARP6,4
14205,9606.ENSP00000456436,CNN2,3
14206,9606.ENSP00000456477,C15orf41,5
14207,9606.ENSP00000456500,ZNF469,1
14208,9606.ENSP00000456609,STRA6,2
14209,9606.ENSP00000456743,KLHL36,1
14210,9606.ENSP00000456851,BLOC1S6,1
14211,9606.ENSP00000456908,CTU2,2
14212,9606.ENSP00000456953,POTEB2,1
14213,9606.ENSP00000456974,NPW,1
14214,9606.ENSP00000457016,INO80E,2
14215,9606.ENSP00000457044,ZFP1,2
14216,9606.ENSP00000457111,IRS4-2,4
14217,9606.ENSP00000457168,SZT2,8
14218,9606.ENSP00000457205,INSYN1,5
14219,9606.ENSP00000457206,SPSB3,4
14220,9606.ENSP00000457230,WWOX,5
14221,9606.ENSP00000457241,TSNAXIP1,8
14222,9606.ENSP00000457243,NOL3,2
14223,9606.ENSP00000457258,OGFOD1,3
14224,9606.ENSP00000457274,ZNF747,4
14225,9606.ENSP00000457353,EME2,3
14226,9606.ENSP00000457380,CEMP1,4
14227,9606.ENSP00000457408,KIAA0513,3
14228,9606.ENSP00000457411,USP10,2
14229,9606.ENSP00000457421,PECAM1,5
14230,9606.ENSP00000457492,TMEM219,3
14231,9606.ENSP00000457513,COX4I1,1
14232,9606.ENSP00000457539,APOBR,6
14233,9606.ENSP00000457703,UBL7,2
14234,9606.ENSP00000457715,ZNF865,5
14235,9606.ENSP00000457718,H3BUN2_HUMAN,10
14236,9606.ENSP00000457723,RNPS1,1
14237,9606.ENSP00000457728,TRAPPC2L,3
14238,9606.ENSP00000457733,SLC25A24,4
14239,9606.ENSP00000457748,RGSL1,2
14240,9606.ENSP00000457788,MAN2C1,3
14241,9606.ENSP00000457807,KCNJ18,5
14242,9606.ENSP00000457810,CENPT,5
14243,9606.ENSP00000457870,MLST8,1
14244,9606.ENSP00000457991,PHLPP2,1
14245,9606.ENSP00000458018,HSPB9,1
14246,9606.ENSP00000458021,PMF1-BGLAP,1
14247,9606.ENSP00000458065,DUX4,1
14248,9606.ENSP00000458075,BOLA2-SMG1P6,1
14249,9606.ENSP00000458162,ACTG1,3
14250,9606.ENSP00000458290,METTL4,4
14251,9606.ENSP00000458316,INCA1,6
14252,9606.ENSP00000458355,DNAH2,5
14253,9606.ENSP00000458537,CTRL,1
14254,9606.ENSP00000458585,MMP12,6
14255,9606.ENSP00000458663,CIC,1
14256,9606.ENSP00000458762,NMRAL1,21
14257,9606.ENSP00000458770,NDUFAB1,6
14258,9606.ENSP00000458791,GPR139,1
14259,9606.ENSP00000458879,ZSCAN10,5
14260,9606.ENSP00000458954,NUP88,2
14261,9606.ENSP00000458977,DPEP2,1
14262,9606.ENSP00000458986,CLUH,3
14263,9606.ENSP00000459028,OR1D5,1
14264,9606.ENSP00000459439,GFY,6
14265,9606.ENSP00000459451,ACSM2A,4
14266,9606.ENSP00000459533,LITAF,4
14267,9606.ENSP00000459551,LRRC37A2,6
14268,9606.ENSP00000459580,SPATA22,4
14269,9606.ENSP00000459615,SRGAP2,3
14270,9606.ENSP00000459626,MRTFB,1
14271,9606.ENSP00000459943,ANKFY1,1
14272,9606.ENSP00000459962,TRPV1,3
14273,9606.ENSP00000460070,GTF2I,1
14274,9606.ENSP00000460236,SPON1,1
14275,9606.ENSP00000460348,PRPF8,3
14276,9606.ENSP00000460380,USP6,3
14277,9606.ENSP00000460437,PCTP,1
14278,9606.ENSP00000460475,NLRP1,1
14279,9606.ENSP00000460539,ARL17B,3
14280,9606.ENSP00000460547,ZFP90,8
14281,9606.ENSP00000460683,CTDNEP1,1
14282,9606.ENSP00000460823,TOM1L1,6
14283,9606.ENSP00000460825,WSCD1,5
14284,9606.ENSP00000460871,RSL1D1,1
14285,9606.ENSP00000460885,CORO7-PAM16,1
14286,9606.ENSP00000460964,ATPAF1,2
14287,9606.ENSP00000460971,ZP2,1
14288,9606.ENSP00000461269,SCIMP,2
14289,9606.ENSP00000461324,SLC25A10-2,2
14290,9606.ENSP00000461382,SLC43A2,10
14291,9606.ENSP00000461388,OVCA2,3
14292,9606.ENSP00000461433,MCRIP1,6
14293,9606.ENSP00000461784,GOSR2,3
14294,9606.ENSP00000461785,RAB40B,5
14295,9606.ENSP00000461830,FOPNL,1
14296,9606.ENSP00000461865,ENSP00000461865,2
14297,9606.ENSP00000461879,POLR2A,5
14298,9606.ENSP00000461930,MRPS21,4
14299,9606.ENSP00000461945,RAB31,20
14300,9606.ENSP00000461947,CD226,1
14301,9606.ENSP00000462046,PIRT,4
14302,9606.ENSP00000462099,RASSF5,5
14303,9606.ENSP00000462116,SAP30BP,12
14304,9606.ENSP00000462154,BAHCC1,1
14305,9606.ENSP00000462309,CD300LF,2
14306,9606.ENSP00000462333,ENGASE,1
14307,9606.ENSP00000462349,STARD6,2
14308,9606.ENSP00000462355,H4C15,7
14309,9606.ENSP00000462468,YES1,1
14310,9606.ENSP00000462521,TXNIP,3
14311,9606.ENSP00000462647,ADCYAP1,4
14312,9606.ENSP00000462664,POLI,3
14313,9606.ENSP00000462667,H4C14,4
14314,9606.ENSP00000462701,CDH8,1
14315,9606.ENSP00000462729,OTUD7B,2
14316,9606.ENSP00000462745,DCAF8L2,1
14317,9606.ENSP00000462835,NAT9,1
14318,9606.ENSP00000462945,MSL1,2
14319,9606.ENSP00000462963,TEFM,3
14320,9606.ENSP00000462980,TAF4B,1
14321,9606.ENSP00000462998,MIEN1,1
14322,9606.ENSP00000463013,OAZ2,4
14323,9606.ENSP00000463027,NCOA4,2
14324,9606.ENSP00000463051,GDF2,8
14325,9606.ENSP00000463057,PPIAL4C,6
14326,9606.ENSP00000463058,RBM8A,4
14327,9606.ENSP00000463069,RNF43,3
14328,9606.ENSP00000463080,MARCHF10,2
14329,9606.ENSP00000463092,MSMB,6
14330,9606.ENSP00000463151,RBP3,4
14331,9606.ENSP00000463154,ANP32E,1
14332,9606.ENSP00000463201,SNURF,17
14333,9606.ENSP00000463233,PABPC4L,8
14334,9606.ENSP00000463245,TMEM98,1
14335,9606.ENSP00000463325,PTPRM,9
14336,9606.ENSP00000463334,MIF4GD,5
14337,9606.ENSP00000463361,SMIM6,9
14338,9606.ENSP00000463379,RPL17-C18orf32,5
14339,9606.ENSP00000463393,SEC22B,2
14340,9606.ENSP00000463419,PPIAL4E,1
14341,9606.ENSP00000463533,KCNH6,2
14342,9606.ENSP00000463559,MYL12B,1
14343,9606.ENSP00000463574,ACP6,1
14344,9606.ENSP00000463650,RNF115,3
14345,9606.ENSP00000463653,RBFOX3,11
14346,9606.ENSP00000463752,GJD3,1
14347,9606.ENSP00000463762,TERB1,3
14348,9606.ENSP00000463778,KCNJ12,10
14349,9606.ENSP00000463784,RPL26,1
14350,9606.ENSP00000463842,RPL17,4
14351,9606.ENSP00000463939,ARHGDIA,3
14352,9606.ENSP00000463978,SLC16A3,2
14353,9606.ENSP00000463982,YTHDC1,10
14354,9606.ENSP00000464006,PITPNC1,6
14355,9606.ENSP00000464030,IKBKE,18
14356,9606.ENSP00000464036,CDK11B,6
14357,9606.ENSP00000464050,DDX42,9
14358,9606.ENSP00000464087,RNF213,5
14359,9606.ENSP00000464121,ADAP2,1
14360,9606.ENSP00000464145,GDF10,5
14361,9606.ENSP00000464167,J3QRE1_HUMAN,1
14362,9606.ENSP00000464215,CYB561,2
14363,9606.ENSP00000464275,C17orf75,2
14364,9606.ENSP00000464317,MYH3,3
14365,9606.ENSP00000464342,RPL36,1
14366,9606.ENSP00000464357,CENPX,2
14367,9606.ENSP00000464359,MYL12A,2
14368,9606.ENSP00000464383,L7N2F9_HUMAN,1
14369,9606.ENSP00000464391,TSHZ1,10
14370,9606.ENSP00000464443,IFT20,4
14371,9606.ENSP00000464512,HELZ,1
14372,9606.ENSP00000464522,TIMM23,10
14373,9606.ENSP00000464535,LRRC37A3,4
14374,9606.ENSP00000464619,PPIAL4H,1
14375,9606.ENSP00000464780,TPGS2,7
14376,9606.ENSP00000464813,RPL27,4
14377,9606.ENSP00000464814,COASY,2
14378,9606.ENSP00000464849,CAPNS1,4
14379,9606.ENSP00000464893,UNK,1
14380,9606.ENSP00000464932,MFSD11,1
14381,9606.ENSP00000464955,PLEKHJ1,4
14382,9606.ENSP00000465039,MAP4K1,5
14383,9606.ENSP00000465075,SPC24,2
14384,9606.ENSP00000465099,CD3EAP,1
14385,9606.ENSP00000465204,CNTD1,1
14386,9606.ENSP00000465213,POP4,1
14387,9606.ENSP00000465261,TMC6,2
14388,9606.ENSP00000465295,KCNJ16,4
14389,9606.ENSP00000465356,APOC1,4
14390,9606.ENSP00000465419,TJP3,1
14391,9606.ENSP00000465500,TNFRSF11A,3
14392,9606.ENSP00000465517,C18orf21,3
14393,9606.ENSP00000465589,ACSBG2,4
14394,9606.ENSP00000465617,IER2,1
14395,9606.ENSP00000465630,EVPL,6
14396,9606.ENSP00000465676,PIAS2,5
14397,9606.ENSP00000465685,AP1M2,6
14398,9606.ENSP00000465734,SLC16A2,10
14399,9606.ENSP00000465757,CCDC106,4
14400,9606.ENSP00000465759,POLRMT,1
14401,9606.ENSP00000465765,ELOF1,2
14402,9606.ENSP00000465776,CCDC130,1
14403,9606.ENSP00000465894,MPPE1,1
14404,9606.ENSP00000465992,KIF18B,2
14405,9606.ENSP00000466009,PPY,3
14406,9606.ENSP00000466010,RPS15,1
14407,9606.ENSP00000466022,CEBPG,2
14408,9606.ENSP00000466025,CIRBP,2
14409,9606.ENSP00000466090,ELANE,1
14410,9606.ENSP00000466111,RNMT,1
14411,9606.ENSP00000466121,FAAP24,4
14412,9606.ENSP00000466134,PRKCSH,3
14413,9606.ENSP00000466140,ENSP00000466140,2
14414,9606.ENSP00000466214,PDCD5,1
14415,9606.ENSP00000466259,ACLY,1
14416,9606.ENSP00000466285,NLRP11,3
14417,9606.ENSP00000466298,STX10,7
14418,9606.ENSP00000466363,PIP5K1C,2
14419,9606.ENSP00000466379,GET3,4
14420,9606.ENSP00000466399,RAD51D,6
14421,9606.ENSP00000466477,TSSK6,6
14422,9606.ENSP00000466500,ZNF396,3
14423,9606.ENSP00000466542,TLE2,3
14424,9606.ENSP00000466561,CEACAM16,5
14425,9606.ENSP00000466639,K7EMT4_HUMAN,4
14426,9606.ENSP00000466664,SLC44A2,3
14427,9606.ENSP00000466680,RND2,1
14428,9606.ENSP00000466690,CCDC68,3
14429,9606.ENSP00000466718,LSM12,8
14430,9606.ENSP00000466775,APOC2,5
14431,9606.ENSP00000466818,COX6B1,4
14432,9606.ENSP00000466834,RAD51D-2,7
14433,9606.ENSP00000466845,GCDH,3
14434,9606.ENSP00000466880,FUT5,20
14435,9606.ENSP00000466937,FHOD3,22
14436,9606.ENSP00000466953,WTIP,23
14437,9606.ENSP00000466967,TRMT1,24
14438,9606.ENSP00000467024,RAD23A,23
14439,9606.ENSP00000467041,INO80C-2,20
14440,9606.ENSP00000467107,RINL,23
14441,9606.ENSP00000467123,NLRP7,21
14442,9606.ENSP00000467141,TTN,18
14443,9606.ENSP00000467176,TNNT1,25
14444,9606.ENSP00000467201,GJC1,15
14445,9606.ENSP00000467262,UQCR11,24
14446,9606.ENSP00000467266,COX6B2,2
14447,9606.ENSP00000467271,ABCA8,1
14448,9606.ENSP00000467290,SEMA6B,1
14449,9606.ENSP00000467423,SAFB,2
14450,9606.ENSP00000467494,GIPR,1
14451,9606.ENSP00000467537,PTPRS,5
14452,9606.ENSP00000467579,WBP2,1
14453,9606.ENSP00000467600,SYNGR2,1
14454,9606.ENSP00000467661,PRCD,4
14455,9606.ENSP00000467843,BOD1L2,4
14456,9606.ENSP00000468002,KANK2,10
14457,9606.ENSP00000468007,LUZP6,5
14458,9606.ENSP00000468032,SARM1,4
14459,9606.ENSP00000468086,MC5R,16
14460,9606.ENSP00000468236,APOC4,3
14461,9606.ENSP00000468253,CFD,1
14462,9606.ENSP00000468280,K7ERJ3_HUMAN,3
14463,9606.ENSP00000468304,MBTD1,2
14464,9606.ENSP00000468308,FAM20A,5
14465,9606.ENSP00000468312,EML2,2
14466,9606.ENSP00000468348,MAP2K6,3
14467,9606.ENSP00000468354,ANKRD29,1
14468,9606.ENSP00000468376,PLK5,2
14469,9606.ENSP00000468411,PSENEN,1
14470,9606.ENSP00000468424,NMT1,2
14471,9606.ENSP00000468425,TK1,1
14472,9606.ENSP00000468592,BCAS3,1
14473,9606.ENSP00000468633,SEC11C,1
14474,9606.ENSP00000468723,MICOS13,1
14475,9606.ENSP00000468785,MBD1,3
14476,9606.ENSP00000468837,M0QX08_HUMAN,4
14477,9606.ENSP00000468897,FPR2,5
14478,9606.ENSP00000468927,STAP2,1
14479,9606.ENSP00000468956,JOSD2,2
14480,9606.ENSP00000468969,WDR83OS,3
14481,9606.ENSP00000468991,MTRNR2L12,1
14482,9606.ENSP00000469011,SSX4,1
14483,9606.ENSP00000469035,COPE,2
14484,9606.ENSP00000469049,TNFSF14,2
14485,9606.ENSP00000469142,NPAS1,9
14486,9606.ENSP00000469158,SPHK2,2
14487,9606.ENSP00000469194,EMP3,3
14488,9606.ENSP00000469240,CHMP2A,2
14489,9606.ENSP00000469242,SPTBN4,3
14490,9606.ENSP00000469315,KLK15,1
14491,9606.ENSP00000469332,GABRQ,1
14492,9606.ENSP00000469394,SSX4B,1
14493,9606.ENSP00000469413,PAK4,1
14494,9606.ENSP00000469441,CTAG1A,1
14495,9606.ENSP00000469455,NTF4,2
14496,9606.ENSP00000469468,LSM4,1
14497,9606.ENSP00000469534,WIZ,1
14498,9606.ENSP00000469613,FLT3LG,1
14499,9606.ENSP00000469686,EGLN2,2
14500,9606.ENSP00000469696,PDE4C,5
14501,9606.ENSP00000469759,LRIT3,5
14502,9606.ENSP00000469836,MPV17L2,3
14503,9606.ENSP00000469863,DYRK1B,1
14504,9606.ENSP00000469880,VRK3,7
14505,9606.ENSP00000469888,TRAPPC2B,3
14506,9606.ENSP00000469981,TAZ,1
14507,9606.ENSP00000469998,ZNF114,1
14508,9606.ENSP00000470059,M0QYT0_HUMAN,1
14509,9606.ENSP00000470086,M0QYU9_HUMAN,2
14510,9606.ENSP00000470123,ZSCAN18,1
14511,9606.ENSP00000470129,MIA,1
14512,9606.ENSP00000470142,UPF1,3
14513,9606.ENSP00000470152,DTNA,5
14514,9606.ENSP00000470176,AP2S1,2
14515,9606.ENSP00000470246,RAB4B,9
14516,9606.ENSP00000470248,PRICKLE3,6
14517,9606.ENSP00000470252,SUPT5H,1
14518,9606.ENSP00000470259,SIGLEC5-2,1
14519,9606.ENSP00000470262,TRAPPC5,5
14520,9606.ENSP00000470381,ZNF468,4
14521,9606.ENSP00000470538,KLK7,1
14522,9606.ENSP00000470539,PET100,1
14523,9606.ENSP00000470555,KLK13,7
14524,9606.ENSP00000470560,EMG1,5
14525,9606.ENSP00000470652,SLC35E1,3
14526,9606.ENSP00000470788,IL12RB1,2
14527,9606.ENSP00000470801,SLC6A14,2
14528,9606.ENSP00000470972,RPS19,1
14529,9606.ENSP00000471191,NUP62,1
14530,9606.ENSP00000471239,ZFP36,2
14531,9606.ENSP00000471299,MAGIX,1
14532,9606.ENSP00000471454,CCDC61,1
14533,9606.ENSP00000471455,CCDC124,2
14534,9606.ENSP00000471457,MYO9B,1
14535,9606.ENSP00000471477,FGF21,1
14536,9606.ENSP00000471493,FPR1,2
14537,9606.ENSP00000471512,DEDD2,1
14538,9606.ENSP00000471536,MARCHF2,8
14539,9606.ENSP00000471575,MBD3L1,8
14540,9606.ENSP00000471604,TEX13A,7
14541,9606.ENSP00000471683,SLC38A5,1
14542,9606.ENSP00000471700,FKBP8,4
14543,9606.ENSP00000471735,MPND,2
14544,9606.ENSP00000471851,ADAMTS10,3
14545,9606.ENSP00000471894,HAMP,1
14546,9606.ENSP00000471896,IRF3,5
14547,9606.ENSP00000471921,SPIB,4
14548,9606.ENSP00000471932,TMEM185A,4
14549,9606.ENSP00000472109,TEAD2,5
14550,9606.ENSP00000472118,MAGED4,8
14551,9606.ENSP00000472124,NOTCH2NLB,1
14552,9606.ENSP00000472249,GMFG,1
14553,9606.ENSP00000472308,TEX101,4
14554,9606.ENSP00000472316,OPN1MW,1
14555,9606.ENSP00000472445,POLD1,3
14556,9606.ENSP00000472465,SARS2-2,3
14557,9606.ENSP00000472467,CXCL17,1
14558,9606.ENSP00000472469,RPS28,1
14559,9606.ENSP00000472474,IL4I1,1
14560,9606.ENSP00000472530,NXF2B,1
14561,9606.ENSP00000472546,PLA2G4C,1
14562,9606.ENSP00000472619,ZNF83,1
14563,9606.ENSP00000472620,C5AR2,2
14564,9606.ENSP00000472802,ZNF446,4
14565,9606.ENSP00000472808,ZNF473,1
14566,9606.ENSP00000472836,KXD1,1
14567,9606.ENSP00000472847,SARS2,5
14568,9606.ENSP00000472914,SUGP2,3
14569,9606.ENSP00000472929,VAV1,1
14570,9606.ENSP00000472985,RPS5,3
14571,9606.ENSP00000472998,SNRNP70,1
14572,9606.ENSP00000473001,FCHO1,6
14573,9606.ENSP00000473036,PNMA8B,5
14574,9606.ENSP00000473047,KLK11,4
14575,9606.ENSP00000473091,ZNF320,4
14576,9606.ENSP00000473093,MAGEA3,4
14577,9606.ENSP00000473159,FFAR2,3
14578,9606.ENSP00000473172,RUVBL2,3
14579,9606.ENSP00000473185,SELENOW,1
14580,9606.ENSP00000473200,M0R3G1_HUMAN,3
14581,9606.ENSP00000473212,GPR42,2
14582,9606.ENSP00000473238,SIGLEC5,2
14583,9606.ENSP00000473290,NELFCD,2
14584,9606.ENSP00000473348,H6PD,8
14585,9606.ENSP00000473361,FXYD4,1
14586,9606.ENSP00000473370,MEI4,3
14587,9606.ENSP00000473381,OAZ1,2
14588,9606.ENSP00000473383,FBLL1,5
14589,9606.ENSP00000473391,COMMD3-BMI1,1
14590,9606.ENSP00000473469,DENND4C,3
14591,9606.ENSP00000473553,CSNK2A3,1
14592,9606.ENSP00000473623,UBE2E3,3
14593,9606.ENSP00000473631,DNAJC3,4
14594,9606.ENSP00000473665,SBNO1,2
14595,9606.ENSP00000473686,MTRNR2L6,2
14596,9606.ENSP00000473853,MMP28,6
14597,9606.ENSP00000473929,FXYD3,4
14598,9606.ENSP00000473980,MRPL37,5
14599,9606.ENSP00000473990,ALDH3B1,12
14600,9606.ENSP00000474032,DYNC2LI1,4
14601,9606.ENSP00000474071,CCDC120,3
14602,9606.ENSP00000474090,UPP2,1
14603,9606.ENSP00000474096,TAF15,1
14604,9606.ENSP00000474135,IGHV3-11,8
14605,9606.ENSP00000474230,RASL10B,6
14606,9606.ENSP00000474246,IZUMO3,2
14607,9606.ENSP00000474253,SETD1B,1
14608,9606.ENSP00000474385,ADAM21,4
14609,9606.ENSP00000474388,CTAGE6,4
14610,9606.ENSP00000474412,CCL5,1
14611,9606.ENSP00000474456,NBPF1,5
14612,9606.ENSP00000474529,GAS2L2,8
14613,9606.ENSP00000474534,HSPE1-MOB4,1
14614,9606.ENSP00000474560,HADH,1
14615,9606.ENSP00000474570,MTRNR2L13,2
14616,9606.ENSP00000474725,FBXW7,1
14617,9606.ENSP00000474823,RNF103-CHMP3,1
14618,9606.ENSP00000474861,MTRNR2L11,4
14619,9606.ENSP00000475028,UGT2A2,4
14620,9606.ENSP00000475107,IGHV3OR16-9,1
14621,9606.ENSP00000475168,RER1,3
14622,9606.ENSP00000475216,KPRP,2
14623,9606.ENSP00000475224,ASDURF,3
14624,9606.ENSP00000475261,A3GALT2,4
14625,9606.ENSP00000475270,LCE1C,2
14626,9606.ENSP00000475344,APLNR,2
14627,9606.ENSP00000475473,CHURC1,4
14628,9606.ENSP00000475489,MPHOSPH9,2
14629,9606.ENSP00000475615,CWC15,1
14630,9606.ENSP00000475724,CSNK1G1,2
14631,9606.ENSP00000475727,TBC1D7,1
14632,9606.ENSP00000475750,HEBP2,1
14633,9606.ENSP00000475814,H2AC19,4
14634,9606.ENSP00000475845,CDC42SE1,2
14635,9606.ENSP00000475915,CNKSR3,6
14636,9606.ENSP00000475924,POLDIP2,3
14637,9606.ENSP00000475939,DNAH11,2
14638,9606.ENSP00000475957,U3KQK5_HUMAN,1
14639,9606.ENSP00000475986,ACYP2,2
14640,9606.ENSP00000476091,U3KQP1_HUMAN,1
14641,9606.ENSP00000476100,GTF2H5,2
14642,9606.ENSP00000476117,WDR18,1
14643,9606.ENSP00000476119,NUDT3,5
14644,9606.ENSP00000476136,H2BC11,6
14645,9606.ENSP00000476140,UQCC2,3
14646,9606.ENSP00000476141,MT1HL1,3
14647,9606.ENSP00000476145,FRK,1
14648,9606.ENSP00000476176,SLC37A4,3
14649,9606.ENSP00000476228,SIRT5,4
14650,9606.ENSP00000476295,CDYL2,4
14651,9606.ENSP00000476369,FBXW2,1
14652,9606.ENSP00000476384,SCX,1
14653,9606.ENSP00000476386,DCP1A,6
14654,9606.ENSP00000476412,CHMP4A,2
14655,9606.ENSP00000476480,NT5C3A,5
14656,9606.ENSP00000476519,KCNN1,1
14657,9606.ENSP00000476672,RPEL1,5
14658,9606.ENSP00000476742,V9GYH0_HUMAN,1
14659,9606.ENSP00000476746,ZBTB25,2
14660,9606.ENSP00000476815,SLC25A16,1
14661,9606.ENSP00000476821,KRTAP10-7,2
14662,9606.ENSP00000476948,RPAP2,2
14663,9606.ENSP00000477141,FRRS1L,3
14664,9606.ENSP00000477213,APBB1,6
14665,9606.ENSP00000477310,DYNLL2,3
14666,9606.ENSP00000477341,PPM1K,1
14667,9606.ENSP00000477352,SCOC,1
14668,9606.ENSP00000477437,KCNJ6,1
14669,9606.ENSP00000477445,OR10G6,4
14670,9606.ENSP00000477455,GRIN2B,1
14671,9606.ENSP00000477502,NOMO2,2
14672,9606.ENSP00000477507,RIOX1,5
14673,9606.ENSP00000477509,NBPF11,1
14674,9606.ENSP00000477515,DGKK,3
14675,9606.ENSP00000477527,H2BC17,1
14676,9606.ENSP00000477530,F8A3,1
14677,9606.ENSP00000477538,NAP1L1,1
14678,9606.ENSP00000477548,HCRTR2,3
14679,9606.ENSP00000477563,MR1,4
14680,9606.ENSP00000477567,CYP4F8,1
14681,9606.ENSP00000477572,HMOX2,10
14682,9606.ENSP00000477587,SRD5A2,6
14683,9606.ENSP00000477602,ELOVL1,3
14684,9606.ENSP00000477613,BIRC2,2
14685,9606.ENSP00000477627,TMC4,2
14686,9606.ENSP00000477639,NAGK,1
14687,9606.ENSP00000477648,LYNX1,1
14688,9606.ENSP00000477707,NR1H3,4
14689,9606.ENSP00000477713,LCK,1
14690,9606.ENSP00000477715,CPEB1,2
14691,9606.ENSP00000477725,KANK1,1
14692,9606.ENSP00000477760,ANAPC16,10
14693,9606.ENSP00000477781,TPT1,9
14694,9606.ENSP00000477792,LRRC41,1
14695,9606.ENSP00000477796,GCH1,1
14696,9606.ENSP00000477802,C1orf158,3
14697,9606.ENSP00000477815,PTCRA,7
14698,9606.ENSP00000477817,PTPDC1,3
14699,9606.ENSP00000477829,LHX1,1
14700,9606.ENSP00000477841,ZNF282,2
14701,9606.ENSP00000477846,CLEC18C,3
14702,9606.ENSP00000477848,AATF,4
14703,9606.ENSP00000477856,GGTLC3,2
14704,9606.ENSP00000477868,TOX4,7
14705,9606.ENSP00000477870,H4C7,2
14706,9606.ENSP00000477871,TMEM265,5
14707,9606.ENSP00000477875,KCNE1B,1
14708,9606.ENSP00000477878,ARID3B,2
14709,9606.ENSP00000477907,H2BC14,1
14710,9606.ENSP00000477908,CCL3,1
14711,9606.ENSP00000477920,GIMAP1-GIMAP5,2
14712,9606.ENSP00000477922,SSX2B,2
14713,9606.ENSP00000477973,STAG3,3
14714,9606.ENSP00000477981,SLC25A14,1
14715,9606.ENSP00000477999,NOS1,3
14716,9606.ENSP00000478024,CCL16,4
14717,9606.ENSP00000478026,ANXA8,3
14718,9606.ENSP00000478035,LOC107987373,1
14719,9606.ENSP00000478059,STIM1,5
14720,9606.ENSP00000478061,MARCKS,3
14721,9606.ENSP00000478070,CWC25,5
14722,9606.ENSP00000478104,VPS13D,1
14723,9606.ENSP00000478121,ELOC,2
14724,9606.ENSP00000478179,CASP8AP2,3
14725,9606.ENSP00000478187,CRY2,1
14726,9606.ENSP00000478212,AKAP1,1
14727,9606.ENSP00000478220,GGNBP2,2
14728,9606.ENSP00000478249,ENSP00000478249,4
14729,9606.ENSP00000478253,MTHFD1L,7
14730,9606.ENSP00000478255,ABCB1,13
14731,9606.ENSP00000478289,LOC102723407,15
14732,9606.ENSP00000478290,SRGAP2C,14
14733,9606.ENSP00000478298,SPPL2B,13
14734,9606.ENSP00000478303,POLR2E,14
14735,9606.ENSP00000478305,SMOX,14
14736,9606.ENSP00000478352,GRIP2,13
14737,9606.ENSP00000478396,TTI2,7
14738,9606.ENSP00000478417,PPP6R2,13
14739,9606.ENSP00000478474,UBE2F,16
14740,9606.ENSP00000478479,RAB18,13
14741,9606.ENSP00000478490,YTHDF3,10
14742,9606.ENSP00000478501,ANAPC10,5
14743,9606.ENSP00000478557,ZNF787,2
14744,9606.ENSP00000478561,CYP1B1,3
14745,9606.ENSP00000478568,GAGE2E,8
14746,9606.ENSP00000478589,TTC25,1
14747,9606.ENSP00000478600,P3H3,4
14748,9606.ENSP00000478609,NBPF12,1
14749,9606.ENSP00000478645,ICA1L,1
14750,9606.ENSP00000478672,RAG2,1
14751,9606.ENSP00000478699,TNFRSF9,3
14752,9606.ENSP00000478721,RYK,1
14753,9606.ENSP00000478725,IGHV3-16,1
14754,9606.ENSP00000478754,DDX6,2
14755,9606.ENSP00000478763,SIRPA,2
14756,9606.ENSP00000478766,NDUFC2-KCTD14,4
14757,9606.ENSP00000478767,PPP1R9B,1
14758,9606.ENSP00000478771,UBB,4
14759,9606.ENSP00000478783,LTN1,1
14760,9606.ENSP00000478834,TEX28,4
14761,9606.ENSP00000478874,CAMK1D,3
14762,9606.ENSP00000478877,ADRM1,1
14763,9606.ENSP00000478887,MYC,2
14764,9606.ENSP00000478892,GNAZ,2
14765,9606.ENSP00000478893,IGHD,1
14766,9606.ENSP00000478927,YAP1,1
14767,9606.ENSP00000478931,AIFM2,5
14768,9606.ENSP00000478942,UPK1A,3
14769,9606.ENSP00000478962,CBY1,3
14770,9606.ENSP00000478982,RPP38,4
14771,9606.ENSP00000478993,GPHB5,7
14772,9606.ENSP00000479032,IGKV1-33,1
14773,9606.ENSP00000479064,ENSP00000479064,1
14774,9606.ENSP00000479071,ZFAND6,1
14775,9606.ENSP00000479089,OSCAR,1
14776,9606.ENSP00000479097,CCL14,2
14777,9606.ENSP00000479106,H4C1,3
14778,9606.ENSP00000479113,GABRG3,1
14779,9606.ENSP00000479119,IGHV1-3,2
14780,9606.ENSP00000479130,ACSF3,5
14781,9606.ENSP00000479134,FMN1,8
14782,9606.ENSP00000479153,EHD1,2
14783,9606.ENSP00000479166,HOXA4,6
14784,9606.ENSP00000479168,PRH1,4
14785,9606.ENSP00000479169,H2BC9,1
14786,9606.ENSP00000479202,ARL8B,1
14787,9606.ENSP00000479203,HNRNPCL2,6
14788,9606.ENSP00000479207,GALNTL5,7
14789,9606.ENSP00000479216,UBXN8,1
14790,9606.ENSP00000479256,TRIL,1
14791,9606.ENSP00000479261,UNC13B,1
14792,9606.ENSP00000479266,BORA,6
14793,9606.ENSP00000479284,H2BU1,6
14794,9606.ENSP00000479322,CLIP1,8
14795,9606.ENSP00000479326,RIMBP3B,3
14796,9606.ENSP00000479461,H4C4,7
14797,9606.ENSP00000479488,PHB,5
14798,9606.ENSP00000479494,PCID2,1
14799,9606.ENSP00000479504,DDX52,3
14800,9606.ENSP00000479518,MYO19,7
14801,9606.ENSP00000479526,DPF3,1
14802,9606.ENSP00000479536,CD177,1
14803,9606.ENSP00000479542,KIZ,5
14804,9606.ENSP00000479580,GIMAP6,6
14805,9606.ENSP00000479586,LYNX1-SLURP2,1
14806,9606.ENSP00000479598,RHNO1,3
14807,9606.ENSP00000479606,CLTC,3
14808,9606.ENSP00000479617,UHRF1,1
14809,9606.ENSP00000479624,F8A1,7
14810,9606.ENSP00000479636,PLCD3,17
14811,9606.ENSP00000479656,KRTAP7-1,3
14812,9606.ENSP00000479667,RPS6KA5,4
14813,9606.ENSP00000479669,CAB39L,3
14814,9606.ENSP00000479675,IGHV3-15,5
14815,9606.ENSP00000479679,KCP,1
14816,9606.ENSP00000479708,MAL2,3
14817,9606.ENSP00000479716,DNAJC28,1
14818,9606.ENSP00000479719,CYFIP2,5
14819,9606.ENSP00000479745,PRSS56,2
14820,9606.ENSP00000479757,GCSAML-AS1,1
14821,9606.ENSP00000479762,RAB7B,2
14822,9606.ENSP00000479794,H4C12,1
14823,9606.ENSP00000479811,CNTNAP4,6
14824,9606.ENSP00000479816,DENND1B,6
14825,9606.ENSP00000479844,RASGRP4,3
14826,9606.ENSP00000479860,CIB1,2
14827,9606.ENSP00000479861,SEPTIN2,1
14828,9606.ENSP00000479870,ALOX5AP,4
14829,9606.ENSP00000479889,IRAK4,1
14830,9606.ENSP00000479904,ZMYM2,6
14831,9606.ENSP00000479910,MLLT6,2
14832,9606.ENSP00000479919,SH3GLB1,5
14833,9606.ENSP00000479953,LRRC8E,2
14834,9606.ENSP00000479955,CCL18,3
14835,9606.ENSP00000479964,SLC4A1AP,1
14836,9606.ENSP00000479969,ANGPTL8,1
14837,9606.ENSP00000480004,EPHX1,2
14838,9606.ENSP00000480012,ADORA2A,1
14839,9606.ENSP00000480027,PRAMEF11,2
14840,9606.ENSP00000480035,IGHV3-72,1
14841,9606.ENSP00000480043,VEGFC,1
14842,9606.ENSP00000480050,SYN2,1
14843,9606.ENSP00000480053,GPIHBP1,3
14844,9606.ENSP00000480056,METTL8,1
14845,9606.ENSP00000480059,P3R3URF,1
14846,9606.ENSP00000480090,PKD1L3,1
14847,9606.ENSP00000480091,NMRK2,1
14848,9606.ENSP00000480122,PRAMEF5,1
14849,9606.ENSP00000480132,NCAM1,2
14850,9606.ENSP00000480140,SRSF8,2
14851,9606.ENSP00000480150,HYOU1,1
14852,9606.ENSP00000480157,PIK3R6,2
14853,9606.ENSP00000480186,POLD2,1
14854,9606.ENSP00000480240,LRMDA,1
14855,9606.ENSP00000480270,PPP1R18,1
14856,9606.ENSP00000480279,USH1G,1
14857,9606.ENSP00000480291,HNF1B,1
14858,9606.ENSP00000480301,IQSEC1,1
14859,9606.ENSP00000480316,TUBGCP5,1
14860,9606.ENSP00000480322,CD99L2,1
14861,9606.ENSP00000480332,TRAPPC3,2
14862,9606.ENSP00000480355,CXorf49,3
14863,9606.ENSP00000480359,PDLIM5,2
14864,9606.ENSP00000480364,RCC1L,1
14865,9606.ENSP00000480378,MTERF4,1
14866,9606.ENSP00000480401,ZNF205,4
14867,9606.ENSP00000480405,GPR1,1
14868,9606.ENSP00000480421,SRRT,1
14869,9606.ENSP00000480428,B4GALT3,1
14870,9606.ENSP00000480439,DHRS3,1
14871,9606.ENSP00000480443,HSD11B1L,2
14872,9606.ENSP00000480467,IFNA13,1
14873,9606.ENSP00000480476,OPLAH,2
14874,9606.ENSP00000480483,NRN1,3
14875,9606.ENSP00000480484,TCHH,1
14876,9606.ENSP00000480489,PDZD7,2
14877,9606.ENSP00000480492,TSPAN10,1
14878,9606.ENSP00000480514,TMCO1,3
14879,9606.ENSP00000480524,GTF2IRD2B,3
14880,9606.ENSP00000480527,ENSP00000480527,1
14881,9606.ENSP00000480535,REXO2,1
14882,9606.ENSP00000480538,DNAI1,1
14883,9606.ENSP00000480549,CDC42EP3,1
14884,9606.ENSP00000480558,CCL3L1,1
14885,9606.ENSP00000480571,ENSP00000480571,1
14886,9606.ENSP00000480573,ADRA2B,3
14887,9606.ENSP00000480637,MAGEA6,1
14888,9606.ENSP00000480680,SEMA3B,1
14889,9606.ENSP00000480703,SLC46A1,1
14890,9606.ENSP00000480707,COPZ2,1
14891,9606.ENSP00000480715,IQCE,1
14892,9606.ENSP00000480722,NUDT18,1
14893,9606.ENSP00000480740,LRRC39,2
14894,9606.ENSP00000480750,ZAN,3
14895,9606.ENSP00000480763,EPHA5,3
14896,9606.ENSP00000480791,FGF1,1
14897,9606.ENSP00000480798,NDFIP2,10
14898,9606.ENSP00000480821,LSR,9
14899,9606.ENSP00000480826,H3C1,4
14900,9606.ENSP00000480836,BCL2L13,7
14901,9606.ENSP00000480851,SRRM3,6
14902,9606.ENSP00000480853,VPS29,3
14903,9606.ENSP00000480884,ST3GAL6,5
14904,9606.ENSP00000480916,SLC9A7,8
14905,9606.ENSP00000480960,H4C13,9
14906,9606.ENSP00000480966,P2RY6,5
14907,9606.ENSP00000480971,SSTR3,1
14908,9606.ENSP00000480986,ZCCHC17,1
14909,9606.ENSP00000480987,MCM3,4
14910,9606.ENSP00000480991,CHST9,2
14911,9606.ENSP00000480998,BHLHE23,3
14912,9606.ENSP00000481006,PLP1,2
14913,9606.ENSP00000481012,GAS2L1,1
14914,9606.ENSP00000481021,SEM1,4
14915,9606.ENSP00000481022,SCAMP1,4
14916,9606.ENSP00000481029,PSMC3,2
14917,9606.ENSP00000481038,CYFIP1,4
14918,9606.ENSP00000481046,PHOSPHO2,2
14919,9606.ENSP00000481056,FCGBP,6
14920,9606.ENSP00000481091,TADA2A,3
14921,9606.ENSP00000481096,MGAT4C,3
14922,9606.ENSP00000481109,PRAG1,4
14923,9606.ENSP00000481114,FOLR3,1
14924,9606.ENSP00000481126,VPS11,12
14925,9606.ENSP00000481127,LOC102724788,1
14926,9606.ENSP00000481152,IGHV3-43D,1
14927,9606.ENSP00000481203,SHISA8,1
14928,9606.ENSP00000481244,FXYD1,1
14929,9606.ENSP00000481249,SOCS2,1
14930,9606.ENSP00000481301,SLC38A3,3
14931,9606.ENSP00000481309,SPINK6,2
14932,9606.ENSP00000481313,SMR3B,5
14933,9606.ENSP00000481314,SNX12,7
14934,9606.ENSP00000481321,GABRR3,2
14935,9606.ENSP00000481357,CCL23,1
14936,9606.ENSP00000481380,CCNA2,1
14937,9606.ENSP00000481450,AMY2A,2
14938,9606.ENSP00000481465,FAM83D,5
14939,9606.ENSP00000481486,H4C9,1
14940,9606.ENSP00000481495,DDX24,3
14941,9606.ENSP00000481554,GRIA3,1
14942,9606.ENSP00000481559,MRM1,1
14943,9606.ENSP00000481570,TNFAIP3,7
14944,9606.ENSP00000481575,POM121C,1
14945,9606.ENSP00000481581,FOXD1,1
14946,9606.ENSP00000481592,SMIM22,1
14947,9606.ENSP00000481593,HTD2,1
14948,9606.ENSP00000481622,H2BS1,7
14949,9606.ENSP00000481626,C18orf25,1
14950,9606.ENSP00000481633,IFNL3,6
14951,9606.ENSP00000481646,RPS10,1
14952,9606.ENSP00000481675,SPRY1,1
14953,9606.ENSP00000481683,PRAMEF25,2
14954,9606.ENSP00000481684,FADS6,5
14955,9606.ENSP00000481697,RSRC1,2
14956,9606.ENSP00000481699,SERPINI2,2
14957,9606.ENSP00000481721,TBC1D2,9
14958,9606.ENSP00000481728,ABCG4,3
14959,9606.ENSP00000481733,MED29,3
14960,9606.ENSP00000481750,AP5S1,1
14961,9606.ENSP00000481762,CSDE1,9
14962,9606.ENSP00000481773,SAP25,1
14963,9606.ENSP00000481780,MAPK8IP3,2
14964,9606.ENSP00000481824,MFRP,3
14965,9606.ENSP00000481841,CD24,2
14966,9606.ENSP00000481842,SAP18,1
14967,9606.ENSP00000481848,KCNN3,4
14968,9606.ENSP00000481850,JADE3,3
14969,9606.ENSP00000481859,PAN2,3
14970,9606.ENSP00000481886,PGRMC2,7
14971,9606.ENSP00000481893,CNOT6,1
14972,9606.ENSP00000481912,CHST12,1
14973,9606.ENSP00000481917,SEZ6L2,4
14974,9606.ENSP00000481920,MED6,1
14975,9606.ENSP00000481934,ARHGAP11B-2,1
14976,9606.ENSP00000481956,CREB3L1,1
14977,9606.ENSP00000481994,EPHB6,1
14978,9606.ENSP00000482027,NR4A3,2
14979,9606.ENSP00000482030,ZNF2,2
14980,9606.ENSP00000482032,IP6K1,3
14981,9606.ENSP00000482063,PCGF2,1
14982,9606.ENSP00000482075,PTGES3,5
14983,9606.ENSP00000482093,PER3,3
14984,9606.ENSP00000482107,LOC102724159,1
14985,9606.ENSP00000482133,SYNJ2BP-COX16,2
14986,9606.ENSP00000482169,NEFL,1
14987,9606.ENSP00000482180,C11orf95,2
14988,9606.ENSP00000482202,PIGW,4
14989,9606.ENSP00000482218,BCL2L12,3
14990,9606.ENSP00000482228,PLEKHA2,2
14991,9606.ENSP00000482232,CGA,2
14992,9606.ENSP00000482245,DACH1,3
14993,9606.ENSP00000482259,CCL4,1
14994,9606.ENSP00000482263,ENSP00000482263,2
14995,9606.ENSP00000482264,DGAT1,2
14996,9606.ENSP00000482270,CXorf49B,3
14997,9606.ENSP00000482285,IFFO1,6
14998,9606.ENSP00000482304,ZP4,2
14999,9606.ENSP00000482306,TTC8,6
15000,9606.ENSP00000482313,RECQL4,2
15001,9606.ENSP00000482335,MAP7,2
15002,9606.ENSP00000482358,PRSS57,3
15003,9606.ENSP00000482393,IRX4,1
15004,9606.ENSP00000482396,ALG9-2,4
15005,9606.ENSP00000482410,JRK,3
15006,9606.ENSP00000482431,H2AC15,4
15007,9606.ENSP00000482437,ALG9,4
15008,9606.ENSP00000482438,MED22,1
15009,9606.ENSP00000482442,FXYD6-FXYD2,1
15010,9606.ENSP00000482445,PRXL2A,1
15011,9606.ENSP00000482457,PLCG2,2
15012,9606.ENSP00000482482,FAM228B,2
15013,9606.ENSP00000482486,RAVER1,2
15014,9606.ENSP00000482504,NR2E3,2
15015,9606.ENSP00000482512,LCN8,3
15016,9606.ENSP00000482514,LOC102724770,3
15017,9606.ENSP00000482538,H2AC16,6
15018,9606.ENSP00000482540,ZNF658,2
15019,9606.ENSP00000482543,NDUFA6,2
15020,9606.ENSP00000482546,REC8,3
15021,9606.ENSP00000482548,PIP4K2B,5
15022,9606.ENSP00000482552,FAM170A,2
15023,9606.ENSP00000482564,H2AB3,3
15024,9606.ENSP00000482568,ORAI1,4
15025,9606.ENSP00000482581,TWIST2,3
15026,9606.ENSP00000482599,METTL23,4
15027,9606.ENSP00000482604,HSH2D,3
15028,9606.ENSP00000482609,PEX12,2
15029,9606.ENSP00000482613,HMGN3,1
15030,9606.ENSP00000482620,RAB11FIP4,1
15031,9606.ENSP00000482632,ZNF501,1
15032,9606.ENSP00000482639,MGST2,1
15033,9606.ENSP00000482647,ARHGEF18,3
15034,9606.ENSP00000482657,MAP3K14,4
15035,9606.ENSP00000482674,H2BC3,2
15036,9606.ENSP00000482678,IGKV1D-33,4
15037,9606.ENSP00000482704,DHRS11,1
15038,9606.ENSP00000482732,PTPN9,2
15039,9606.ENSP00000482743,TPSB2,4
15040,9606.ENSP00000482749,ZNF227,3
15041,9606.ENSP00000482753,C9orf72,3
15042,9606.ENSP00000482760,PCSK6,8
15043,9606.ENSP00000482773,IDH3B,2
15044,9606.ENSP00000482786,FTCDNL1,1
15045,9606.ENSP00000482810,EPB41L4A,2
15046,9606.ENSP00000482816,CRYAA2,4
15047,9606.ENSP00000482826,NAPB,4
15048,9606.ENSP00000482829,SIK1B,2
15049,9606.ENSP00000482841,CRABP2,5
15050,9606.ENSP00000482870,DOC2A,2
15051,9606.ENSP00000482899,PAMR1,3
15052,9606.ENSP00000482950,DOC2B,3
15053,9606.ENSP00000482954,PRLR,1
15054,9606.ENSP00000482968,ALMS1,1
15055,9606.ENSP00000483001,NOP16,1
15056,9606.ENSP00000483018,ABO,6
15057,9606.ENSP00000483059,NR2C2,1
15058,9606.ENSP00000483110,TAC3,3
15059,9606.ENSP00000483117,ACD,1
15060,9606.ENSP00000483125,PADI6,4
15061,9606.ENSP00000483185,AP2B1,2
15062,9606.ENSP00000483228,PPP4R3B,1
15063,9606.ENSP00000483236,DCAF7,1
15064,9606.ENSP00000483254,HNRNPDL,2
15065,9606.ENSP00000483276,TMEM222,3
15066,9606.ENSP00000483283,H3C11,3
15067,9606.ENSP00000483300,ACACA,1
15068,9606.ENSP00000483313,WASF2,1
15069,9606.ENSP00000483328,POLR2J3,2
15070,9606.ENSP00000483330,CCL4L2,3
15071,9606.ENSP00000483345,HDGFL2,1
15072,9606.ENSP00000483356,RIBC2,1
15073,9606.ENSP00000483364,TCTN3,1
15074,9606.ENSP00000483375,GALE,6
15075,9606.ENSP00000483386,RIMBP3,5
15076,9606.ENSP00000483397,FSBP,3
15077,9606.ENSP00000483403,GHR,1
15078,9606.ENSP00000483408,RBM26,1
15079,9606.ENSP00000483415,ENSP00000483415,4
15080,9606.ENSP00000483424,MARK1,2
15081,9606.ENSP00000483430,IFI27,1
15082,9606.ENSP00000483453,SYNRG,3
15083,9606.ENSP00000483469,GPR179,3
15084,9606.ENSP00000483484,NSA2,2
15085,9606.ENSP00000483486,ARFRP1,2
15086,9606.ENSP00000483489,NTMT1,1
15087,9606.ENSP00000483494,R3HCC1L,2
15088,9606.ENSP00000483495,DDX27,1
15089,9606.ENSP00000483521,LEPROT,5
15090,9606.ENSP00000483523,NOL4L,2
15091,9606.ENSP00000483547,MID1IP1,7
15092,9606.ENSP00000483549,RDM1,4
15093,9606.ENSP00000483552,FURIN,3
15094,9606.ENSP00000483562,SALL2,6
15095,9606.ENSP00000483567,IGKV2D-29,1
15096,9606.ENSP00000483570,BTK,4
15097,9606.ENSP00000483585,IGKV2-40,4
15098,9606.ENSP00000483599,SPON2,5
15099,9606.ENSP00000483621,CABYR,1
15100,9606.ENSP00000483631,USP27X,2
15101,9606.ENSP00000483640,MYH7B,1
15102,9606.ENSP00000483667,CHD1,1
15103,9606.ENSP00000483688,PSMB3,1
15104,9606.ENSP00000483713,KLRF1,2
15105,9606.ENSP00000483721,ADCYAP1R1,5
15106,9606.ENSP00000483757,DAOA,1
15107,9606.ENSP00000483781,CISD3,1
15108,9606.ENSP00000483811,GAGE13,2
15109,9606.ENSP00000483814,NPRL3,1
15110,9606.ENSP00000483825,IKBKG,1
15111,9606.ENSP00000483842,H2AC4,3
15112,9606.ENSP00000483872,TSPAN33,1
15113,9606.ENSP00000483888,NDUFB1,3
15114,9606.ENSP00000483903,H2BC15,3
15115,9606.ENSP00000483921,SSBP2,4
15116,9606.ENSP00000483936,SYTL3,5
15117,9606.ENSP00000483946,PHF19,2
15118,9606.ENSP00000483989,CSNK2B-2,2
15119,9606.ENSP00000484056,ZCCHC3,1
15120,9606.ENSP00000484060,PACSIN1,1
15121,9606.ENSP00000484078,CCL15,1
15122,9606.ENSP00000484095,H3C7,1
15123,9606.ENSP00000484105,PRIM2,1
15124,9606.ENSP00000484121,ARFIP2,1
15125,9606.ENSP00000484228,ATRAID,2
15126,9606.ENSP00000484237,PRAMEF7,1
15127,9606.ENSP00000484252,TSGA10IP,1
15128,9606.ENSP00000484261,H2AB1,1
15129,9606.ENSP00000484263,TMEM114,2
15130,9606.ENSP00000484288,LIG4,1
15131,9606.ENSP00000484342,NEB,2
15132,9606.ENSP00000484343,SERPINB6,2
15133,9606.ENSP00000484390,DAPK2,1
15134,9606.ENSP00000484398,SMTN,1
15135,9606.ENSP00000484403,TPTE,1
15136,9606.ENSP00000484411,HOXA3,1
15137,9606.ENSP00000484431,CD48,2
15138,9606.ENSP00000484443,NEK3,1
15139,9606.ENSP00000484479,IFNA5,2
15140,9606.ENSP00000484525,CTDP1,2
15141,9606.ENSP00000484552,GJA5,5
15142,9606.ENSP00000484580,PPP1R2,2
15143,9606.ENSP00000484609,CRISP2,1
15144,9606.ENSP00000484615,OBP2B,3
15145,9606.ENSP00000484618,APELA,6
15146,9606.ENSP00000484621,TCP10,1
15147,9606.ENSP00000484634,LRRC6,3
15148,9606.ENSP00000484638,H3C8,3
15149,9606.ENSP00000484640,B3GNT6,2
15150,9606.ENSP00000484644,CHAC1,8
15151,9606.ENSP00000484658,H3C3,1
15152,9606.ENSP00000484668,GAGE1,3
15153,9606.ENSP00000484669,CPSF1,3
15154,9606.ENSP00000484687,ZNHIT3,3
15155,9606.ENSP00000484689,IFITM2,7
15156,9606.ENSP00000484710,EPOP,3
15157,9606.ENSP00000484713,WASHC4,1
15158,9606.ENSP00000484715,SRCIN1,3
15159,9606.ENSP00000484732,CASTOR2,3
15160,9606.ENSP00000484789,H4C5,2
15161,9606.ENSP00000484803,FOXP1,1
15162,9606.ENSP00000484807,SPATA31A7,4
15163,9606.ENSP00000484810,ZNF274,1
15164,9606.ENSP00000484824,MUC1,2
15165,9606.ENSP00000484841,H3C2,1
15166,9606.ENSP00000484855,EXOC5,2
15167,9606.ENSP00000484903,MRPL45,2
15168,9606.ENSP00000484928,CDH4,1
15169,9606.ENSP00000484940,TRDV1,1
15170,9606.ENSP00000484945,PRAC2,1
15171,9606.ENSP00000484998,PSMC6,1
15172,9606.ENSP00000485010,CIITA,2
15173,9606.ENSP00000485022,U2AF1L5,1
15174,9606.ENSP00000485028,MUC13,3
15175,9606.ENSP00000485033,DOCK1,3
15176,9606.ENSP00000485108,UBTFL1,1
15177,9606.ENSP00000485117,PSG7,3
15178,9606.ENSP00000485129,LOC102723996,1
15179,9606.ENSP00000485206,PPIAL4A,4
15180,9606.ENSP00000485230,SPDYE6,1
15181,9606.ENSP00000485238,FER1L5,3
15182,9606.ENSP00000485258,PRAMEF9,2
15183,9606.ENSP00000485287,OR2L8,1
15184,9606.ENSP00000485292,OR52R1,3
15185,9606.ENSP00000485319,OR5L1,3
15186,9606.ENSP00000485378,TRIM39-RPP21,1
15187,9606.ENSP00000485398,SPDYE5,1
15188,9606.ENSP00000485401,UQCRHL,2
15189,9606.ENSP00000485407,OR51B2,1
15190,9606.ENSP00000485431,OR4X2,3
15191,9606.ENSP00000485478,CDHR1,1
15192,9606.ENSP00000485512,QRFP,1
15193,9606.ENSP00000485513,WASHC2C,2
15194,9606.ENSP00000485525,ADSL,1
15195,9606.ENSP00000485526,RASSF10,4
15196,9606.ENSP00000485527,CBSL,6
15197,9606.ENSP00000485541,MAGEA2,1
15198,9606.ENSP00000485552,SAA2-SAA4,1
15199,9606.ENSP00000485582,CERS1,3
15200,9606.ENSP00000485586,NXF2,2
15201,9606.ENSP00000485612,OR51G1,1
15202,9606.ENSP00000485615,ENSP00000485615,1
15203,9606.ENSP00000485627,WASHC1,3
15204,9606.ENSP00000485628,SPATA31A5,1
15205,9606.ENSP00000485638,PPIAL4F,7
15206,9606.ENSP00000485656,PRAMEF26,5
15207,9606.ENSP00000485659,MUC5AC,2
15208,9606.ENSP00000485661,OR8D2,2
15209,9606.ENSP00000485698,MTRES1,1
15210,9606.ENSP00000485952,LOC112694756,2
15211,9606.ENSP00000486109,TRPC4,5
15212,9606.ENSP00000486146,SMIM7,1
15213,9606.ENSP00000486252,RPS4Y2,2
15214,9606.ENSP00000486285,FARP1,1
15215,9606.ENSP00000486291,SUGCT,1
15216,9606.ENSP00000486357,PPIP5K2,1
15217,9606.ENSP00000486361,DBI,1
15218,9606.ENSP00000486502,ZIM2,2
15219,9606.ENSP00000486540,CNOT9,2
15220,9606.ENSP00000486574,UBAP1,4
15221,9606.ENSP00000486676,TREX1,1
15222,9606.ENSP00000486725,PPIL2,1
15223,9606.ENSP00000486891,TCF7L2,1
15224,9606.ENSP00000486901,MICAL1,1
15225,9606.ENSP00000487041,COBLL1,1
15226,9606.ENSP00000487073,NANOGP8,3
15227,9606.ENSP00000487094,ENSP00000487094,4
15228,9606.ENSP00000487136,OXNAD1,7
15229,9606.ENSP00000487164,VPS8,2
15230,9606.ENSP00000487174,ZEB2,5
15231,9606.ENSP00000487221,FAM122B,3
15232,9606.ENSP00000487358,THEMIS,4
15233,9606.ENSP00000487363,HAVCR1,1
15234,9606.ENSP00000487365,HSPH1,1
15235,9606.ENSP00000487444,SPTAN1,3
15236,9606.ENSP00000487693,PITPNB,2
15237,9606.ENSP00000487717,ENSP00000487717,3
15238,9606.ENSP00000487719,TUBA4B,1
15239,9606.ENSP00000487772,SPDYE16,1
15240,9606.ENSP00000487785,KCNA2,1
15241,9606.ENSP00000487971,LPIN3,1
15242,9606.ENSP00000488024,SLC22A18AS,1
15243,9606.ENSP00000488361,BECN2,1
15244,9606.ENSP00000488422,CELF2,3
15245,9606.ENSP00000488437,PRSS2,1
15246,9606.ENSP00000488481,PLIN4,3
15247,9606.ENSP00000488642,TENT4A,1
15248,9606.ENSP00000488668,NHSL2,2
15249,9606.ENSP00000488748,MRLN,10
15250,9606.ENSP00000488838,PON2,1
15251,9606.ENSP00000488912,CRHR1-2,1
15252,9606.ENSP00000489061,C1GALT1C1L,1
15253,9606.ENSP00000489123,SCYL2,1
15254,9606.ENSP00000489189,BAG1,1
15255,9606.ENSP00000489236,H4C8,3
15256,9606.ENSP00000489262,RYR3,1
15257,9606.ENSP00000489282,H3C6,2
15258,9606.ENSP00000489311,hCG_2039566,3
15259,9606.ENSP00000489317,H2BC6,4
15260,9606.ENSP00000489407,SHANK3,1
15261,9606.ENSP00000489442,EXOC6B,1
15262,9606.ENSP00000489551,NRXN3,2
15263,9606.ENSP00000489597,PTPN11,3
15264,9606.ENSP00000489674,HSPA12A,5
15265,9606.ENSP00000489675,DNAH10,4
15266,9606.ENSP00000489687,GK3P,1
15267,9606.ENSP00000489733,TSTD3,1
15268,9606.ENSP00000489770,PPP4R3C,2
15269,9606.ENSP00000489774,DLGAP2,8
15270,9606.ENSP00000489784,SMIM29,4
15271,9606.ENSP00000489814,HSFX4,1
15272,9606.ENSP00000489829,CACNA1A,2
15273,9606.ENSP00000489859,STRIT1,2
15274,9606.ENSP00000489910,ENSP00000489910,10
15275,9606.ENSP00000489939,SMIM28,2
15276,9606.ENSP00000489944,TEX53,1
15277,9606.ENSP00000489959,CDCP2,1
15278,9606.ENSP00000490038,RAB6D,1
15279,9606.ENSP00000490055,ETDA,1
15280,9606.ENSP00000490083,ATP6AP2,9
15281,9606.ENSP00000490086,CCDC197,11
15282,9606.ENSP00000490107,SCN2A,1
15283,9606.ENSP00000490116,LCOR,6
15284,9606.ENSP00000490119,RALGAPA1,1
15285,9606.ENSP00000490143,MYMX,1
15286,9606.ENSP00000490174,NPY4R2,1
15287,9606.ENSP00000490225,UBE2L5,4
15288,9606.ENSP00000490263,TEX48,2
15289,9606.ENSP00000490275,SMIM27,2
15290,9606.ENSP00000490375,CLEC19A,2
15291,9606.ENSP00000490393,TEPSIN,1
15292,9606.ENSP00000490412,REELD1,3
15293,9606.ENSP00000490491,ARID1B,1
15294,9606.ENSP00000490530,ENSP00000490530,1
15295,9606.ENSP00000490573,TCAF2C,3
15296,9606.ENSP00000490576,ETDC,4
15297,9606.ENSP00000490579,CCDC192,1
15298,9606.ENSP00000490584,TINCR,1
15299,9606.ENSP00000490614,DCX,1
15300,9606.ENSP00000490626,FAM240C,1
15301,9606.ENSP00000490726,FBF1,1
15302,9606.ENSP00000490744,ABHD14A-ACY1,1
15303,9606.ENSP00000490747,MIEF1-2,2
15304,9606.ENSP00000490760,EXOC1L,1
15305,9606.ENSP00000490767,ING5,6
15306,9606.ENSP00000490829,SPACA6,2
15307,9606.ENSP00000490935,IFIT2,1
15308,9606.ENSP00000490940,ARHGEF9,2
15309,9606.ENSP00000490943,ETDB,1
15310,9606.ENSP00000491014,MIA2,2
15311,9606.ENSP00000491067,NECAP1,1
15312,9606.ENSP00000491073,ENSP00000491073,4
15313,9606.ENSP00000491174,TAF11L8,2
15314,9606.ENSP00000491215,HNRNPU,3
15315,9606.ENSP00000491227,PARL-2,2
15316,9606.ENSP00000491259,PRAMEF13,2
15317,9606.ENSP00000491301,DUXB,1
15318,9606.ENSP00000491316,ST3GAL5,6
15319,9606.ENSP00000491332,TAF11L13,1
15320,9606.ENSP00000491341,LOC102724334,3
15321,9606.ENSP00000491351,TAF11L7,5
15322,9606.ENSP00000491377,LRRC8B,1
15323,9606.ENSP00000491385,TAF11L6,2
15324,9606.ENSP00000491427,INTS6L,2
15325,9606.ENSP00000491472,TAF11L14,5
15326,9606.ENSP00000491494,TAF11L4,1
15327,9606.ENSP00000491504,ATG9B,3
15328,9606.ENSP00000491507,RTTN,1
15329,9606.ENSP00000491537,FDFT1,1
15330,9606.ENSP00000491596,ENSP00000491596,2
15331,9606.ENSP00000491651,ENSP00000491651,6
15332,9606.ENSP00000491657,LPP,2
15333,9606.ENSP00000491663,SSU72P4,1
15334,9606.ENSP00000491669,SSU72P2,3
15335,9606.ENSP00000491717,CATSPERZ,2
15336,9606.ENSP00000491742,BIVM-ERCC5,1
15337,9606.ENSP00000491750,KCNH1-2,1
15338,9606.ENSP00000491758,TAF11L12,3
15339,9606.ENSP00000491768,SSU72P3,1
15340,9606.ENSP00000491830,ZC3H11A,1
15341,9606.ENSP00000491846,TAF11L11,1
15342,9606.ENSP00000491865,GAGE12F,1
15343,9606.ENSP00000491873,TAF11L10,1
15344,9606.ENSP00000491894,SSU72P7,2
15345,9606.ENSP00000491949,SSU72P5,2
15346,9606.ENSP00000491969,IGLV10-54,4
15347,9606.ENSP00000492001,PFKFB3,1
15348,9606.ENSP00000492019,SPATA1,1
15349,9606.ENSP00000492024,PAX6,4
15350,9606.ENSP00000492033,NCBP2L,1
15351,9606.ENSP00000492047,TAF11L2,3
15352,9606.ENSP00000492220,ENSP00000492220,2
15353,9606.ENSP00000492233,PIGN,5
15354,9606.ENSP00000492240,KCTD7,1
15355,9606.ENSP00000492260,LIAS,2
15356,9606.ENSP00000492276,CSAG3,1
15357,9606.ENSP00000492311,TLE7,1
15358,9606.ENSP00000492363,PRICKLE2,3
15359,9606.ENSP00000492367,PYDC2,1
15360,9606.ENSP00000492384,hCG_1642624,1
15361,9606.ENSP00000492441,RPS10-NUDT3,1
15362,9606.ENSP00000492463,TAF11L9,1
15363,9606.ENSP00000492512,SSU72P8,1
15364,9606.ENSP00000492612,GNG14,1
15365,9606.ENSP00000492671,ARL9,4
15366,9606.ENSP00000492752,LINC02218,4
15367,9606.ENSP00000492787,TAF11L3,1
15368,9606.ENSP00000492795,SPIN3,1
15369,9606.ENSP00000492798,ENSP00000492798,4
15370,9606.ENSP00000492874,TAF11L5,2
15371,9606.ENSP00000492894,OR6Y1,4
15372,9606.ENSP00000492902,OR10J1,3
15373,9606.ENSP00000492905,OR10G7,1
15374,9606.ENSP00000492919,OR10A6,1
15375,9606.ENSP00000492923,OR11H2,4
15376,9606.ENSP00000492944,OR5P3,1
15377,9606.ENSP00000492951,OR2T11,3
15378,9606.ENSP00000492957,OR5AN1,2
15379,9606.ENSP00000492958,OR2V1,2
15380,9606.ENSP00000492963,OR51A4,3
15381,9606.ENSP00000492973,OR10G3,1
15382,9606.ENSP00000492975,OR5A2,1
15383,9606.ENSP00000492978,OR6C1,2
15384,9606.ENSP00000492985,OR4M1,1
15385,9606.ENSP00000492990,OR6A2,1
15386,9606.ENSP00000493005,OR51M1,3
15387,9606.ENSP00000493011,OR52K1,7
15388,9606.ENSP00000493014,OR8B8,2
15389,9606.ENSP00000493015,OR51L1,1
15390,9606.ENSP00000493016,OR51I2,2
15391,9606.ENSP00000493020,OR2L3,2
15392,9606.ENSP00000493026,OR7C1,1
15393,9606.ENSP00000493043,OR2AP1,1
15394,9606.ENSP00000493050,OR51F2,2
15395,9606.ENSP00000493074,OR2AG1,1
15396,9606.ENSP00000493075,OR2L13,1
15397,9606.ENSP00000493085,OR52E4,1
15398,9606.ENSP00000493101,SCYGR5,2
15399,9606.ENSP00000493102,FAM71F2,1
15400,9606.ENSP00000493103,OR1D2,1
15401,9606.ENSP00000493109,SCYGR1,3
15402,9606.ENSP00000493110,OR13G1,1
15403,9606.ENSP00000493111,OR4E1,1
15404,9606.ENSP00000493120,OR8B3,1
15405,9606.ENSP00000493124,OR5M1,1
15406,9606.ENSP00000493131,OR10A2,3
15407,9606.ENSP00000493137,OR4D2,1
15408,9606.ENSP00000493151,OR9A4,5
15409,9606.ENSP00000493152,SCYGR7,3
15410,9606.ENSP00000493153,PPT1,2
15411,9606.ENSP00000493157,OR2A12,5
15412,9606.ENSP00000493162,OR51A7,1
15413,9606.ENSP00000493167,TMDD1,1
15414,9606.ENSP00000493179,OR1A1,2
15415,9606.ENSP00000493184,FOXO6,1
15416,9606.ENSP00000493190,OR52N5,2
15417,9606.ENSP00000493195,OR5A1,1
15418,9606.ENSP00000493202,OR2AK2,2
15419,9606.ENSP00000493217,OR5B3,3
15420,9606.ENSP00000493218,MFSD8,1
15421,9606.ENSP00000493222,OR6C2,2
15422,9606.ENSP00000493232,MICU1,2
15423,9606.ENSP00000493235,OR8B2,1
15424,9606.ENSP00000493252,ZFHX3,1
15425,9606.ENSP00000493255,OR9G1,5
15426,9606.ENSP00000493263,OR5B12,1
15427,9606.ENSP00000493271,OR8K3,1
15428,9606.ENSP00000493272,OR52N1,3
15429,9606.ENSP00000493273,ENSP00000493273,1
15430,9606.ENSP00000493289,OR8G1,1
15431,9606.ENSP00000493295,OR2A5,1
15432,9606.ENSP00000493297,OR10K2,5
15433,9606.ENSP00000493298,OR52A5,1
15434,9606.ENSP00000493299,OR2AT4,6
15435,9606.ENSP00000493302,PNPO,2
15436,9606.ENSP00000493320,OR2A7,2
15437,9606.ENSP00000493323,OR51G2,1
15438,9606.ENSP00000493332,SMIM38,1
15439,9606.ENSP00000493333,OR2A42,1
15440,9606.ENSP00000493342,OR6F1,1
15441,9606.ENSP00000493343,OR2A25,2
15442,9606.ENSP00000493351,C2orf83,1
15443,9606.ENSP00000493353,OR2A14,3
15444,9606.ENSP00000493354,OR10G4,1
15445,9606.ENSP00000493357,CYTH2,1
15446,9606.ENSP00000493362,OR2AG2,1
15447,9606.ENSP00000493365,OR8D1,3
15448,9606.ENSP00000493382,PHGDH,3
15449,9606.ENSP00000493404,OR7D4,2
15450,9606.ENSP00000493419,OR5B2,1
15451,9606.ENSP00000493430,OR6C75,1
15452,9606.ENSP00000493431,OR5AU1,3
15453,9606.ENSP00000493436,OR10H1,2
15454,9606.ENSP00000493467,DEXI,2
15455,9606.ENSP00000493515,TM9SF2,1
15456,9606.ENSP00000493536,SAMHD1,3
15457,9606.ENSP00000493555,TEX15,1
15458,9606.ENSP00000493560,VPS13C,2
15459,9606.ENSP00000493594,MYH14,2
15460,9606.ENSP00000493607,ENSP00000493607,1
15461,9606.ENSP00000493623,FYB1,3
15462,9606.ENSP00000493664,DOCK10,1
15463,9606.ENSP00000493688,PTP4A2,1
15464,9606.ENSP00000493691,ENSP00000493691,2
15465,9606.ENSP00000493701,ENSP00000493701,1
15466,9606.ENSP00000493712,RAD51,1
15467,9606.ENSP00000493716,EFNB2,1
15468,9606.ENSP00000493728,GRB10,1
15469,9606.ENSP00000493768,COMMD7-2,1
15470,9606.ENSP00000493780,ENSP00000493780,1
15471,9606.ENSP00000493805,HNRNPA1P48,2
15472,9606.ENSP00000493823,ST3GAL3,1
15473,9606.ENSP00000493900,SNTG1,1
15474,9606.ENSP00000493901,GIPC3,1
15475,9606.ENSP00000493906,FOXC1,2
15476,9606.ENSP00000493946,RPGRIP1L,1
15477,9606.ENSP00000493970,ZNF746,1
15478,9606.ENSP00000493971,PDE8B-2,1
15479,9606.ENSP00000493985,KNG1,2
15480,9606.ENSP00000494009,SLC52A3,3
15481,9606.ENSP00000494017,SLC26A4,1
15482,9606.ENSP00000494040,DDX3X,4
15483,9606.ENSP00000494051,SEPTIN3,4
15484,9606.ENSP00000494061,MUC2,2
15485,9606.ENSP00000494067,TMF1,4
15486,9606.ENSP00000494087,XG,1
15487,9606.ENSP00000494125,TPM4,1
15488,9606.ENSP00000494136,SLC6A1,2
15489,9606.ENSP00000494147,DSE,2
15490,9606.ENSP00000494162,CBLC,2
15491,9606.ENSP00000494172,ENSP00000494172,3
15492,9606.ENSP00000494175,HBB,1
15493,9606.ENSP00000494260,HOXA1,5
15494,9606.ENSP00000494277,PATJ,3
15495,9606.ENSP00000494321,ABCC8,6
15496,9606.ENSP00000494352,KDSR,1
15497,9606.ENSP00000494359,UPK3BL2,1
15498,9606.ENSP00000494360,SUCLA2,1
15499,9606.ENSP00000494373,MTAP,1
15500,9606.ENSP00000494384,ANKRD40CL,1
15501,9606.ENSP00000494468,GJB6,5
15502,9606.ENSP00000494504,THPO,3
15503,9606.ENSP00000494538,CTCF,2
15504,9606.ENSP00000494550,MYO1F,2
15505,9606.ENSP00000494576,TMIE,1
15506,9606.ENSP00000494609,ABCC4,1
15507,9606.ENSP00000494664,HK1,1
15508,9606.ENSP00000494678,TBC1D24,3
15509,9606.ENSP00000494684,TMC1,1
15510,9606.ENSP00000494686,SIX1,3
15511,9606.ENSP00000494689,EPS8,1
15512,9606.ENSP00000494697,RPL9,2
15513,9606.ENSP00000494708,HBD,1
15514,9606.ENSP00000494750,ACTB,5
15515,9606.ENSP00000494788,CASK,3
15516,9606.ENSP00000494831,SNRPN,2
15517,9606.ENSP00000494896,TECTB,2
15518,9606.ENSP00000494957,UBE2T,2
15519,9606.ENSP00000494965,HARS2,3
15520,9606.ENSP00000495061,PITX2,1
15521,9606.ENSP00000495112,NMNAT3,2
15522,9606.ENSP00000495128,SRP72,2
15523,9606.ENSP00000495192,H2BE1,2
15524,9606.ENSP00000495202,TBCE-2,2
15525,9606.ENSP00000495203,KCTD11,1
15526,9606.ENSP00000495214,SPTA1,1
15527,9606.ENSP00000495240,CHD8,1
15528,9606.ENSP00000495247,MANBA,1
15529,9606.ENSP00000495273,RPS7,2
15530,9606.ENSP00000495274,AP3D1,1
15531,9606.ENSP00000495332,SLC12A1,1
15532,9606.ENSP00000495360,CTNNB1,2
15533,9606.ENSP00000495385,SLC19A3,1
15534,9606.ENSP00000495398,MUC19,2
15535,9606.ENSP00000495413,TRIM66,3
15536,9606.ENSP00000495463,ASAH2B,2
15537,9606.ENSP00000495481,MYO15A,1
15538,9606.ENSP00000495530,ENO1,1
15539,9606.ENSP00000495537,RPGR,3
15540,9606.ENSP00000495556,TBL1X,3
15541,9606.ENSP00000495557,KCNJ10,1
15542,9606.ENSP00000495563,VPS45,2
15543,9606.ENSP00000495564,GRHL2,4
15544,9606.ENSP00000495612,MEA1,4
15545,9606.ENSP00000495631,ARHGEF7,4
15546,9606.ENSP00000495672,RPL35A,11
15547,9606.ENSP00000495710,ACBD6,4
15548,9606.ENSP00000495715,ENSP00000495715,2
15549,9606.ENSP00000495718,POU4F3,1
15550,9606.ENSP00000495726,IQSEC2,1
15551,9606.ENSP00000495750,GSS,2
15552,9606.ENSP00000495778,ABHD5,2
15553,9606.ENSP00000495795,SPG7,2
15554,9606.ENSP00000495811,NDP,2
15555,9606.ENSP00000495855,PJVK,1
15556,9606.ENSP00000495860,TRPM7,1
15557,9606.ENSP00000495909,SPTB,3
15558,9606.ENSP00000495951,KITLG,1
15559,9606.ENSP00000495965,MYO3A,1
15560,9606.ENSP00000495986,TBX4,1
15561,9606.ENSP00000495988,CTXN2,1
15562,9606.ENSP00000495996,POU3F4,3
15563,9606.ENSP00000496007,SYNGAP1,4
15564,9606.ENSP00000496014,H3Y1,1
15565,9606.ENSP00000496019,LRTOMT-2,1
15566,9606.ENSP00000496044,POLR1C,1
15567,9606.ENSP00000496114,SCN7A,2
15568,9606.ENSP00000496129,PRKCB,1
15569,9606.ENSP00000496150,CYP2D6,3
15570,9606.ENSP00000496158,ENSP00000496158,1
15571,9606.ENSP00000496166,ALDOA,1
15572,9606.ENSP00000496168,BCL11A,3
15573,9606.ENSP00000496184,SLC52A2,2
15574,9606.ENSP00000496197,ENSP00000496197,2
15575,9606.ENSP00000496229,KIF25,6
15576,9606.ENSP00000496241,SLC33A1,4
15577,9606.ENSP00000496250,RPL11,1
15578,9606.ENSP00000496255,EYA1,1
15579,9606.ENSP00000496268,SGCE,1
15580,9606.ENSP00000496301,TRIM8,1
15581,9606.ENSP00000496339,SLC18A2,1
15582,9606.ENSP00000496355,TLR5,1
15583,9606.ENSP00000496394,TRIOBP,1
15584,9606.ENSP00000496396,AVPR2,1
15585,9606.ENSP00000496414,RDX,1
15586,9606.ENSP00000496415,FOXF2,2
15587,9606.ENSP00000496416,CD8B2,1
15588,9606.ENSP00000496422,TCEAL9,4
15589,9606.ENSP00000496438,S1PR2,2
15590,9606.ENSP00000496491,SEMA3E,1
15591,9606.ENSP00000496494,TPM2,2
15592,9606.ENSP00000496496,TRMU,2
15593,9606.ENSP00000496564,OTOA,5
15594,9606.ENSP00000496577,SOCS1,1
15595,9606.ENSP00000496593,ESPN,1
15596,9606.ENSP00000496597,PFKM,1
15597,9606.ENSP00000496625,CYP21A2,1
15598,9606.ENSP00000496695,ATXN3,1
15599,9606.ENSP00000496699,CHAMP1,1
15600,9606.ENSP00000496713,TUBB8B,2
15601,9606.ENSP00000496779,LZTR1,1
15602,9606.ENSP00000496793,COL9A3,1
15603,9606.ENSP00000496813,GET1,1
15604,9606.ENSP00000496817,ENSP00000496817,1
15605,9606.ENSP00000496832,ISG15,1
15606,9606.ENSP00000496842,PNISR,1
15607,9606.ENSP00000496848,HLA-DOB,1
15608,9606.ENSP00000496870,LRP2,1
15609,9606.ENSP00000496921,MCTS2P,4
15610,9606.ENSP00000496939,KCNN4,2
15611,9606.ENSP00000496954,MYO1C,2
15612,9606.ENSP00000496959,ITGAM,2
15613,9606.ENSP00000496982,ENSP00000496982,1
15614,9606.ENSP00000497004,MRPL28,3
15615,9606.ENSP00000497008,MMAA,1
15616,9606.ENSP00000497053,H3Y2,1
15617,9606.ENSP00000497069,IGF1R,4
15618,9606.ENSP00000497070,FEZ1,1
15619,9606.ENSP00000497102,CTLA4,6
15620,9606.ENSP00000497104,SH3BP1,1
15621,9606.ENSP00000497110,GRM6,1
15622,9606.ENSP00000497112,HOXA13,1
15623,9606.ENSP00000497160,EIF2B5,1
15624,9606.ENSP00000497164,NNAT,1
15625,9606.ENSP00000497174,DYNC2H1,1
15626,9606.ENSP00000497183,CCBE1,1
15627,9606.ENSP00000497185,TRIM16,1
15628,9606.ENSP00000497217,FOXL2,1
15629,9606.ENSP00000497221,ITM2B,1
15630,9606.ENSP00000497225,PCMT1,2
15631,9606.ENSP00000497230,ENOSF1,1
15632,9606.ENSP00000497236,ALAS2,1
15633,9606.ENSP00000497249,CRYBB1,3
15634,9606.ENSP00000497260,GNAI1,2
15635,9606.ENSP00000497271,IFIH1,1
15636,9606.ENSP00000497274,ABCC2,3
15637,9606.ENSP00000497280,AGK,3
15638,9606.ENSP00000497290,CDH5,1
15639,9606.ENSP00000497294,LHB,1
15640,9606.ENSP00000497305,ENSP00000497305,1
15641,9606.ENSP00000497308,ZDBF2,2
15642,9606.ENSP00000497310,ALX3,2
15643,9606.ENSP00000497326,CPOX,1
15644,9606.ENSP00000497351,GAN,1
15645,9606.ENSP00000497382,CD53,4
15646,9606.ENSP00000497401,TRIM60,3
15647,9606.ENSP00000497402,RCC1,1
15648,9606.ENSP00000497406,SETBP1,1
15649,9606.ENSP00000497413,BBS10,1
15650,9606.ENSP00000497422,EIF4E1B,1
15651,9606.ENSP00000497423,SLC35B1,1
15652,9606.ENSP00000497443,ENSP00000497443,1
15653,9606.ENSP00000497444,LRPAP1,1
15654,9606.ENSP00000497474,COX7B,1
15655,9606.ENSP00000497479,MYT1L,1
15656,9606.ENSP00000497482,RTL1,1
15657,9606.ENSP00000497483,DHH,1
15658,9606.ENSP00000497509,ENSP00000497509,2
15659,9606.ENSP00000497510,MKKS-2,1
15660,9606.ENSP00000497527,INPP5F,1
15661,9606.ENSP00000497532,SLC25A38,2
15662,9606.ENSP00000497550,PI16,1
15663,9606.ENSP00000497569,DARS2,1
15664,9606.ENSP00000497574,GCLC,2
15665,9606.ENSP00000497585,FOXP1-2,1
15666,9606.ENSP00000497587,NDUFV1,1
15667,9606.ENSP00000497588,PTP4A1,3
15668,9606.ENSP00000497590,PNRC2,1
15669,9606.ENSP00000497594,UBE3A,1
15670,9606.ENSP00000497609,INO80,3
15671,9606.ENSP00000497641,EIF4A3,1
15672,9606.ENSP00000497642,LPL,2
15673,9606.ENSP00000497651,TMPRSS9,1
15674,9606.ENSP00000497653,COL17A1,3
15675,9606.ENSP00000497669,COG8,2
15676,9606.ENSP00000497690,LMBRD1,1
15677,9606.ENSP00000497691,APLP2,1
15678,9606.ENSP00000497720,MPIG6B,1
15679,9606.ENSP00000497733,CDC42,2
15680,9606.ENSP00000497737,EDC3,1
15681,9606.ENSP00000497744,CTPS1,2
15682,9606.ENSP00000497748,BMPER,2
15683,9606.ENSP00000497759,FOXC2,1
15684,9606.ENSP00000497767,ALDOB,3
15685,9606.ENSP00000497777,EPB42,2
15686,9606.ENSP00000497784,ALOX12B,1
15687,9606.ENSP00000497806,DLG4,1
15688,9606.ENSP00000497810,MAGEL2,3
15689,9606.ENSP00000497815,AP5Z1,1
15690,9606.ENSP00000497829,CHRNE,1
15691,9606.ENSP00000497880,NACA-2,2
15692,9606.ENSP00000497896,ATP8B1,1
15693,9606.ENSP00000497910,B2M,3
15694,9606.ENSP00000497915,IL21,1
15695,9606.ENSP00000497916,NDN,5
15696,9606.ENSP00000497931,ABCB11,1
15697,9606.ENSP00000497948,TTC37,1
15698,9606.ENSP00000497968,IL17A,1
15699,9606.ENSP00000497997,MALT1,1
15700,9606.ENSP00000498010,ENSP00000498010,1
15701,9606.ENSP00000498019,RPS17,1
15702,9606.ENSP00000498042,DCLRE1B,5
15703,9606.ENSP00000498060,RAMACL,5
15704,9606.ENSP00000498065,CA5A,4
15705,9606.ENSP00000498071,CARD14,4
15706,9606.ENSP00000498074,ENPP1,7
15707,9606.ENSP00000498083,MKNK1,2
15708,9606.ENSP00000498104,BCL10,3
15709,9606.ENSP00000498116,DLX5,1
15710,9606.ENSP00000498132,CAPN5,2
15711,9606.ENSP00000498136,CCDC186,3
15712,9606.ENSP00000498161,TPRA1,1
15713,9606.ENSP00000498190,HESX1,3
15714,9606.ENSP00000498198,KCNK9,1
15715,9606.ENSP00000498215,FANCB,1
15716,9606.ENSP00000498217,ALX4,5
15717,9606.ENSP00000498227,SELL,1
15718,9606.ENSP00000498228,PLAAT1,2
15719,9606.ENSP00000498241,INKA1,2
15720,9606.ENSP00000498246,ABCG2,1
15721,9606.ENSP00000498251,MTUS2,3
15722,9606.ENSP00000498255,UBE2W,1
15723,9606.ENSP00000498258,GPR55,3
15724,9606.ENSP00000498260,ACSL6,1
15725,9606.ENSP00000498268,DCAKD,2
15726,9606.ENSP00000498282,BSND,1
15727,9606.ENSP00000498321,MYD88,1
15728,9606.ENSP00000498322,LHFPL5,1
15729,9606.ENSP00000498330,PPP3R2,1
15730,9606.ENSP00000498336,MTHFD1,1
15731,9606.ENSP00000498358,FECH,3
15732,9606.ENSP00000498362,PQBP1,1
15733,9606.ENSP00000498374,ALPK1,1
15734,9606.ENSP00000498382,DEPDC5,1
15735,9606.ENSP00000498386,KYAT1-2,6
15736,9606.ENSP00000498402,SUMF2,6
15737,9606.ENSP00000498408,ENSP00000498408,6
15738,9606.ENSP00000498424,CYP26C1,6
15739,9606.ENSP00000498441,FGA,6
15740,9606.ENSP00000498466,FAS,6
15741,9606.ENSP00000498469,POLR3G,3
15742,9606.ENSP00000498476,MAP1LC3B,3
15743,9606.ENSP00000498497,SPDYE14,1
15744,9606.ENSP00000498499,CTC1,2
15745,9606.ENSP00000498510,SPDYE11,2
15746,9606.ENSP00000498512,ADAM20,2
15747,9606.ENSP00000498533,LRRC55,1
15748,9606.ENSP00000498569,NFE4,1
15749,9606.ENSP00000498577,TPM3,2
15750,9606.ENSP00000498587,NOTCH1,5
15751,9606.ENSP00000498596,STING1,1
15752,9606.ENSP00000498602,ELMO3,1
15753,9606.ENSP00000498603,WDR26,1
15754,9606.ENSP00000498610,SLC29A1,2
15755,9606.ENSP00000498616,MYT1,1
15756,9606.ENSP00000498622,MIP,1
15757,9606.ENSP00000498627,ZFHX4,1
15758,9606.ENSP00000498630,IL31RA,2
15759,9606.ENSP00000498653,DEK,1
15760,9606.ENSP00000498656,PWWP3A,2
15761,9606.ENSP00000498660,B3GALNT1,1
15762,9606.ENSP00000498662,LRRC4B,1
15763,9606.ENSP00000498665,MYCBPAP,1
15764,9606.ENSP00000498671,MRTFA,1
15765,9606.ENSP00000498684,FHL1,1
15766,9606.ENSP00000498700,BICD1,2
15767,9606.ENSP00000498702,GPR68,1
15768,9606.ENSP00000498711,RDH8,3
15769,9606.ENSP00000498715,INTS14,2
15770,9606.ENSP00000498737,PRKY,2
15771,9606.ENSP00000498748,GREM1,2
15772,9606.ENSP00000498750,CCNH,2
15773,9606.ENSP00000498757,CHRNG,2
15774,9606.ENSP00000498766,DSPP,2
15775,9606.ENSP00000498772,CLN5,1
15776,9606.ENSP00000498784,MCM8-2,2
15777,9606.ENSP00000498786,HMBS,1
15778,9606.ENSP00000498791,MED19,1
15779,9606.ENSP00000498801,ENSP00000498801,1
15780,9606.ENSP00000498803,KRI1,2
15781,9606.ENSP00000498807,BIN2,1
15782,9606.ENSP00000498819,SPDYE8P,1
15783,9606.ENSP00000498852,SPN,1
15784,9606.ENSP00000498853,NIF3L1,1
15785,9606.ENSP00000498864,PDK3,1
15786,9606.ENSP00000498867,LARS2,2
15787,9606.ENSP00000498872,SNX6,1
15788,9606.ENSP00000498875,ZC3H11B,1
15789,9606.ENSP00000498879,CD59,1
15790,9606.ENSP00000498881,ERCC5,1
15791,9606.ENSP00000498888,PANK4,1
15792,9606.ENSP00000498905,CRYBB2,1
15793,9606.ENSP00000498934,GPRASP1,2
15794,9606.ENSP00000498939,CYP3A4,2
15795,9606.ENSP00000498945,SPDYE9P,1
15796,9606.ENSP00000498976,GPR19,1
15797,9606.ENSP00000498991,LOC114841035,1
15798,9606.ENSP00000498994,PC,1
15799,9606.ENSP00000498999,FBXW8,2
15800,9606.ENSP00000499020,ESYT2,2
15801,9606.ENSP00000499037,CBLB,1
15802,9606.ENSP00000499044,RPS27,1
15803,9606.ENSP00000499058,DIABLO,1
15804,9606.ENSP00000499067,EIF3L,1
15805,9606.ENSP00000499074,IVD,2
15806,9606.ENSP00000499089,PREP,2
15807,9606.ENSP00000499092,GPRC5C,1
15808,9606.ENSP00000499121,NR1H2,1
15809,9606.ENSP00000499123,MS4A4E,1
15810,9606.ENSP00000499129,PDIA4,1
15811,9606.ENSP00000499131,ZNF394,1
15812,9606.ENSP00000499140,CES2,1
15813,9606.ENSP00000499185,ENC1,2
15814,9606.ENSP00000499192,TSPY9P,1
15815,9606.ENSP00000499199,SCLY,1
15816,9606.ENSP00000499200,ENSP00000499200,1
15817,9606.ENSP00000499205,BLACAT1,2
15818,9606.ENSP00000499211,CARD8,2
15819,9606.ENSP00000499232,ARHGAP9,1
15820,9606.ENSP00000499238,NUSAP1,1
15821,9606.ENSP00000499241,SLMAP,1
15822,9606.ENSP00000499289,S100A2,1
15823,9606.ENSP00000499300,KCNJ8,1
15824,9606.ENSP00000499371,ERCC6L2,1
15825,9606.ENSP00000499387,SDF4,1
15826,9606.ENSP00000499406,MYL3,1
15827,9606.ENSP00000499422,CUTA,1
15828,9606.ENSP00000499459,IL19,2
15829,9606.ENSP00000499465,AMPD2,1
15830,9606.ENSP00000499466,PIN4,1
15831,9606.ENSP00000499501,H3-2,3
15832,9606.ENSP00000499522,FBXW4,1
15833,9606.ENSP00000499569,SCN11A,1
15834,9606.ENSP00000499582,MANF,1
15835,9606.ENSP00000499593,TNNT2,5
15836,9606.ENSP00000499655,ARHGEF18-2,2
15837,9606.ENSP00000499683,SFTPB,1
15838,9606.ENSP00000499695,UCP2,1
15839,9606.ENSP00000499717,CALM1,1
15840,9606.ENSP00000499734,ENSP00000499734,1
15841,9606.ENSP00000499750,SOCS7,1
15842,9606.ENSP00000499751,ASB3,1
15843,9606.ENSP00000499786,ITCH,1
15844,9606.ENSP00000499795,PRYP3,1
15845,9606.ENSP00000499797,CALM2,1
15846,9606.ENSP00000499846,CNK3/IPCEF1,1
15847,9606.ENSP00000499883,ATP5MC2,1
15848,9606.ENSP00000499900,JAK1,1
15849,9606.ENSP00000499935,AK2,1
15850,9606.ENSP00000500034,ATP8B2,2
15851,9606.ENSP00000500094,ATAD3B,1
15852,9606.ENSP00000500193,BTD,1
15853,9606.ENSP00000500220,ARSL,1
15854,9606.ENSP00000500237,DPEP3,2
15855,9606.ENSP00000500339,ENSP00000500339,1
15856,9606.ENSP00000500386,CAMK2A,1
15857,9606.ENSP00000500409,ARHGAP35,1
15858,9606.ENSP00000500443,HHLA1,1
15859,9606.ENSP00000500582,AKT3,1
15860,9606.ENSP00000500595,OTX2,1
15861,9606.ENSP00000500633,ETNK1,1
15862,9606.ENSP00000500695,AP1S2,1
15863,9606.ENSP00000500891,MUTYH,1
15864,9606.ENSP00000500934,MFSD4B,2
15865,9606.ENSP00000500939,C2orf66,2
15866,9606.ENSP00000500990,SNCA,1
15867,9606.ENSP00000501026,DUS4L-BCAP29,1
15868,9606.ENSP00000501053,ADCY7,1
15869,9606.ENSP00000501085,CCDC180,1
15870,9606.ENSP00000501092,TFAP2A,3
15871,9606.ENSP00000501093,GKN1,8
15872,9606.ENSP00000501111,CEL,3
15873,9606.ENSP00000501135,URM1,3
15874,9606.ENSP00000501146,HNF4G,1
15875,9606.ENSP00000501150,PIK3CB,3
15876,9606.ENSP00000501180,MAS1,6
15877,9606.ENSP00000501201,TCP11,6
15878,9606.ENSP00000501245,CD1D,3
15879,9606.ENSP00000501254,ALDH3B2,3
15880,9606.ENSP00000501277,LDB1,1
15881,9606.ENSP00000501317,RFX7,1
